respondent_id,age,gender,field_of_study,sleep_hours,physical_activity_hrs_per_week,caffeine_intake_mg_per_day,academic_stress_level_1_10,resting_heart_rate_bpm,diet_quality_1_10,pre_exam_anxiety_level_1_10,screen_time_hrs_per_day,social_media_hrs_per_day,screen_time_before_bed_minutes,notifications_per_day,uses_productivity_app,favorite_content_type,study_hours_per_week,procrastination_level_1_10,frequently_procrastinates,class_attendance_percent,late_assignments_per_semester,gpa,family_academic_achievement_history,takes_extra_tutoring,major_life_event_this_semester,digital_academic_wellbeing_level
STU-00001,48,Other,Information Systems,7.6,3.3,399.0,10,66,2,6,14.2,5.5,48,75,Yes,Social Media/Trends,0.0,6,No,82.5,4,2.17,No,Yes,Yes,Medium
STU-00004,28,Male,Other Program,6.5,5.6,131.0,8,76,9,3,6.3,8.0,91,150,No,Gaming,0.0,3,No,97.9,2,2.43,No,Yes,No,Low
STU-00005,31,Female,Culinary Arts,2.3,2.0,518.0,10,115,2,8,11.6,2.5,4,75,No,Education,9.1,9,Yes,73.3,3,2.06,Yes,Yes,Yes,Low
STU-00006,51,Male,Biology/Science,6.1,8.4,276.0,10,60,1,4,6.3,6.7,8,0,No,Social Media/Trends,6.8,4,No,88.6,4,2.6,Yes,Yes,Yes,Low
STU-00008,33,Male,Law,5.7,3.8,327.0,9,64,2,3,14.2,4.2,59,38,Yes,Social Media/Trends,0.0,10,Yes,77.2,4,1.95,No,Yes,Yes,Low
STU-00010,63,Other,Fine Arts,5.5,5.4,122.0,7,118,5,3,1.9,8.0,13,75,Yes,Gaming,11.4,5,No,83.3,3,2.27,Yes,No,Yes,Low
STU-00011,31,Female,Law,4.6,0.5,492.0,9,108,2,9,8.1,2.5,40,75,No,Social Media/Trends,9.1,5,No,83.4,0,2.53,Yes,Yes,No,Low
STU-00012,40,Male,Electrical Engineering,8.1,1.0,590.0,2,83,9,2,2.8,2.9,15,0,Yes,Entertainment,6.8,8,No,71.4,7,2.19,Yes,Yes,Yes,Medium
STU-00014,21,Other,Fine Arts,7.6,1.5,263.0,6,63,6,2,15.1,1.3,34,0,Yes,Social Media/Trends,0.0,3,Yes,100.0,3,2.52,No,No,Yes,High
STU-00016,41,Male,Nursing,6.9,6.6,193.0,8,63,1,5,10.7,0.4,27,112,No,News,11.4,7,No,64.8,3,2.05,Yes,No,No,Low
STU-00019,35,Male,Sports Science,7.0,2.5,276.0,2,95,4,2,3.6,3.8,52,38,Yes,Education,0.0,2,No,99.0,0,2.77,No,Yes,Yes,High
STU-00020,39,Other,Culinary Arts,6.4,2.4,364.0,2,114,8,1,16.0,,37,112,No,Gaming,0.0,3,No,86.3,3,2.69,No,No,Yes,Medium
STU-00025,59,Other,Nursing,7.4,1.4,373.0,2,77,7,4,1.9,2.1,49,112,Yes,Education,0.0,7,No,64.1,8,2.4,No,No,No,Medium
STU-00026,56,Female,Education,5.7,1.0,69.0,4,107,4,3,14.2,0.8,40,0,Yes,Social Media/Trends,6.8,7,Yes,82.4,2,2.32,Yes,Yes,Yes,Low
STU-00028,27,Other,Other Program,5.0,2.5,286.0,7,99,3,1,7.2,6.3,0,75,Yes,Education,0.0,5,No,77.6,4,2.37,No,No,No,Low
STU-00029,48,Male,Fine Arts,7.4,1.6,212.0,9,114,2,3,8.1,4.6,53,150,Yes,Entertainment,0.0,9,Yes,76.5,1,2.18,No,No,Yes,Low
STU-00032,55,Male,Nursing,7.0,2.0,294.0,1,78,6,4,16.0,1.7,3,112,No,Gaming,18.2,3,No,71.8,2,2.81,Yes,No,Yes,Low
STU-00033,28,Male,Fine Arts,5.9,6.0,194.0,1,96,10,3,2.8,3.4,17,75,Yes,Gaming,,5,Yes,87.6,3,3.06,Yes,Yes,No,High
STU-00035,46,Male,Biology/Science,4.5,3.6,548.0,2,101,4,3,3.6,7.2,31,0,Yes,Entertainment,4.5,6,Yes,63.5,2,2.5,Yes,Yes,No,Low
STU-00036,49,Other,Information Systems,6.3,3.1,211.0,10,103,8,5,8.9,2.5,27,38,No,Gaming,4.5,6,Yes,68.4,3,2.62,No,No,Yes,Low
STU-00037,54,Other,Biology/Science,4.8,3.5,253.0,7,62,2,4,7.2,0.8,22,0,Yes,Entertainment,4.5,10,Yes,68.0,1,2.39,No,Yes,Yes,Medium
STU-00038,33,Other,Fine Arts,8.0,5.4,123.0,10,70,5,3,3.6,2.9,44,0,No,Entertainment,2.3,7,Yes,94.6,2,2.52,No,Yes,No,Medium
STU-00039,25,Female,Fine Arts,7.4,3.8,145.0,4,70,3,1,1.0,7.2,78,0,No,Gaming,4.5,5,No,85.9,1,2.6,Yes,Yes,No,Low
STU-00040,53,Male,Electrical Engineering,7.5,1.8,490.0,5,78,9,3,15.1,0.4,52,112,Yes,Entertainment,2.3,2,No,73.7,3,1.9,No,Yes,No,Medium
STU-00041,22,Other,Sports Science,8.0,3.9,68.0,6,88,8,3,5.4,1.7,53,75,Yes,Social Media/Trends,4.5,2,No,85.1,0,3.12,Yes,No,No,High
STU-00043,36,Female,Computer Science,7.3,1.5,119.0,4,65,10,3,3.6,5.9,23,112,No,Gaming,2.3,3,No,92.5,6,2.54,No,Yes,Yes,Medium
STU-00044,45,Male,Computer Science,4.8,0.9,593.0,9,100,4,10,16.0,3.8,0,112,Yes,Education,9.1,9,Yes,88.5,6,2.29,Yes,No,No,Medium
STU-00045,44,Female,Electrical Engineering,5.1,0.4,390.0,6,61,2,3,1.9,2.9,55,112,Yes,Social Media/Trends,4.5,8,No,77.1,6,2.57,No,No,No,Medium
STU-00046,20,Male,Culinary Arts,7.0,3.9,382.0,1,90,3,2,3.6,6.3,36,38,No,Social Media/Trends,2.3,5,No,69.5,1,2.06,No,Yes,No,Low
STU-00047,49,Male,Medicine,5.1,4.5,369.0,10,84,2,5,13.4,7.2,40,38,No,Gaming,9.1,4,Yes,90.7,2,2.58,Yes,Yes,Yes,Low
STU-00048,53,Male,Visual Communication Design,7.5,4.5,250.0,8,63,5,3,2.8,3.8,8,112,Yes,Social Media/Trends,2.3,4,Yes,85.2,6,2.67,No,No,Yes,High
STU-00049,28,Other,Culinary Arts,6.8,2.9,114.0,4,114,7,3,12.5,3.4,36,112,No,Gaming,4.5,9,Yes,88.6,4,1.8,Yes,Yes,No,Low
STU-00050,44,Other,Nursing,7.4,2.5,209.0,4,103,10,3,11.6,1.3,56,38,No,Education,2.3,6,No,67.6,2,2.79,No,No,No,Low
STU-00051,45,male,Medicine,5.8,7.4,597.0,2,105,1,3,16.0,3.8,14,112,Yes,Education,4.5,7,No,,4,2.13,No,No,No,Low
STU-00052,42,Female,Culinary Arts,6.5,0.2,231.0,10,85,3,4,13.4,2.9,40,150,Yes,Education,,7,No,78.8,5,2.1,No,No,No,Low
STU-00053,23,Male,Nursing,6.7,0.9,328.0,6,87,9,4,5.4,0.4,4,150,Yes,News,6.8,7,Yes,77.1,7,1.94,No,No,No,Medium
STU-00054,29,Other,Other Program,4.8,1.4,291.0,7,64,5,4,3.6,5.5,13,150,Yes,Education,0.0,3,No,100.0,1,2.7,No,No,No,High
STU-00055,21,Male,Fine Arts,6.2,5.4,243.0,3,80,4,3,10.7,8.0,60,150,Yes,Gaming,4.5,8,Yes,77.4,3,2.23,Yes,No,No,Low
STU-00056,55,Female,Biology/Science,7.7,5.3,,6,104,3,1,12.5,4.6,43,38,No,Gaming,0.0,7,Yes,87.2,3,1.97,No,No,Yes,Low
STU-00057,43,Other,Nursing,6.7,0.6,278.0,1,113,10,2,13.4,0.4,62,75,Yes,News,2.3,7,Yes,70.6,5,1.94,No,No,No,Medium
STU-00058,23,Female,Medicine,8.1,0.8,453.0,7,60,9,3,15.1,1.3,23,38,Yes,News,4.5,5,No,,3,2.75,No,No,Yes,High
STU-00060,58,Female,Culinary Arts,7.7,7.0,256.0,6,78,4,4,10.7,3.4,19,150,No,Gaming,0.0,4,Yes,75.0,5,2.18,Yes,No,No,Medium
STU-00062,56,Male,Information Systems,7.1,5.4,292.0,8,60,10,3,10.7,7.2,22,75,No,Entertainment,6.8,9,Yes,55.4,3,2.12,Yes,Yes,No,Low
STU-00063,40,Male,Fine Arts,6.0,3.9,181.0,5,107,8,5,7.2,0.0,52,0,No,News,6.8,6,No,65.6,8,2.71,No,No,No,Low
STU-00064,36,Other,Information Systems,4.3,1.4,190.0,3,117,1,1,8.9,0.8,43,112,No,Entertainment,4.5,7,Yes,68.3,7,2.2,Yes,Yes,Yes,Low
STU-00065,41,Male,Nursing,5.9,2.9,153.0,4,79,1,5,13.4,7.6,51,38,Yes,Gaming,0.0,9,Yes,80.4,3,1.71,No,No,Yes,Low
STU-00066,32,Female,Culinary Arts,6.3,3.1,123.0,1,81,4,3,8.1,7.6,53,150,Yes,Social Media/Trends,6.8,1,No,83.8,2,2.75,Yes,Yes,Yes,Medium
STU-00067,19 yrs,Other,Law,9.1,2.4,462.0,5,71,2,4,8.1,0.0,8,38,No,Entertainment,11.4,9,Yes,85.0,3,2.68,Yes,Yes,Yes,Medium
STU-00068,50,Male,Nursing,7.0,1.9,276.0,5,89,4,4,12.5,6.7,40,112,No,News,13.6,7,Yes,80.6,3,2.39,Yes,Yes,No,Low
STU-00069,63,Female,Visual Communication Design,7.4,3.1,143.0,1,83,10,2,13.4,6.3,11,38,Yes,Gaming,0.0,6,No,93.4,2,1.89,Yes,Yes,No,Medium
STU-00070,25,Female,Law,5.6,5.8,485.0,5,78,6,4,8.1,0.4,31,75,Yes,Entertainment,4.5,9,Yes,86.2,5,2.25,Yes,Yes,Yes,Medium
STU-00071,61,Male,Sports Science,5.6,5.2,268.0,1,89,7,4,12.5,2.1,27,112,No,Entertainment,9.1,7,Yes,91.3,4,2.19,Yes,Yes,No,Low
STU-00073,60,Other,Culinary Arts,7.4,2.7,102.0,10,73,10,5,14.2,7.6,30,112,No,Entertainment,2.3,3,No,98.7,3,2.54,No,No,No,Low
STU-00074,58,Other,Electrical Engineering,5.4,2.7,512.0,4,101,10,5,8.1,0.0,13,75,No,Education,2.3,5,Yes,66.8,4,2.07,Yes,Yes,No,Low
STU-00075,39,Male,Biology/Science,7.6,3.8,445.0,5,83,8,2,5.4,5.5,51,0,No,Social Media/Trends,2.3,5,Yes,84.3,1,2.53,No,No,No,Low
STU-00076,50,Female,Other Program,5.7,3.9,186.0,8,112,10,4,9.8,3.8,11,75,Yes,Entertainment,9.1,9,Yes,89.5,5,2.45,Yes,No,No,Medium
STU-00077,61,Female,Nursing,6.4,3.4,347.0,8,70,9,5,1.0,5.1,114,38,No,Education,0.0,5,No,74.7,3,2.22,No,Yes,No,Low
STU-00079,55,Female,Fine Arts,4.8,3.2,219.0,7,92,7,3,8.9,0.4,52,38,No,Gaming,,1,No,100.0,3,2.73,No,No,No,Medium
STU-00080,30,Female,Information Systems,3.5,1.1,414.0,10,112,2,9,14.2,2.9,0,75,No,Gaming,18.2,9,Yes,,2,2.85,No,No,Yes,Low
STU-00082,28,Other,Information Systems,6.8,6.3,376.0,9,94,3,6,13.4,4.6,20,75,Yes,Gaming,6.8,9,Yes,82.9,2,2.0,No,No,No,Medium
STU-00084,30,Other,Education,9.1,5.4,146.0,3,106,4,1,10.7,2.1,12,0,Yes,Social Media/Trends,0.0,7,Yes,90.1,3,2.11,No,No,No,High
STU-00085,58,Male,Fine Arts,7.1,3.5,293.0,1,117,10,2,10.7,0.8,6,75,No,Entertainment,6.8,1,No,89.0,2,2.71,Yes,Yes,Yes,Medium
STU-00086,37,Female,Other Program,6.5,3.0,200.0,10,108,8,6,8.1,3.8,14,150,Yes,Education,4.5,6,Yes,100.0,2,2.52,Yes,No,Yes,Medium
STU-00087,24,Male,Electrical Engineering,7.0,2.8,463.0,9,71,9,5,14.2,,23,75,Yes,Social Media/Trends,6.8,2,No,73.2,2,2.54,Yes,No,No,Medium
STU-00088,54,Other,Culinary Arts,7.1,3.3,315.0,7,81,10,5,8.1,6.7,49,0,Yes,Education,2.3,4,Yes,80.6,1,2.05,No,Yes,No,Medium
STU-00089,29,Female,Electrical Engineering,6.2,4.7,508.0,7,99,9,7,12.5,8.0,14,75,Yes,Gaming,4.5,3,No,81.2,9,2.7,No,No,Yes,High
STU-00091,36,Female,Fine Arts,6.3,2.4,120.0,4,97,3,2,9.8,1.3,17,75,Yes,Social Media/Trends,0.0,4,No,78.6,4,2.24,No,Yes,Yes,Medium
STU-00092,51,Other,Electrical Engineering,8.6,3.7,261.0,1,66,5,2,3.6,3.8,0,112,Yes,Gaming,11.4,2,No,84.7,4,2.78,Yes,No,No,High
STU-00093,24,Male,Information Systems,7.9,6.6,152.0,3,92,6,3,4.5,2.9,20,150,No,Education,11.4,8,Yes,70.5,2,2.65,Yes,Yes,No,High
STU-00094,39,Male,Information Systems,4.1,1.7,448.0,10,96,4,8,13.4,5.9,33,112,Yes,Social Media/Trends,13.6,1,No,85.2,5,2.76,No,Yes,Yes,Low
STU-00096,36,Female,Nursing,5.2,1.9,175.0,7,80,10,5,48.0,7.2,14,0,Yes,Entertainment,4.5,2,No,97.1,4,2.92,No,Yes,No,High
STU-00097,24,Female,Fine Arts,8.0,2.7,186.0,2,105,5,2,14.2,3.4,68,112,Yes,Gaming,0.0,3,No,83.7,3,1.89,No,Yes,No,High
STU-00098,56,Male,Visual Communication Design,5.2,5.4,236.0,8,100,1,6,3.6,6.3,0,75,Yes,Entertainment,9.1,8,Yes,,2,2.48,Yes,No,Yes,Low
STU-00099,27,Other,Culinary Arts,7.2,5.2,252.0,4,99,5,3,8.9,4.6,26,150,Yes,News,6.8,9,Yes,94.4,2,2.16,Yes,Yes,No,Medium
STU-00100,56,male,Visual Communication Design,5.6,3.6,267.0,10,75,10,5,1.0,7.6,56,112,No,Gaming,2.3,7,Yes,77.9,6,2.4,No,Yes,No,Low
STU-00101,20,Other,Culinary Arts,9.3,3.2,360.0,10,87,5,4,5.4,3.4,19,150,Yes,News,4.5,8,Yes,75.4,6,2.29,Yes,No,No,High
STU-00102,57,Female,Medicine,8.4,5.3,326.0,6,98,4,3,11.6,,13,75,Yes,Gaming,2.3,4,No,92.5,0,2.2,No,Yes,Yes,High
STU-00103,42,FEMALE,Law,7.5,4.4,304.0,3,113,6,3,4.5,0.0,53,38,Yes,Entertainment,2.3,10,Yes,88.7,3,2.08,No,No,Yes,Low
STU-00104,64,Male,Computer Science,6.6,3.5,231.0,5,88,8,2,6.3,5.9,53,112,Yes,Gaming,2.3,2,No,75.9,3,2.37,Yes,No,Yes,Low
STU-00105,19,female,Law,7.0,2.4,500.0,2,73,8,1,13.4,5.5,20,75,Yes,Gaming,0.0,10,Yes,55.8,6,1.79,No,No,Yes,Low
STU-00107,51,Female,Education,5.8,3.4,69.0,10,101,7,4,1.9,1.3,90,38,Yes,Education,4.5,5,Yes,95.4,5,2.04,Yes,No,No,Low
STU-00108,18,male,Other Program,7.2,4.4,187.0,8,82,8,4,12.5,2.9,0,38,No,Gaming,0.0,6,Yes,75.8,3,2.02,No,No,No,Medium
STU-00110,29,Other,Computer Science,8.4,3.5,330.0,10,114,4,4,15.1,1.3,57,112,No,Social Media/Trends,2.3,5,No,73.9,3,2.21,No,Yes,Yes,Low
STU-00111,51,Female,Fine Arts,6.3,2.0,89.0,4,95,6,3,5.4,2.5,34,112,Yes,News,11.4,8,Yes,99.0,3,2.53,Yes,Yes,No,Medium
STU-00112,44,Male,Information Systems,6.7,3.0,169.0,9,115,7,4,3.6,0.8,0,38,Yes,Social Media/Trends,0.0,4,Yes,82.1,3,2.49,No,No,Yes,High
STU-00113,60,Female,Biology/Science,4.6,3.0,522.0,2,61,4,2,4.5,2.9,1,0,No,Entertainment,2.3,4,No,82.6,1,2.89,No,Yes,Yes,Low
STU-00114,39,Other,Medicine,9.0,4.3,296.0,8,94,7,4,7.2,5.9,27,75,Yes,Social Media/Trends,6.8,4,No,95.9,5,3.02,Yes,No,Yes,High
STU-00115,35,Male,Education,8.1,0.1,215.0,5,61,1,4,13.4,8.0,29,150,Yes,Gaming,4.5,5,No,95.1,2,2.24,Yes,Yes,No,Medium
STU-00116,40,Other,Computer Science,6.7,0.6,152.0,2,84,6,1,12.5,1.3,12,38,No,Social Media/Trends,0.0,2,No,98.5,7,2.18,No,No,Yes,High
STU-00117,38,Male,Sports Science,7.7,2.5,114.0,4,88,7,2,7.2,0.4,0,0,No,Entertainment,2.3,8,Yes,89.2,6,2.27,No,Yes,No,High
STU-00118,36,Other,Computer Science,7.6,2.2,176.0,8,74,1,4,1.9,5.5,59,112,Yes,Education,2.3,1,No,81.6,5,2.78,Yes,No,No,Medium
STU-00119,31,male,Nursing,7.7,3.0,328.0,10,79,2,5,3.6,6.3,48,112,No,Gaming,2.3,6,Yes,73.8,3,2.18,No,Yes,Yes,Low
STU-00120,30,Female,Other Program,5.9,4.5,,2,90,9,2,8.9,6.3,54,0,Yes,Social Media/Trends,2.3,2,No,80.8,4,2.46,No,Yes,Yes,Medium
STU-00121,54,male,Culinary Arts,5.5,3.6,330.0,3,119,3,2,8.1,6.3,39,75,Yes,Entertainment,,6,No,68.5,3,2.53,Yes,No,Yes,High
STU-00122,52 yrs,Other,Other Program,8.9,2.3,183.0,9,95,5,4,1.0,7.2,26,38,Yes,News,6.8,6,Yes,95.7,4,2.74,Yes,Yes,No,High
STU-00123,49,Other,Sports Science,5.9,0.4,52.0,5,96,9,4,15.1,0.8,61,38,No,Education,2.3,3,No,85.1,4,2.44,No,No,Yes,Medium
STU-00125,32,Male,Information Systems,8.2,3.5,192.0,1,96,4,1,7.2,2.9,104,75,Yes,Social Media/Trends,4.5,3,Yes,96.9,0,2.92,No,No,Yes,High
STU-00126,28,Other,Information Systems,8.0,4.9,365.0,9,119,7,5,1.9,3.4,56,38,No,Entertainment,6.8,3,No,74.3,3,2.51,Yes,Yes,Yes,Low
STU-00128,54,Male,Education,6.1,3.0,158.0,2,102,6,4,3.6,1.3,48,112,Yes,Education,4.5,1,Yes,100.0,5,3.06,Yes,Yes,Yes,High
STU-00129,23,Other,Medicine,8.5,2.5,466.0,1,97,3,4,2.8,4.6,61,150,No,Gaming,9.1,3,No,82.4,3,2.66,Yes,No,Yes,Medium
STU-00130,47,Other,Biology/Science,6.7,2.3,568.0,8,107,3,5,5.4,0.0,56,75,Yes,Gaming,6.8,9,Yes,78.8,5,2.15,No,Yes,Yes,Medium
STU-00131,38,Female,Other Program,4.4,1.0,376.0,8,116,2,8,16.0,2.5,77,75,No,Gaming,18.2,4,No,71.4,7,2.39,Yes,Yes,Yes,Low
STU-00132,52,Other,Law,5.6,2.5,262.0,9,113,7,7,6.3,2.9,0,0,Yes,Entertainment,2.3,2,No,81.4,0,2.61,Yes,No,No,High
STU-00133,50,Male,Nursing,5.5,0.5,160.0,5,92,3,4,1.0,6.7,39,150,No,News,2.3,8,Yes,70.8,5,2.44,No,Yes,No,Low
STU-00134,62,Other,Nursing,7.0,1.1,357.0,6,63,7,3,9.8,0.8,0,112,No,Entertainment,0.0,6,No,79.7,6,2.16,No,Yes,Yes,Low
STU-00135,21,Male,Information Systems,5.2,0.2,556.0,10,101,1,9,16.0,2.1,71,75,No,Entertainment,20.5,5,Yes,86.5,1,2.51,Yes,No,No,Low
STU-00136,51,Female,Electrical Engineering,7.1,0.7,549.0,2,87,10,1,15.1,7.2,74,112,No,Gaming,0.0,3,No,79.9,5,2.0,No,No,No,Low
STU-00137,25,Female,Computer Science,6.4,4.3,353.0,3,79,6,2,16.0,3.4,41,112,No,News,2.3,10,Yes,71.5,3,1.83,No,No,Yes,Low
STU-00139,49,Female,Law,6.5,0.7,271.0,8,109,1,4,10.7,7.2,21,75,Yes,Social Media/Trends,2.3,5,Yes,89.7,6,2.03,No,Yes,Yes,High
STU-00140,58,Female,Fine Arts,5.3,2.5,228.0,2,90,10,4,7.2,2.9,24,38,No,Social Media/Trends,0.0,4,No,73.1,4,2.32,No,No,No,Medium
STU-00141,20 yrs,Female,Nursing,4.4,1.7,304.0,10,96,4,9,10.7,3.8,16,75,No,News,15.9,4,Yes,80.9,2,2.52,Yes,Yes,Yes,Low
STU-00142,44,Male,Other Program,6.0,3.5,,1,60,1,2,13.4,6.7,45,150,Yes,Education,4.5,9,Yes,68.4,3,1.76,No,Yes,No,Low
STU-00143,35,FEMALE,Electrical Engineering,8.1,4.6,330.0,3,68,8,2,8.9,4.2,47,112,No,Education,0.0,9,No,79.8,4,1.79,No,No,No,Low
STU-00144,59,Other,Medicine,6.8,3.8,328.0,2,93,5,2,1.9,7.6,62,112,Yes,Education,4.5,2,No,78.6,2,2.56,No,No,Yes,High
STU-00145,59,Male,Biology/Science,5.1,0.8,290.0,3,82,6,2,10.7,1.7,57,38,No,Social Media/Trends,0.0,9,Yes,62.3,3,2.3,No,Yes,No,Low
STU-00147,59,Other,Information Systems,5.3,2.0,396.0,7,117,1,7,1.9,5.1,0,112,No,Social Media/Trends,6.8,6,Yes,80.3,6,2.24,Yes,No,No,Low
STU-00148,26,Female,Education,8.0,3.8,193.0,1,90,7,2,12.5,3.8,41,38,,News,18.2,10,No,67.5,6,2.53,Yes,Yes,Yes,Low
STU-00149,27,Female,Education,6.7,5.4,34.0,7,108,5,5,1.0,4.6,13,38,No,Social Media/Trends,6.8,8,Yes,76.7,2,2.12,Yes,No,No,Low
STU-00150,53,Male,Sports Science,6.3,2.2,73.0,6,114,6,3,1.0,6.7,55,150,Yes,Gaming,18.2,1,No,91.0,5,2.95,Yes,No,No,High
STU-00151,31,Male,Sports Science,7.1,1.2,245.0,1,107,5,1,4.5,7.2,18,0,No,Education,2.3,3,No,,5,2.36,No,Yes,No,Medium
STU-00152,39,Other,Education,7.7,3.4,232.0,7,96,2,3,11.6,2.1,52,112,Yes,Entertainment,6.8,4,No,58.0,5,2.21,Yes,Yes,No,High
STU-00153,19,Male,Other Program,7.7,2.8,282.0,8,102,4,4,11.6,5.5,93,112,No,News,9.1,5,Yes,85.3,5,2.33,Yes,No,Yes,Low
STU-00154,53,Female,Computer Science,7.0,1.8,293.0,1,91,10,1,16.0,,0,38,Yes,News,11.4,6,Yes,82.5,5,2.64,Yes,Yes,Yes,High
STU-00155,36,MALE,Fine Arts,7.7,6.4,197.0,8,95,7,3,10.8,1.3,23,112,Yes,Entertainment,2.3,3,Yes,88.0,4,2.71,Yes,No,Yes,High
STU-00156,25,Other,Law,7.3,4.1,388.0,2,71,6,4,14.2,5.5,0,112,No,News,2.3,4,Yes,99.8,5,1.98,No,Yes,No,Medium
STU-00159,33,Female,Nursing,5.8,2.8,371.0,9,80,2,4,16.0,5.5,50,112,No,News,0.0,3,No,67.6,4,2.21,No,Yes,No,Low
STU-00160,54,Other,Medicine,4.8,0.6,582.0,8,90,4,5,6.3,1.7,5,112,No,Social Media/Trends,6.8,1,No,81.8,7,2.64,No,Yes,Yes,Low
STU-00162,60,Male,Visual Communication Design,4.9,1.5,204.0,7,81,2,5,8.1,0.0,68,0,Yes,Social Media/Trends,9.1,1,No,68.4,4,2.51,No,Yes,No,Medium
STU-00163,37,Male,Nursing,6.4,3.4,302.0,5,104,9,2,12.5,2.1,28,75,No,Education,0.0,4,No,83.9,1,1.94,No,Yes,No,Low
STU-00164,23,Male,Information Systems,8.3,2.2,372.0,6,82,10,4,16.0,2.9,61,75,Yes,Social Media/Trends,13.6,2,No,89.3,3,2.73,Yes,No,Yes,Medium
STU-00165,26,Male,Law,6.2,4.0,354.0,1,115,1,2,5.4,0.8,0,150,No,Gaming,2.3,5,No,83.7,1,2.49,No,Yes,Yes,High
STU-00167,44,Male,Fine Arts,5.6,7.3,61.0,6,92,1,4,1.9,3.8,56,112,No,Gaming,2.3,6,Yes,100.0,4,2.38,Yes,Yes,No,Low
STU-00168,52,Male,Medicine,6.8,2.6,389.0,4,96,3,2,2.8,0.8,51,150,Yes,Gaming,0.0,9,Yes,69.6,4,2.59,No,Yes,No,Medium
STU-00169,23,Male,Electrical Engineering,6.9,3.4,375.0,1,80,4,2,16.0,1.3,51,38,Yes,News,2.3,1,No,,2,2.56,Yes,No,No,High
STU-00170,50,Female,Sports Science,4.4,4.1,293.0,5,110,10,3,8.9,0.8,29,38,No,Education,13.6,10,Yes,68.7,6,2.44,Yes,Yes,Yes,Low
STU-00171,62,Male,Computer Science,6.5,6.4,311.0,4,111,7,2,16.0,2.9,51,150,Yes,Gaming,2.3,1,No,93.1,1,2.4,Yes,No,No,Medium
STU-00174,18,Other,Electrical Engineering,7.2,2.2,277.0,10,116,6,5,13.4,2.9,47,112,Yes,,4.5,6,Yes,86.5,2,2.3,Yes,No,Yes,Low
STU-00175,38,Male,Culinary Arts,6.7,3.3,387.0,3,76,8,3,9.8,0.8,0,75,No,News,0.0,9,Yes,76.9,3,2.63,No,Yes,No,Low
STU-00176,59,MALE,Law,6.4,2.6,470.0,9,112,3,6,2.8,4.2,59,75,No,Education,0.0,6,No,82.4,3,2.55,No,Yes,No,Low
STU-00177,49,Male,Other Program,6.7,4.3,212.0,9,85,10,5,6.3,1.7,33,0,No,Entertainment,6.8,7,Yes,78.6,2,2.65,Yes,No,No,Low
STU-00178,42,Other,Electrical Engineering,4.8,3.6,405.0,10,110,10,5,10.8,0.4,24,75,Yes,Entertainment,2.3,10,Yes,67.7,9,2.37,No,No,Yes,Low
STU-00179,18,Female,Education,8.6,6.2,264.0,10,115,3,5,18.9,3.4,55,75,Yes,Entertainment,9.1,5,No,73.8,4,2.56,Yes,Yes,No,High
STU-00180,36,Other,Fine Arts,6.8,2.0,235.0,3,112,8,2,1.0,7.6,47,0,No,Education,2.3,5,No,66.5,3,2.45,Yes,No,No,Low
STU-00181,62,Female,Law,6.5,3.7,305.0,3,114,3,5,10.7,0.8,0,0,,Social Media/Trends,4.5,10,Yes,78.7,4,1.94,No,No,Yes,Low
STU-00182,27,Other,Medicine,8.5,4.4,495.0,3,98,7,2,2.8,8.0,60,112,No,News,6.8,3,Yes,89.6,8,2.77,No,No,Yes,Medium
STU-00183,45,Male,Sports Science,4.5,0.5,82.0,6,112,6,4,3.6,8.0,53,0,Yes,Gaming,0.0,3,No,70.1,1,2.18,No,Yes,No,Low
STU-00184,29,Male,Medicine,8.2,3.1,553.0,2,106,10,1,7.2,2.1,77,112,No,Entertainment,2.3,8,Yes,69.2,5,1.99,No,No,Yes,Low
STU-00185,34,Male,Nursing,4.4,0.6,402.0,10,90,2,9,12.5,7.2,0,75,No,News,15.9,4,Yes,72.3,0,2.56,No,Yes,Yes,Low
STU-00186,24,Male,Computer Science,8.1,3.1,373.0,7,76,3,4,16.0,2.9,27,38,No,Entertainment,4.5,10,No,77.4,6,1.69,Yes,No,No,Low
STU-00187,22,Male,Information Systems,7.0,3.0,,5,93,3,4,10.7,1.3,44,38,No,Entertainment,2.3,4,No,87.3,5,2.57,No,No,No,Low
STU-00189,30,Other,Information Systems,8.3,2.3,144.0,5,62,6,4,11.6,1.7,26,75,Yes,Entertainment,4.5,8,Yes,66.8,0,2.23,Yes,Yes,Yes,Medium
STU-00192,63,Female,Law,6.7,0.4,260.0,1,81,4,1,12.5,0.0,24,75,Yes,Education,2.3,6,No,80.4,4,2.08,Yes,Yes,No,High
STU-00193,39,Other,Culinary Arts,5.6,2.8,121.0,6,112,3,5,6.3,5.5,15,75,Yes,Education,,5,Yes,70.9,6,2.24,Yes,Yes,No,High
STU-00194,43,Other,Sports Science,9.6,6.0,163.0,8,91,1,4,8.9,4.6,45,75,Yes,Gaming,2.3,4,No,86.5,2,2.85,No,No,Yes,High
STU-00195,42,Male,Medicine,7.4,4.6,563.0,10,66,6,4,8.9,2.9,26,112,Yes,Social Media/Trends,,8,Yes,78.5,5,2.16,Yes,No,Yes,High
STU-00197,34,MALE,Law,6.3,3.3,539.0,6,73,7,5,12.5,1.7,28,150,Yes,Entertainment,18.2,4,No,100.0,6,2.95,Yes,Yes,Yes,Medium
STU-00198,45,Male,Culinary Arts,6.5,5.1,216.0,10,92,8,7,8.1,7.2,0,38,No,Gaming,13.6,10,Yes,76.7,5,2.25,Yes,Yes,Yes,Low
STU-00199,36,Female,Fine Arts,3.4,0.2,520.0,9,112,2,9,11.6,2.1,59,150,No,Social Media/Trends,20.5,10,Yes,63.9,6,2.51,Yes,No,Yes,Low
STU-00200,51,Female,Nursing,4.3,2.8,278.0,10,98,6,6,4.5,1.7,41,38,No,Social Media/Trends,,1,No,75.7,0,3.01,No,Yes,Yes,Medium
STU-00201,50,Other,Computer Science,6.5,3.6,348.0,8,77,7,5,14.2,2.5,61,0,Yes,Entertainment,2.3,6,No,79.6,2,2.14,No,No,No,Low
STU-00202,60,Other,Visual Communication Design,4.9,1.8,137.0,6,79,1,6,4.5,4.2,20,112,No,Entertainment,4.5,7,Yes,83.5,3,2.75,No,Yes,No,Low
STU-00203,57,female,Electrical Engineering,7.3,2.9,251.0,10,116,9,6,3.6,0.8,29,150,Yes,News,0.0,5,Yes,78.4,1,2.35,No,No,No,Low
STU-00204,47,Female,Law,7.4,8.0,469.0,6,76,9,4,8.1,2.9,10,112,,Education,4.5,2,No,77.3,2,2.3,Yes,Yes,Yes,High
STU-00207,62,Other,Biology/Science,6.0,2.5,421.0,3,76,10,4,12.5,3.8,47,38,Yes,Gaming,6.8,9,Yes,70.0,5,2.28,Yes,No,Yes,Medium
STU-00209,46,Male,Sports Science,4.4,2.7,239.0,7,118,6,5,1.9,7.6,48,38,Yes,News,0.0,2,No,98.4,3,2.5,No,Yes,No,Medium
STU-00210,38,Male,Sports Science,6.7,2.8,290.0,10,81,1,6,8.9,6.7,24,150,No,Social Media/Trends,11.4,1,No,85.5,0,2.92,No,Yes,Yes,Low
STU-00211,19,Male,Fine Arts,7.5,4.3,269.0,1,105,8,2,15.1,,15,38,No,Gaming,9.1,4,No,86.1,0,2.02,Yes,No,Yes,High
STU-00214,21,Other,Computer Science,6.9,5.1,176.0,10,61,1,4,8.9,0.0,9,150,Yes,Education,4.5,10,Yes,88.3,4,2.09,Yes,Yes,No,High
STU-00215,58,Male,Visual Communication Design,5.2,3.5,138.0,10,61,10,6,12.5,3.4,57,150,,Entertainment,9.1,2,No,80.2,0,2.76,Yes,No,No,Low
STU-00216,64,Female,Other Program,6.3,5.7,1.0,1,61,3,2,14.2,2.5,9,75,Yes,Gaming,2.3,9,Yes,93.5,4,1.83,No,No,No,Medium
STU-00217,24,FEMALE,Fine Arts,7.5,2.5,139.0,3,119,7,2,8.9,4.6,2,150,Yes,Education,4.5,4,Yes,93.8,4,1.93,No,Yes,No,High
STU-00219,46,Female,Fine Arts,6.5,3.8,187.0,3,65,9,3,14.2,,42,0,Yes,News,4.5,4,Yes,84.7,5,1.87,No,Yes,No,Low
STU-00220,60,Male,Education,4.6,1.8,252.0,3,114,4,3,16.0,1.7,21,112,,Social Media/Trends,6.8,2,No,83.2,3,2.45,Yes,Yes,Yes,Medium
STU-00222,59,Other,Information Systems,6.1,1.8,322.0,2,113,1,3,12.5,7.6,71,150,No,Gaming,4.5,5,No,81.1,2,2.5,Yes,Yes,No,Low
STU-00223,57,Other,Education,6.8,1.5,54.0,4,107,6,3,5.4,4.2,28,150,No,Education,11.4,8,No,83.0,8,2.46,Yes,No,No,Low
STU-00224,31,Other,Visual Communication Design,8.8,2.7,250.0,8,100,5,5,5.4,2.5,17,150,No,Education,13.6,9,Yes,63.9,7,2.22,Yes,No,Yes,Medium
STU-00225,58,Male,Biology/Science,8.1,3.3,457.0,6,109,3,4,5.4,2.9,18,75,Yes,Entertainment,2.3,5,Yes,58.0,5,2.1,No,Yes,Yes,Medium
STU-00226,55,Female,Education,7.3,2.9,53.0,9,104,1,3,16.0,7.6,0,0,No,News,2.3,4,No,79.1,1,2.08,Yes,No,Yes,Low
STU-00227,56,female,Other Program,5.6,3.2,37.0,7,90,5,4,7.2,0.8,36,150,Yes,Entertainment,0.0,2,No,73.4,2,2.55,No,No,Yes,Medium
STU-00229,62,Other,Visual Communication Design,6.5,5.9,199.0,1,105,7,3,8.9,5.1,4,75,Yes,Entertainment,2.3,9,No,72.3,5,2.21,No,Yes,No,Medium
STU-00230,31,female,Medicine,5.4,0.6,482.0,5,78,4,4,8.9,7.2,37,75,Yes,Education,2.3,5,No,77.4,4,2.46,Yes,No,Yes,Low
STU-00231,18,Male,Computer Science,7.6,3.3,382.0,3,82,7,4,3.6,2.5,55,0,No,Gaming,18.2,3,Yes,88.5,3,2.83,Yes,No,Yes,Medium
STU-00232,61,Male,Visual Communication Design,6.9,2.7,,2,73,5,2,8.1,1.3,58,75,No,Social Media/Trends,9.1,3,Yes,80.8,6,2.54,Yes,Yes,Yes,Medium
STU-00233,63,Female,Medicine,5.4,4.0,263.0,8,86,9,5,5.4,1.7,48,38,No,Entertainment,2.3,6,Yes,88.1,1,2.27,No,No,Yes,Low
STU-00238,26,Other,Medicine,5.6,0.3,519.0,5,74,9,1,1.9,6.3,47,112,No,Social Media/Trends,0.0,8,Yes,92.2,2,2.87,No,No,Yes,Low
STU-00239,37,Other,Culinary Arts,3.7,1.8,517.0,8,92,2,10,9.8,2.1,31,75,No,Gaming,11.4,7,No,85.9,5,2.59,No,No,Yes,Low
STU-00240,29,Female,Sports Science,7.5,1.1,289.0,10,64,2,6,9.8,5.5,52,38,Yes,News,4.5,2,No,72.8,2,2.59,Yes,Yes,Yes,Low
STU-00242,29,Other,Electrical Engineering,7.3,1.6,317.0,9,108,4,4,8.9,0.0,53,38,Yes,Gaming,,5,No,82.7,4,2.78,Yes,Yes,No,Medium
STU-00243,43,Female,Computer Science,7.0,1.3,289.0,9,117,5,6,1.0,8.0,33,75,Yes,Gaming,11.4,9,Yes,62.1,5,2.46,Yes,No,Yes,Low
STU-00245,60,FEMALE,Computer Science,7.5,4.1,233.0,5,100,2,2,11.6,6.3,35,150,,Gaming,4.5,6,No,64.7,0,2.69,Yes,No,Yes,Low
STU-00246,33,male,Other Program,7.5,5.0,,1,61,5,2,1.0,0.8,58,0,Yes,Social Media/Trends,6.8,5,Yes,83.0,3,2.73,Yes,Yes,Yes,High
STU-00247,37,Other,Electrical Engineering,8.0,5.0,273.0,1,77,10,1,9.8,5.9,74,112,Yes,Entertainment,6.8,5,No,69.2,3,2.78,Yes,No,Yes,Medium
STU-00248,53,Female,Computer Science,5.2,2.2,303.0,7,97,3,4,10.7,4.2,35,150,Yes,Gaming,9.1,8,Yes,72.4,5,2.41,Yes,No,No,Low
STU-00249,48,Female,Culinary Arts,3.9,0.3,460.0,8,104,2,10,8.1,8.0,18,112,Yes,Social Media/Trends,18.2,5,No,68.7,4,2.48,Yes,No,Yes,Low
STU-00250,55,Female,Electrical Engineering,6.3,2.2,266.0,7,82,10,4,7.2,7.6,0,38,No,Gaming,,7,Yes,67.7,4,2.45,No,Yes,No,Low
STU-00251,52,Male,Culinary Arts,5.4,3.4,269.0,5,98,9,2,12.5,2.1,16,112,No,Entertainment,0.0,3,Yes,72.1,4,2.05,No,No,No,Low
STU-00252,51,Female,Fine Arts,8.4,1.9,60.0,10,103,2,3,6.3,0.0,4,112,No,Gaming,2.3,4,No,60.2,3,2.26,No,Yes,Yes,Low
STU-00253,30,Male,Visual Communication Design,5.0,0.4,561.0,8,103,4,10,9.8,5.1,39,112,No,Social Media/Trends,11.4,8,Yes,78.4,2,2.4,Yes,Yes,Yes,Low
STU-00255,38,Female,Visual Communication Design,6.1,0.3,298.0,10,75,6,6,3.6,1.7,41,38,No,Social Media/Trends,0.0,7,No,,7,2.24,No,Yes,No,Low
STU-00257,34,Male,Visual Communication Design,8.1,5.4,166.0,4,86,7,2,15.1,5.1,33,38,No,Gaming,0.0,3,No,82.8,2,2.4,Yes,Yes,Yes,Low
STU-00258,32,Other,Culinary Arts,7.6,5.7,128.0,3,103,5,4,12.5,1.7,43,150,Yes,Social Media/Trends,0.0,7,No,88.9,6,2.1,No,Yes,No,Medium
STU-00259,50,Male,Electrical Engineering,5.9,2.4,543.0,6,102,5,3,4.5,7.6,25,112,No,Social Media/Trends,0.0,5,No,78.9,6,2.69,No,Yes,No,Low
STU-00260,45,Other,Information Systems,4.8,0.0,,8,109,4,10,14.2,6.3,67,112,No,Social Media/Trends,20.5,2,No,78.4,3,2.51,Yes,No,Yes,Low
STU-00261,25,Male,Medicine,8.6,3.5,392.0,3,81,5,1,9.8,6.3,17,150,No,Education,0.0,6,Yes,96.0,1,2.68,No,Yes,Yes,Medium
STU-00262,24,Other,Sports Science,6.7,3.7,218.0,5,111,7,3,10.7,2.1,47,112,Yes,Entertainment,0.0,4,Yes,75.9,4,2.23,No,Yes,No,Medium
STU-00263,22,Other,Visual Communication Design,8.8,4.9,98.0,4,89,1,2,13.4,0.8,49,0,Yes,Social Media/Trends,9.1,9,Yes,72.5,5,2.18,Yes,Yes,Yes,High
STU-00264,18,Female,Biology/Science,6.7,2.7,403.0,8,79,10,6,4.5,2.1,22,75,Yes,Gaming,,5,Yes,89.8,1,2.74,Yes,Yes,Yes,Medium
STU-00265,36,Male,Nursing,7.1,2.0,186.0,2,61,2,3,15.1,0.0,58,0,No,Gaming,2.3,7,No,83.4,2,2.17,No,No,No,Low
STU-00267,64,Other,Computer Science,7.4,4.1,236.0,5,113,2,5,12.5,5.1,5,75,No,Entertainment,6.8,10,Yes,74.9,4,2.08,Yes,Yes,Yes,Medium
STU-00268,38,Male,Computer Science,7.6,0.8,297.0,8,73,2,5,14.2,3.4,48,38,No,Social Media/Trends,4.5,4,No,93.5,5,2.37,Yes,No,Yes,Medium
STU-00271,37,Female,Biology/Science,4.7,5.2,584.0,1,93,8,2,15.1,5.9,56,0,No,Gaming,9.1,2,No,90.2,3,2.67,Yes,No,No,Low
STU-00272,36,Female,Medicine,5.3,0.9,422.0,7,68,3,4,4.5,4.2,37,0,No,Gaming,4.5,6,No,72.7,0,2.61,Yes,No,Yes,Low
STU-00273,29,Male,Electrical Engineering,3.3,0.9,598.0,8,112,1,8,9.8,2.5,67,112,Yes,Social Media/Trends,11.4,5,No,68.6,3,2.45,Yes,Yes,No,Low
STU-00274,59,Male,Sports Science,8.2,6.9,172.0,6,110,7,4,7.2,3.8,69,150,No,Entertainment,4.5,5,Yes,83.8,3,2.59,Yes,No,Yes,Low
STU-00275,43,Male,Medicine,8.4,0.0,521.0,10,117,1,6,2.8,6.3,34,112,Yes,Education,0.0,4,No,100.0,0,2.61,No,No,No,Medium
STU-00277,59,Male,Computer Science,4.4,1.6,157.0,3,91,4,3,16.0,5.1,10,112,Yes,Education,2.3,2,Yes,83.8,0,2.58,No,Yes,No,Medium
STU-00278,45,Other,Nursing,6.3,1.8,148.0,7,113,1,4,12.5,1.3,53,0,Yes,Education,9.1,10,Yes,73.6,7,2.28,Yes,No,Yes,Low
STU-00279,24,Female,Culinary Arts,4.3,2.0,328.0,10,94,1,8,8.1,6.7,25,150,No,Entertainment,18.2,2,No,84.6,5,2.73,Yes,Yes,Yes,Low
STU-00280,46,Female,Information Systems,6.2,5.6,277.0,5,114,5,2,13.4,5.5,44,0,No,Entertainment,0.0,10,Yes,61.4,3,2.08,No,Yes,No,Low
STU-00281,30,Other,Other Program,8.4,1.3,81.0,7,75,8,4,1.0,6.3,49,75,No,Education,2.3,5,No,97.6,2,2.21,No,No,No,Low
STU-00282,27,Other,Visual Communication Design,4.3,1.1,,10,113,1,9,14.2,8.0,0,150,No,Social Media/Trends,13.6,8,No,100.0,3,2.29,Yes,Yes,Yes,Low
STU-00283,47,Other,Nursing,6.4,3.5,180.0,7,81,4,3,12.5,4.2,52,75,No,Entertainment,0.0,7,No,69.7,2,2.31,No,No,No,Low
STU-00284,37,Male,Medicine,8.0,5.6,412.0,9,110,5,4,3.6,6.7,55,112,No,Entertainment,4.5,4,Yes,82.7,5,2.9,Yes,Yes,No,Low
STU-00285,19,Other,Fine Arts,8.1,1.2,73.0,7,86,6,2,2.8,3.4,22,75,Yes,Gaming,4.5,7,No,66.4,2,2.57,Yes,Yes,Yes,High
STU-00286,37,Female,Culinary Arts,5.9,2.0,438.0,9,118,3,8,13.4,6.7,50,150,Yes,Education,13.6,5,No,77.9,3,2.31,Yes,No,Yes,Low
STU-00287,49,Female,Fine Arts,7.4,4.3,220.0,1,95,10,2,3.6,5.9,52,112,Yes,Entertainment,6.8,6,No,69.1,3,2.29,No,Yes,Yes,Medium
STU-00288,52,Male,Other Program,5.7,3.0,43.0,3,118,3,2,3.6,4.2,55,75,No,Gaming,2.3,5,No,68.6,1,2.42,No,Yes,No,Low
STU-00291,37,Male,Electrical Engineering,8.1,1.4,434.0,10,111,3,3,12.5,0.8,25,0,Yes,Social Media/Trends,2.3,7,No,75.7,2,2.28,No,Yes,No,High
STU-00292,42,male,Sports Science,6.1,3.1,116.0,7,105,8,5,16.0,0.4,14,0,Yes,Gaming,0.0,8,No,70.1,5,2.09,No,No,No,High
STU-00296,22,Female,Computer Science,7.1,9.0,148.0,7,82,5,4,8.9,3.4,43,38,No,Education,2.3,7,Yes,87.3,6,2.51,No,No,No,Low
STU-00298,46,Other,Information Systems,7.9,4.6,153.0,5,75,9,1,12.5,0.0,42,0,Yes,Social Media/Trends,0.0,8,No,73.4,4,2.08,No,Yes,No,Medium
STU-00300,63,FEMALE,Nursing,7.4,1.0,169.0,9,111,1,6,8.9,1.3,44,38,Yes,Social Media/Trends,11.4,7,Yes,91.5,3,2.51,Yes,Yes,No,Medium
STU-00301,38,Female,Electrical Engineering,6.7,4.0,309.0,8,90,5,5,4.5,8.0,56,75,No,Education,9.1,5,Yes,87.8,5,2.74,Yes,Yes,Yes,Low
STU-00302,62,Other,Nursing,5.9,5.0,,8,104,5,4,7.2,7.6,27,0,Yes,Education,11.4,4,Yes,96.5,3,2.95,Yes,Yes,Yes,High
STU-00303,54,Female,Fine Arts,7.8,8.2,267.0,3,101,8,5,8.1,0.4,29,150,No,Education,9.1,10,Yes,,3,2.02,Yes,Yes,Yes,Medium
STU-00305,47,Other,Law,6.4,4.1,290.0,5,71,7,4,2.8,4.2,28,112,No,Education,6.8,7,Yes,80.1,4,2.69,Yes,Yes,No,Low
STU-00307,20,Female,Biology/Science,5.0,0.8,341.0,8,112,2,10,8.9,2.5,90,75,No,Social Media/Trends,20.5,6,Yes,,5,2.72,Yes,No,No,Low
STU-00309,26,Other,Nursing,5.9,0.5,355.0,10,65,4,6,8.1,1.7,10,75,No,Social Media/Trends,15.9,6,Yes,87.0,5,3.05,Yes,No,No,Medium
STU-00310,64,Male,Medicine,5.2,2.4,255.0,9,91,8,6,4.5,3.8,44,0,Yes,Entertainment,9.1,4,No,58.1,3,2.73,No,No,Yes,Medium
STU-00312,27,Other,Culinary Arts,7.3,8.2,393.0,7,88,10,4,11.6,5.5,18,75,Yes,Gaming,6.8,7,Yes,89.4,5,2.19,Yes,Yes,Yes,Medium
STU-00313,23,Female,Visual Communication Design,7.5,2.5,244.0,5,105,3,4,7.2,2.9,46,150,No,Social Media/Trends,0.0,6,Yes,77.6,6,2.4,No,Yes,No,Low
STU-00314,23,Female,Information Systems,7.8,4.3,,10,93,4,5,11.6,1.3,11,112,No,Social Media/Trends,2.3,7,Yes,78.3,1,2.28,Yes,Yes,No,Low
STU-00315,55,Male,Sports Science,7.0,1.5,64.0,5,82,1,4,2.8,6.3,2,0,Yes,Gaming,6.8,4,Yes,89.9,3,2.9,Yes,Yes,No,High
STU-00316,55,Female,Electrical Engineering,8.6,3.0,271.0,8,73,3,4,15.1,3.8,16,38,No,Education,2.3,6,No,90.2,2,2.18,No,Yes,No,Medium
STU-00317,32,Male,Medicine,7.2,4.1,278.0,7,87,1,4,1.0,2.5,38,75,Yes,Social Media/Trends,4.5,8,Yes,75.3,1,2.47,No,Yes,No,Medium
STU-00318,18,Male,Information Systems,9.0,4.0,244.0,5,114,5,3,1.0,5.5,39,0,Yes,Social Media/Trends,0.0,7,No,83.3,3,2.41,No,Yes,Yes,High
STU-00319,50,Other,Education,5.3,4.3,2.0,3,94,6,2,14.2,0.8,0,150,No,News,4.5,4,No,76.7,2,2.28,Yes,Yes,Yes,High
STU-00320,39,Female,Electrical Engineering,6.5,0.8,329.0,7,85,10,4,15.1,0.8,24,0,No,Gaming,4.5,4,No,71.8,7,2.44,No,Yes,Yes,Medium
STU-00321,32,Female,Medicine,6.6,1.2,435.0,9,95,8,6,16.0,0.4,54,38,Yes,News,,3,No,86.6,5,2.52,Yes,Yes,Yes,High
STU-00322,25,Female,Nursing,5.9,1.5,267.0,5,96,8,3,4.5,0.0,52,150,No,News,4.5,2,No,89.2,5,2.74,No,Yes,Yes,Medium
STU-00323,38,Female,Fine Arts,6.9,2.6,57.0,5,78,3,1,1.0,,19,150,No,Social Media/Trends,6.8,9,Yes,59.7,6,2.26,Yes,No,No,Medium
STU-00325,19,Female,Education,9.3,6.2,62.0,8,116,10,5,3.6,6.7,63,38,Yes,Education,9.1,9,Yes,78.2,0,2.32,Yes,No,Yes,Medium
STU-00326,24,Male,Information Systems,8.1,3.5,145.0,8,70,4,4,12.5,,21,112,No,Entertainment,2.3,7,No,68.8,4,1.89,No,Yes,Yes,Low
STU-00327,54,Other,Electrical Engineering,7.7,1.0,424.0,9,84,7,4,1.0,3.8,40,112,Yes,Gaming,2.3,4,No,71.6,6,2.32,No,Yes,No,High
STU-00328,43,Female,Culinary Arts,4.2,1.0,552.0,9,117,1,10,8.1,,54,112,Yes,Entertainment,9.1,9,Yes,85.1,5,2.16,No,No,No,Low
STU-00329,47,Male,Computer Science,6.4,0.8,123.0,3,73,6,4,4.5,3.4,45,150,No,Education,2.3,6,No,82.2,5,2.56,No,No,Yes,Medium
STU-00330,57,Other,Law,4.8,1.5,551.0,6,104,3,4,5.4,5.1,68,112,No,Social Media/Trends,4.5,1,No,,3,3.11,Yes,No,No,High
STU-00331,58,Female,Medicine,7.1,0.0,315.0,2,69,7,2,1.0,4.2,10,38,No,News,9.1,2,No,81.5,2,3.18,Yes,No,Yes,High
STU-00333,48,Male,Other Program,4.9,1.4,327.0,9,118,2,10,10.7,2.1,26,112,Yes,Entertainment,18.2,7,Yes,,5,2.78,Yes,No,Yes,Low
STU-00334,64,FEMALE,Medicine,7.0,3.3,288.0,2,77,4,3,3.6,2.5,126,112,No,Gaming,6.8,6,Yes,89.3,4,2.57,Yes,Yes,Yes,Medium
STU-00335,44,Other,Computer Science,7.6,5.5,114.0,7,71,5,4,11.6,8.0,69,112,Yes,Social Media/Trends,9.1,4,No,89.3,5,2.39,Yes,No,No,Low
STU-00336,49,Other,Information Systems,5.3,0.6,349.0,9,95,2,8,11.6,5.5,67,75,No,Social Media/Trends,13.6,5,Yes,81.9,6,2.66,Yes,Yes,Yes,Low
STU-00338,38,MALE,Computer Science,7.3,2.7,240.0,3,78,8,2,14.2,4.6,15,0,Yes,Social Media/Trends,6.8,1,No,84.3,1,2.36,Yes,Yes,No,High
STU-00339,46,Female,Visual Communication Design,5.3,3.0,218.0,10,86,3,6,10.7,6.3,56,0,No,Social Media/Trends,0.0,6,Yes,79.8,5,1.98,No,No,Yes,Low
STU-00341,34,Female,Information Systems,7.6,4.6,,4,104,6,2,1.9,4.2,26,0,No,Education,2.3,9,Yes,92.5,8,2.02,No,Yes,No,Medium
STU-00343,61,Male,Other Program,7.0,4.5,,4,61,2,1,14.2,6.7,12,150,Yes,Entertainment,0.0,7,Yes,83.3,5,2.25,No,No,Yes,High
STU-00344,36,Other,Visual Communication Design,7.3,5.2,287.0,5,106,2,2,1.0,8.0,5,75,No,Gaming,4.5,1,No,71.8,1,3.42,No,Yes,No,High
STU-00345,24,Female,Biology/Science,8.9,4.3,340.0,1,91,5,1,9.8,8.0,28,112,Yes,Entertainment,9.1,9,Yes,85.3,2,2.48,Yes,Yes,No,High
STU-00346,64,Other,Other Program,6.5,2.8,54.0,2,116,10,2,8.9,3.8,36,150,Yes,News,6.8,6,No,77.0,4,2.68,No,Yes,Yes,High
STU-00348,45,Other,Medicine,6.6,3.2,369.0,8,81,3,3,5.4,2.9,35,0,Yes,Social Media/Trends,2.3,5,Yes,97.6,0,2.46,No,No,Yes,High
STU-00349,60,Female,Sports Science,7.0,6.6,169.0,10,75,3,4,3.6,3.4,50,75,No,Gaming,6.8,3,No,80.9,0,2.84,Yes,Yes,No,Low
STU-00350,45,Male,Culinary Arts,8.4,0.5,381.0,6,68,3,5,14.2,2.9,0,75,No,Social Media/Trends,4.5,2,No,73.6,3,2.38,No,No,Yes,High
STU-00351,59,Female,Culinary Arts,6.3,2.5,366.0,2,82,8,3,9.8,5.9,69,0,No,Entertainment,0.0,3,No,76.2,3,2.14,No,Yes,Yes,Medium
STU-00352,19,Female,Biology/Science,8.0,1.1,419.0,5,115,9,2,6.3,4.2,17,150,Yes,Entertainment,2.3,6,Yes,75.8,5,2.22,No,Yes,No,Medium
STU-00353,43,FEMALE,Visual Communication Design,6.5,5.1,139.0,2,93,1,4,14.2,,101,112,Yes,News,11.4,2,No,79.9,2,2.4,Yes,No,No,Medium
STU-00354,19,Other,Other Program,9.1,5.2,43.0,7,116,5,3,15.1,0.0,53,112,No,Social Media/Trends,0.0,7,Yes,90.2,3,2.19,No,Yes,Yes,Low
STU-00355,60,Male,Law,4.4,1.6,477.0,9,86,1,5,12.5,2.9,0,38,No,Gaming,0.0,8,Yes,76.5,6,2.22,No,Yes,No,Low
STU-00356,19,Other,Nursing,6.6,2.2,222.0,2,77,2,3,7.2,3.4,62,0,No,Education,2.3,10,Yes,64.7,6,2.03,Yes,Yes,Yes,Low
STU-00357,63,Other,Computer Science,7.0,4.7,301.0,3,113,2,2,15.1,6.7,11,38,No,Gaming,2.3,6,No,77.5,3,1.63,No,Yes,No,Low
STU-00359,22,Other,Computer Science,5.7,5.6,286.0,7,68,7,4,3.6,3.8,0,150,Yes,,6.8,7,No,74.3,3,2.56,Yes,Yes,No,Medium
STU-00360,37,Male,Biology/Science,7.4,4.8,375.0,4,119,4,3,15.1,5.5,48,112,Yes,News,2.3,5,No,90.1,0,1.94,No,Yes,Yes,Low
STU-00362,64,Other,Education,6.2,2.4,273.0,6,105,3,4,16.0,5.5,44,112,No,Entertainment,0.0,5,No,77.7,3,2.29,No,No,No,Low
STU-00363,49,Male,Biology/Science,6.7,0.6,329.0,1,95,2,3,14.2,0.4,21,112,No,Social Media/Trends,,5,Yes,84.0,2,2.26,Yes,Yes,No,Medium
STU-00364,32,Other,Fine Arts,5.4,0.9,172.0,6,90,4,2,10.7,0.4,23,150,Yes,News,2.3,10,Yes,65.6,4,2.15,No,No,No,Low
STU-00365,35,Other,Fine Arts,4.2,0.1,463.0,8,108,1,8,8.1,5.1,0,112,No,Social Media/Trends,,5,Yes,59.5,0,2.07,No,No,No,Low
STU-00366,62,FEMALE,Medicine,7.8,5.3,530.0,9,103,6,5,10.7,5.1,24,150,Yes,Entertainment,4.5,3,No,88.4,3,2.23,Yes,Yes,No,Medium
STU-00367,55,Other,Nursing,6.9,2.7,277.0,3,112,10,1,10.7,5.9,48,75,Yes,Education,2.3,7,Yes,70.0,2,2.33,No,Yes,Yes,Medium
STU-00369,47,Other,Other Program,6.6,4.5,202.0,10,88,5,5,1.9,2.5,60,38,Yes,Gaming,2.3,5,No,78.4,6,2.57,No,Yes,No,Medium
STU-00370,37,Male,Fine Arts,7.2,2.2,84.0,3,73,4,1,13.4,5.9,94,38,No,Social Media/Trends,4.5,5,No,75.4,5,2.48,No,No,Yes,Low
STU-00371,25,Male,Other Program,5.0,1.6,294.0,4,65,2,5,10.7,2.9,31,0,No,Gaming,2.3,8,Yes,79.8,6,2.58,Yes,Yes,Yes,Low
STU-00372,23,Female,Medicine,4.4,2.6,406.0,8,96,4,9,12.5,6.7,24,150,No,Entertainment,11.4,4,Yes,87.7,1,2.37,Yes,No,Yes,Low
STU-00374,55,Other,Medicine,6.7,4.0,449.0,4,64,8,2,14.2,7.6,37,112,Yes,Social Media/Trends,,9,No,81.0,3,1.53,Yes,Yes,No,Low
STU-00375,40,Other,Culinary Arts,7.1,4.6,195.0,6,101,10,6,2.8,6.3,0,38,Yes,Education,0.0,6,No,78.3,3,1.98,No,Yes,No,Low
STU-00379,42,Male,Nursing,6.8,2.1,366.0,2,115,2,3,10.7,5.1,63,0,No,News,4.5,6,No,89.5,3,2.56,Yes,No,No,Medium
STU-00380,55,MALE,Visual Communication Design,6.0,4.7,257.0,10,73,3,4,15.1,2.9,67,38,Yes,Social Media/Trends,4.5,1,No,74.0,3,2.48,Yes,Yes,Yes,Medium
STU-00382,27,Female,Other Program,6.6,1.3,110.0,6,110,7,4,16.0,0.0,77,75,No,Education,13.6,3,No,67.3,4,2.48,Yes,Yes,No,Low
STU-00383,30,Female,Electrical Engineering,5.5,3.0,294.0,4,92,8,3,16.0,3.8,41,0,No,Social Media/Trends,2.3,7,Yes,77.7,5,2.21,No,No,No,Low
STU-00384,20,Male,Nursing,7.3,0.8,,5,114,3,2,1.0,1.7,48,38,Yes,Gaming,0.0,4,Yes,78.3,4,2.85,No,Yes,No,High
STU-00385,56,Female,Computer Science,7.1,2.2,116.0,6,82,2,5,10.7,3.4,12,150,No,Education,6.8,6,Yes,83.7,3,2.36,Yes,No,No,High
STU-00386,22,Other,Biology/Science,7.6,4.1,489.0,7,72,4,4,15.1,6.7,7,0,No,Gaming,4.5,6,No,88.3,5,2.22,No,No,No,Low
STU-00387,23,Other,Fine Arts,7.9,7.2,79.0,5,75,6,2,8.9,3.4,34,75,No,Entertainment,9.1,10,Yes,74.6,2,2.36,Yes,Yes,Yes,Low
STU-00388,56,Male,Medicine,6.5,4.8,468.0,4,88,2,3,11.6,7.2,4,150,No,Gaming,0.0,7,Yes,60.5,2,1.84,No,Yes,Yes,Low
STU-00391,25,Other,Nursing,7.0,5.3,153.0,4,98,7,2,14.2,2.5,51,150,No,Education,2.3,10,Yes,88.1,7,2.4,No,Yes,Yes,Low
STU-00392,62,male,Other Program,4.4,0.7,225.0,3,63,4,3,5.4,,7,38,Yes,Education,9.1,6,No,51.3,2,2.45,Yes,No,Yes,High
STU-00393,30,Female,Law,7.4,0.8,297.0,9,103,10,5,10.7,7.6,80,112,,Gaming,4.5,3,Yes,74.9,5,2.44,Yes,No,Yes,Low
STU-00395,18,male,Visual Communication Design,6.6,2.6,268.0,2,62,5,1,2.8,5.5,3,150,No,Gaming,4.5,8,Yes,71.8,7,2.37,Yes,No,Yes,Low
STU-00397,35,Female,Education,6.4,2.5,149.0,6,119,3,2,2.8,1.3,39,150,No,Education,0.0,6,Yes,94.9,3,2.41,No,Yes,Yes,Low
STU-00398,23,Male,Electrical Engineering,5.9,3.7,285.0,9,118,5,4,4.5,1.3,52,38,No,News,2.3,7,No,81.4,5,2.36,No,No,Yes,Medium
STU-00400,52,Female,Electrical Engineering,5.9,5.0,375.0,7,89,7,5,10.7,5.5,33,0,No,Social Media/Trends,9.1,2,No,95.3,1,2.29,Yes,Yes,No,Medium
STU-00403,22,Other,Computer Science,6.6,4.5,147.0,2,104,8,2,8.9,,44,0,Yes,Education,4.5,6,No,67.7,5,2.35,No,Yes,No,Medium
STU-00404,39,Male,Computer Science,6.3,0.8,276.0,9,84,9,6,10.7,5.5,32,38,No,Education,6.8,10,Yes,76.3,5,2.19,Yes,Yes,No,Low
STU-00407,50,FEMALE,Culinary Arts,6.6,0.7,,7,79,9,5,8.1,5.5,49,0,Yes,News,2.3,5,No,66.9,5,2.35,Yes,Yes,No,Low
STU-00408,57 yrs,Male,Nursing,6.9,1.8,174.0,6,93,9,2,10.7,,17,0,No,Social Media/Trends,6.8,7,Yes,85.5,2,2.69,No,Yes,No,Medium
STU-00409,20,female,Electrical Engineering,4.5,1.2,540.0,8,98,4,8,8.1,4.2,44,75,Yes,Gaming,20.5,6,Yes,72.7,5,3.51,Yes,Yes,Yes,Medium
STU-00410,41,Male,Fine Arts,4.4,0.8,524.0,9,92,1,9,16.0,2.1,35,112,Yes,Education,11.4,10,Yes,64.0,3,1.97,Yes,Yes,Yes,Low
STU-00411,45,Male,Visual Communication Design,7.9,2.7,267.0,5,103,2,2,9.8,0.4,0,112,No,News,6.8,4,No,70.7,5,2.35,Yes,Yes,No,Medium
STU-00412,53,Other,Biology/Science,4.7,6.6,511.0,6,64,2,5,14.2,2.9,49,112,Yes,News,0.0,6,Yes,82.9,6,2.23,No,Yes,No,Low
STU-00413,51,Female,Fine Arts,2.9,3.1,276.0,4,106,9,4,10.7,5.5,28,75,No,Social Media/Trends,0.0,2,No,93.4,5,2.41,No,Yes,No,Low
STU-00414,28,Other,Nursing,7.4,1.2,289.0,8,73,2,6,5.4,5.1,24,75,No,Gaming,2.3,6,No,92.4,3,1.66,Yes,Yes,No,Medium
STU-00415,28,Other,Education,6.8,2.5,35.0,10,93,3,5,3.6,6.7,45,38,No,News,4.5,8,Yes,59.4,2,2.69,No,Yes,Yes,Low
STU-00417,53,Other,Nursing,7.0,4.8,134.0,9,87,1,4,9.8,2.5,50,112,No,Social Media/Trends,0.0,2,No,96.0,2,2.36,No,No,No,Medium
STU-00418,20,Other,Biology/Science,9.1,3.0,475.0,3,104,1,3,16.0,7.6,20,75,No,Entertainment,4.5,4,No,58.9,1,1.94,Yes,No,No,Low
STU-00419,60,Other,Nursing,6.0,2.8,328.0,8,108,1,4,2.8,5.5,4,150,No,Social Media/Trends,6.8,6,No,77.7,5,2.35,Yes,Yes,No,Low
STU-00420,59,Male,Computer Science,6.9,1.2,,9,113,4,6,15.1,5.5,23,0,Yes,Gaming,9.1,2,No,99.9,2,2.56,Yes,No,No,High
STU-00421,49,Female,Electrical Engineering,7.4,0.2,326.0,9,103,9,4,9.8,1.7,33,0,Yes,Education,4.5,3,No,74.4,2,2.28,Yes,Yes,No,High
STU-00423,36,Female,Education,4.2,0.2,462.0,9,113,2,8,14.2,7.2,47,112,No,Social Media/Trends,15.9,4,No,72.3,3,2.25,Yes,Yes,No,Low
STU-00424,53,Male,Biology/Science,5.6,2.6,273.0,5,95,5,5,11.6,2.1,37,0,Yes,Education,6.8,1,No,93.6,0,3.1,Yes,No,No,High
STU-00425,56,Female,Visual Communication Design,7.5,4.4,94.0,4,117,1,1,12.5,0.8,33,150,Yes,Education,2.3,4,No,80.5,6,2.34,No,Yes,Yes,High
STU-00426,64,Male,Nursing,5.2,0.2,330.0,8,85,10,6,12.5,3.4,56,112,No,News,2.3,3,No,90.5,3,2.45,No,Yes,Yes,Low
STU-00428,62,Male,Education,8.0,7.6,,3,88,9,2,9.8,7.2,61,112,Yes,Social Media/Trends,2.3,9,Yes,75.5,4,2.65,No,No,No,Medium
STU-00429,39,Other,Biology/Science,7.8,1.6,524.0,8,92,10,3,12.5,0.0,35,112,Yes,Gaming,0.0,7,No,83.1,4,2.65,No,No,Yes,High
STU-00430,53,Male,Sports Science,7.6,3.6,189.0,10,77,6,4,5.4,3.4,76,75,Yes,Social Media/Trends,4.5,9,Yes,69.0,2,2.27,No,No,Yes,Medium
STU-00431,35,Female,Visual Communication Design,7.5,1.5,59.0,5,100,7,1,2.8,4.6,82,0,No,Gaming,2.3,8,Yes,87.4,4,2.09,No,No,Yes,Medium
STU-00432,42,Other,Education,5.0,2.1,226.0,7,112,2,5,5.4,6.3,57,0,No,Entertainment,2.3,6,Yes,72.1,5,2.5,Yes,No,Yes,Low
STU-00433,29,Other,Culinary Arts,5.3,0.1,351.0,1,84,6,2,13.4,2.5,20,75,No,Gaming,4.5,8,Yes,83.7,5,2.22,Yes,No,Yes,Low
STU-00434,64,Female,Law,7.2,3.8,341.0,8,107,1,2,4.5,3.4,38,150,Yes,Entertainment,0.0,7,No,78.0,7,2.06,Yes,No,Yes,Medium
STU-00435,25,Male,Fine Arts,4.6,0.3,310.0,8,102,3,10,11.6,6.7,28,75,,Gaming,18.2,1,No,92.1,1,3.18,Yes,Yes,Yes,Medium
STU-00437,35,Male,Biology/Science,7.1,4.7,377.0,3,91,8,2,8.1,1.3,67,0,Yes,News,2.3,3,No,81.8,4,2.48,No,No,No,High
STU-00438,46,Other,Biology/Science,5.5,3.6,561.0,9,89,5,5,8.1,7.2,0,150,Yes,News,0.0,10,Yes,83.0,6,2.11,No,Yes,Yes,Medium
STU-00439,18,Male,Sports Science,7.4,3.8,247.0,5,98,1,4,16.0,7.6,96,75,Yes,Education,0.0,5,No,76.7,5,1.85,No,No,No,Medium
STU-00440,42,Male,Visual Communication Design,8.0,4.4,278.0,6,119,1,3,12.5,5.9,57,150,Yes,Entertainment,2.3,8,Yes,76.9,6,2.16,Yes,No,Yes,Low
STU-00441,34,Male,Culinary Arts,6.1,5.3,327.0,8,105,3,4,16.0,4.6,11,75,Yes,Education,4.5,6,Yes,57.9,0,1.65,No,Yes,Yes,Low
STU-00442,33,Male,Medicine,8.2,0.4,265.0,6,104,8,5,11.6,5.1,56,38,Yes,Education,6.8,6,No,79.6,5,2.14,Yes,No,No,Low
STU-00443,60,female,Nursing,6.3,3.2,312.0,3,65,7,2,14.2,5.1,47,0,No,News,6.8,1,No,82.6,2,2.52,Yes,Yes,Yes,Medium
STU-00444,33,Female,Culinary Arts,7.1,3.0,361.0,6,90,7,5,9.8,4.6,51,150,Yes,Social Media/Trends,0.0,6,No,71.2,4,2.14,No,No,No,Low
STU-00446,63,Other,Other Program,7.1,1.9,50.0,10,116,8,4,13.4,3.4,28,38,No,Entertainment,0.0,7,No,95.5,5,2.09,No,Yes,No,Low
STU-00449,45,Female,Medicine,7.4,2.4,289.0,1,81,6,3,14.2,,43,150,No,Gaming,13.6,5,No,69.7,3,2.57,Yes,Yes,No,High
STU-00451,43,Male,Computer Science,6.1,2.3,117.0,2,101,5,2,8.9,5.1,30,38,Yes,News,2.3,10,Yes,81.4,6,2.2,No,No,No,Low
STU-00453,64,Other,Electrical Engineering,4.9,3.3,537.0,6,117,5,5,11.6,5.9,38,0,Yes,Education,0.0,6,Yes,76.4,5,2.1,No,Yes,Yes,Low
STU-00454,38,Other,Computer Science,7.6,1.4,207.0,5,65,4,1,14.2,6.7,13,75,No,Gaming,,3,No,79.5,2,2.29,No,No,Yes,Low
STU-00455,41,Other,Fine Arts,5.8,0.2,,3,101,1,4,1.0,3.4,69,112,Yes,News,9.1,4,Yes,79.6,0,2.83,Yes,No,No,Medium
STU-00456,31,female,Electrical Engineering,8.2,3.5,,2,69,6,4,4.5,6.3,64,150,Yes,Entertainment,6.8,5,Yes,,5,2.48,Yes,Yes,Yes,High
STU-00457,48,Other,Nursing,6.3,1.3,237.0,10,68,1,5,1.0,5.9,36,38,Yes,Social Media/Trends,0.0,8,Yes,71.4,3,2.27,No,No,Yes,Low
STU-00458,42,Female,Sports Science,3.1,2.1,,9,91,4,8,9.8,6.7,49,150,Yes,Entertainment,20.5,9,Yes,70.9,9,3.07,Yes,Yes,Yes,Low
STU-00460,62,Other,Biology/Science,6.4,0.7,570.0,7,71,8,5,1.0,3.4,37,0,Yes,Entertainment,,5,No,86.6,5,2.55,Yes,No,No,Medium
STU-00462,38,Female,Sports Science,5.0,3.2,143.0,5,61,1,2,8.9,4.2,43,38,Yes,News,,5,Yes,94.7,2,2.29,No,No,No,High
STU-00463,23,Male,Computer Science,7.4,4.1,285.0,7,70,3,4,5.4,0.0,59,150,Yes,Education,11.4,7,Yes,84.6,2,2.17,Yes,No,Yes,Low
STU-00464,33,Female,Information Systems,4.3,0.4,405.0,10,116,4,8,12.5,5.9,24,112,Yes,Social Media/Trends,11.4,9,No,74.4,5,2.08,Yes,No,No,Low
STU-00465,33,Female,Sports Science,6.9,3.3,228.0,10,75,7,4,1.0,3.4,40,0,Yes,News,0.0,7,Yes,70.7,4,2.04,No,No,No,Medium
STU-00466,22,Other,Information Systems,6.5,0.5,219.0,6,74,5,4,7.2,4.6,0,150,Yes,News,2.3,10,Yes,74.4,6,1.88,Yes,Yes,No,Low
STU-00467,39,Male,Computer Science,8.3,3.3,380.0,2,64,10,1,4.5,0.0,0,112,,Education,2.3,8,Yes,90.9,4,2.71,No,Yes,Yes,Medium
STU-00468,45,female,Medicine,6.6,4.8,381.0,2,81,8,2,1.0,0.4,32,112,No,Entertainment,4.5,9,Yes,83.9,12,2.29,No,Yes,Yes,Medium
STU-00469,60,Other,Culinary Arts,6.4,3.2,,3,71,6,2,12.5,2.5,51,112,No,Gaming,11.4,3,Yes,72.9,3,2.41,Yes,No,No,Low
STU-00470,51,Female,Fine Arts,6.3,1.7,263.0,1,115,7,2,16.0,2.5,64,38,Yes,Social Media/Trends,,5,No,82.1,2,1.73,Yes,Yes,No,Low
STU-00471,33,Male,Biology/Science,6.6,0.3,412.0,5,119,4,5,9.8,5.5,24,150,Yes,Gaming,6.8,2,No,78.8,3,2.65,Yes,Yes,No,High
STU-00472,44,Female,Other Program,5.8,5.0,263.0,6,86,10,4,16.0,6.7,2,0,Yes,Gaming,9.1,5,No,82.1,0,2.52,Yes,No,Yes,High
STU-00474,20,Male,Law,4.5,0.2,325.0,10,107,1,9,8.9,,46,150,Yes,News,15.9,10,Yes,77.7,5,2.51,No,Yes,Yes,Low
STU-00475,55,Female,Fine Arts,6.4,4.6,52.0,8,116,2,4,10.7,6.7,90,0,No,Social Media/Trends,0.0,6,No,96.3,3,2.65,No,Yes,Yes,Low
STU-00476,36,Male,Education,6.5,4.4,,8,67,1,6,2.8,2.9,0,0,Yes,Entertainment,11.4,7,Yes,,8,2.69,Yes,Yes,No,Medium
STU-00477,34,Male,Education,7.6,4.6,296.0,2,83,7,1,1.9,5.5,69,75,Yes,News,6.8,10,Yes,79.7,4,2.54,No,No,Yes,Medium
STU-00478,30,Female,Electrical Engineering,9.2,1.3,327.0,6,80,8,2,10.7,3.4,81,150,No,News,4.5,1,No,90.7,1,2.03,Yes,No,No,Medium
STU-00479,36,Other,Nursing,5.1,0.2,467.0,9,117,4,8,16.0,4.2,108,75,Yes,Education,11.4,3,Yes,84.8,3,2.65,Yes,Yes,Yes,Low
STU-00480,59,Female,Electrical Engineering,5.5,3.4,563.0,7,105,9,6,14.2,7.6,63,150,Yes,Gaming,4.5,2,No,85.9,4,2.36,Yes,Yes,No,Low
STU-00483,61,Male,Computer Science,6.1,4.2,126.0,3,100,5,2,13.4,0.4,14,75,Yes,Education,0.0,5,No,91.3,4,2.55,No,No,No,Medium
STU-00484,54,Male,Computer Science,6.3,2.1,269.0,8,97,1,4,5.4,0.0,0,150,No,Social Media/Trends,4.5,6,No,80.2,5,2.52,Yes,Yes,Yes,Medium
STU-00485,24,Male,Sports Science,7.7,6.7,294.0,2,118,4,2,4.5,2.9,78,112,No,Education,9.1,3,No,91.3,1,2.46,Yes,Yes,Yes,Medium
STU-00486,62,Male,Law,7.9,5.7,534.0,6,72,5,3,3.6,3.8,17,112,No,Entertainment,0.0,5,Yes,65.3,0,2.39,No,Yes,No,Low
STU-00487,31,Female,Computer Science,8.8,1.3,222.0,4,82,6,1,6.3,6.7,69,150,Yes,Entertainment,4.5,6,No,84.2,3,2.1,Yes,Yes,No,Low
STU-00488,35,Female,Sports Science,7.0,2.3,54.0,3,97,6,2,11.6,0.4,36,0,Yes,Education,9.1,7,No,71.7,7,2.26,Yes,No,No,Medium
STU-00489,42,Male,Culinary Arts,4.7,3.0,378.0,10,104,4,6,1.9,5.9,12,112,No,Education,4.5,9,Yes,76.6,4,2.0,Yes,No,No,Low
STU-00491,61,Female,Nursing,6.8,4.2,340.0,2,69,9,2,9.8,1.7,61,0,No,Entertainment,2.3,5,No,,4,2.16,No,Yes,Yes,Medium
STU-00492,46,Male,Nursing,4.7,1.7,498.0,8,109,3,8,9.8,,17,112,No,Gaming,20.5,5,Yes,87.6,4,3.47,Yes,Yes,Yes,Low
STU-00493,24,Female,Other Program,7.1,1.2,169.0,6,86,6,2,16.0,0.8,47,112,No,Education,4.5,9,Yes,91.9,5,1.92,Yes,Yes,Yes,Low
STU-00495,34,Female,Sports Science,3.3,0.7,489.0,10,98,4,9,15.1,,61,112,Yes,News,15.9,5,No,75.6,4,2.57,Yes,Yes,Yes,Low
STU-00496,49,Female,Education,5.0,4.5,164.0,9,98,8,4,13.4,3.8,67,150,Yes,Education,2.3,8,Yes,,5,2.49,Yes,No,No,Low
STU-00498,47,Female,Electrical Engineering,6.8,5.5,554.0,9,98,5,5,13.4,1.3,36,0,No,Gaming,0.0,4,No,84.1,3,2.5,No,Yes,No,Low
STU-00499,46,Male,Electrical Engineering,5.6,5.0,372.0,4,115,8,4,15.1,7.2,51,75,Yes,Education,2.3,6,Yes,81.5,3,2.23,Yes,No,No,Medium
STU-00500,57,Male,Fine Arts,6.0,1.3,231.0,5,88,10,1,8.9,6.7,25,150,No,Entertainment,4.5,7,Yes,89.9,6,2.14,No,Yes,Yes,Medium
STU-00501,59,Female,Sports Science,6.1,0.3,289.0,1,75,5,2,10.7,2.5,21,75,Yes,Gaming,6.8,1,No,72.8,3,2.73,No,Yes,Yes,High
STU-00502,27,Female,Information Systems,6.5,2.6,258.0,5,102,1,4,8.1,0.0,33,75,Yes,News,,3,Yes,93.4,2,3.15,Yes,Yes,Yes,High
STU-00503,31,Male,Nursing,8.1,2.6,285.0,10,85,1,3,12.5,5.5,37,75,No,Gaming,4.5,5,No,82.3,2,2.25,No,Yes,Yes,Low
STU-00504,42,Other,Visual Communication Design,6.8,1.1,,8,76,7,4,16.0,4.6,53,112,No,Entertainment,4.5,5,No,86.8,1,2.12,Yes,No,Yes,Low
STU-00505,44,Male,Education,6.5,1.0,30.0,8,94,2,4,16.200000000000003,1.3,33,150,No,News,4.5,4,No,81.6,1,2.32,No,No,Yes,Low
STU-00506,32,Other,Education,7.1,6.1,233.0,8,104,9,6,11.6,0.4,51,150,Yes,Gaming,2.3,7,No,60.7,2,1.86,No,No,No,Medium
STU-00507,64,Other,Sports Science,7.1,2.3,80.0,8,65,4,5,4.5,6.7,32,38,No,Social Media/Trends,0.0,7,No,84.4,4,2.53,No,Yes,No,Low
STU-00509,18,Female,Culinary Arts,5.6,1.5,125.0,10,114,3,5,13.4,6.3,39,112,No,Social Media/Trends,4.5,4,No,83.9,2,2.2,Yes,No,Yes,Low
STU-00511,20,Other,Medicine,3.7,1.5,547.0,8,99,2,10,10.7,3.8,11,150,No,News,11.4,2,Yes,75.7,1,2.77,Yes,Yes,Yes,Low
STU-00512,26,Other,Sports Science,7.4,0.6,87.0,6,95,6,2,5.4,2.1,25,150,Yes,Education,0.0,3,No,99.5,4,2.02,No,Yes,No,High
STU-00514,53,Male,Biology/Science,7.8,0.7,392.0,10,73,3,6,14.2,5.5,4,150,No,Social Media/Trends,4.5,9,Yes,66.9,4,2.2,No,Yes,Yes,Low
STU-00515,35,Other,Nursing,5.8,2.1,,6,86,7,3,2.8,5.5,26,0,No,News,11.4,5,Yes,82.7,5,3.01,Yes,No,Yes,Low
STU-00516,60,Female,Law,6.6,2.5,319.0,8,92,10,6,12.5,2.5,28,38,Yes,Gaming,2.3,1,No,90.9,3,2.66,No,Yes,Yes,High
STU-00517,47,Male,Sports Science,5.2,0.3,558.0,10,114,2,10,11.6,6.7,29,112,No,Education,11.4,7,Yes,77.6,5,2.06,No,Yes,Yes,Low
STU-00518,25,Female,Information Systems,7.2,3.3,163.0,4,70,2,3,10.7,4.2,64,38,No,Entertainment,13.6,1,No,70.1,1,2.3,Yes,Yes,No,Low
STU-00519,41,Female,Electrical Engineering,5.3,0.8,486.0,8,111,4,8,11.6,2.9,0,150,No,Gaming,18.2,6,Yes,94.1,5,2.37,Yes,Yes,Yes,Low
STU-00520,63,Female,Biology/Science,7.3,3.0,536.0,3,90,3,2,14.2,1.3,58,0,Yes,Social Media/Trends,2.3,8,No,100.0,7,2.07,Yes,Yes,No,High
STU-00522,44,Other,Education,8.5,1.9,92.0,3,113,7,2,14.2,5.9,75,0,Yes,Gaming,0.0,8,Yes,75.4,6,1.81,No,Yes,Yes,Low
STU-00523,61,Male,Nursing,6.6,5.1,199.0,5,97,8,4,13.4,2.9,61,38,No,Gaming,15.9,6,Yes,87.9,7,2.48,Yes,No,Yes,Medium
STU-00525,37,Other,Biology/Science,9.2,5.6,360.0,10,105,1,4,10.7,7.2,77,38,Yes,Entertainment,9.1,4,No,85.8,2,2.35,Yes,No,Yes,Low
STU-00527,21,Female,Visual Communication Design,8.2,4.2,123.0,8,81,5,2,6.3,2.9,56,75,Yes,Education,4.5,3,No,61.2,4,2.54,Yes,No,No,High
STU-00528,37,Male,Biology/Science,3.5,1.6,430.0,10,100,3,9,13.4,3.4,17,112,No,Gaming,13.6,6,No,98.4,5,2.55,No,No,No,Low
STU-00529,62,MALE,Visual Communication Design,5.6,1.4,225.0,5,111,6,5,14.2,2.5,69,38,No,Gaming,6.8,10,Yes,73.4,6,1.92,No,Yes,No,Low
STU-00531,22,Male,Nursing,4.6,0.5,551.0,9,109,4,9,8.1,5.1,55,112,Yes,Entertainment,15.9,8,Yes,89.2,2,2.53,Yes,Yes,Yes,Low
STU-00532,29,Female,Fine Arts,6.0,2.9,63.0,7,92,2,2,1.9,2.1,18,150,Yes,Social Media/Trends,0.0,7,No,88.1,3,2.75,No,No,No,High
STU-00533,32,Other,Computer Science,4.6,1.1,583.0,10,97,1,8,10.7,4.2,57,112,No,Gaming,20.5,10,Yes,74.2,9,2.7,Yes,Yes,No,Low
STU-00534,46,Male,Electrical Engineering,7.4,3.6,332.0,2,110,10,3,7.2,4.6,77,0,Yes,Gaming,6.8,7,Yes,80.4,5,2.46,Yes,No,Yes,High
STU-00535,21,Female,Law,7.5,3.1,373.0,8,61,9,6,1.9,5.1,41,0,Yes,Education,2.3,5,Yes,81.2,5,2.85,No,No,No,Medium
STU-00537,60,Other,Other Program,6.6,3.7,296.0,7,116,2,5,9.8,1.3,18,75,No,Social Media/Trends,9.1,10,Yes,81.4,5,2.3,Yes,Yes,Yes,Low
STU-00538,60,Female,Other Program,6.4,3.4,257.0,8,107,9,4,4.5,6.7,25,75,Yes,Education,0.0,5,No,82.7,2,2.29,No,No,Yes,Low
STU-00540,36,Male,Biology/Science,8.5,6.2,,4,94,4,3,2.8,4.6,34,75,No,Social Media/Trends,0.0,5,No,,2,2.27,No,Yes,Yes,Medium
STU-00542,63,Male,Computer Science,7.3,3.3,348.0,8,89,7,5,12.5,6.7,41,75,No,News,4.5,5,No,85.1,3,2.2,Yes,No,Yes,Low
STU-00543,35,Male,Computer Science,7.6,5.6,355.0,6,91,9,2,16.0,0.8,0,150,No,News,0.0,6,No,85.6,5,2.26,No,No,No,Medium
STU-00544,56,Female,Nursing,6.0,2.5,329.0,1,63,8,1,32.099999999999994,7.2,61,150,Yes,Education,2.3,3,No,89.6,4,2.36,Yes,No,No,Low
STU-00545,41,Male,Nursing,6.6,2.6,387.0,5,112,7,5,1.0,4.2,31,38,No,Gaming,6.8,8,Yes,87.3,4,2.98,Yes,Yes,No,Low
STU-00546,53,female,Fine Arts,7.5,6.0,237.0,6,92,9,2,7.2,8.0,0,150,Yes,Education,0.0,4,No,76.7,0,2.4,No,Yes,Yes,Medium
STU-00547,44,Male,Sports Science,3.9,0.4,367.0,10,114,2,10,8.9,6.3,56,75,Yes,Education,11.4,7,Yes,74.4,5,2.68,No,Yes,No,Low
STU-00548,28,Other,Visual Communication Design,7.2,1.0,63.0,7,66,3,2,12.5,6.7,38,38,Yes,Social Media/Trends,0.0,8,No,95.3,4,2.08,No,Yes,Yes,Low
STU-00549,57,Other,Law,6.3,0.0,466.0,10,102,9,7,3.6,5.1,84,38,Yes,Entertainment,11.4,9,Yes,78.6,7,2.85,Yes,Yes,Yes,Low
STU-00550,60,Female,Biology/Science,5.7,0.6,424.0,4,74,7,5,6.3,7.2,0,150,No,Social Media/Trends,0.0,1,No,83.9,2,2.39,No,No,Yes,Low
STU-00551,61,Other,Biology/Science,6.7,1.0,306.0,10,96,9,4,8.9,1.3,34,75,No,News,4.5,9,Yes,69.6,3,2.15,Yes,No,No,Low
STU-00552,51,MALE,Nursing,6.2,3.3,395.0,1,62,10,2,8.9,,27,75,Yes,Education,0.0,6,Yes,85.6,0,2.52,No,Yes,Yes,Medium
STU-00555,45,MALE,Education,3.9,0.7,397.0,8,103,3,9,10.7,8.0,31,112,No,Education,11.4,10,Yes,81.7,5,2.15,Yes,No,Yes,Low
STU-00556,46,Male,Law,5.1,6.1,373.0,4,90,5,3,13.4,7.2,52,150,Yes,News,2.3,5,No,91.8,7,2.45,Yes,No,Yes,Medium
STU-00557,27,Female,Biology/Science,5.9,1.7,,5,87,2,5,11.6,4.2,9,112,No,Entertainment,0.0,2,No,87.1,4,2.54,No,No,Yes,Medium
STU-00558,57,Female,Law,6.9,6.1,529.0,3,80,1,5,14.2,,52,150,No,News,,5,Yes,90.2,6,2.49,Yes,Yes,Yes,Medium
STU-00560,33,Male,Computer Science,8.5,3.9,123.0,9,111,4,4,11.6,3.8,0,150,Yes,Social Media/Trends,6.8,1,No,91.4,0,2.6,No,No,No,High
STU-00563,35,Male,Electrical Engineering,6.1,3.4,253.0,1,95,7,3,9.8,7.2,14,112,,News,6.8,9,Yes,92.1,4,2.28,Yes,No,No,Medium
STU-00564,44,female,Nursing,6.8,7.1,385.0,1,65,2,2,1.0,7.6,79,0,No,Entertainment,9.1,9,Yes,80.1,3,1.77,Yes,Yes,No,Low
STU-00566,46,Female,Visual Communication Design,6.8,7.0,,3,106,7,3,3.6,1.3,79,75,Yes,Entertainment,0.0,6,No,64.6,1,2.44,No,No,Yes,Medium
STU-00569,45,Male,Medicine,6.4,4.0,306.0,1,118,6,4,1.9,2.1,14,0,Yes,Social Media/Trends,9.1,1,No,87.9,4,2.71,Yes,Yes,No,High
STU-00570,52,male,Law,7.5,0.7,344.0,9,78,8,4,6.3,4.6,0,0,No,News,0.0,7,Yes,70.4,7,2.43,No,No,Yes,Low
STU-00572,23,Male,Fine Arts,7.1,1.7,193.0,1,85,8,2,16.0,4.6,73,0,No,Entertainment,6.8,4,Yes,97.1,6,2.35,Yes,No,Yes,Low
STU-00573,59,Female,Education,5.8,3.6,225.0,1,90,2,2,1.0,3.8,27,112,No,Social Media/Trends,2.3,3,No,82.3,7,2.89,Yes,No,Yes,Medium
STU-00574,64,Other,Fine Arts,6.2,4.2,187.0,7,81,4,4,1.9,7.6,95,38,No,Education,0.0,7,No,79.8,1,2.33,Yes,Yes,No,Low
STU-00575,45,Male,Visual Communication Design,7.3,2.0,228.0,5,70,8,3,6.3,3.8,10,75,No,Entertainment,2.3,10,Yes,69.0,3,2.15,No,Yes,No,Medium
STU-00576,46,Male,Information Systems,8.3,1.8,220.0,2,75,3,3,2.8,7.6,0,0,No,Entertainment,4.5,4,No,83.3,2,2.37,No,Yes,No,High
STU-00577,55,MALE,Electrical Engineering,6.1,2.8,550.0,5,107,8,2,11.6,8.0,6,38,Yes,Entertainment,4.5,3,No,100.0,2,2.42,Yes,No,Yes,Medium
STU-00578,25,Female,Medicine,8.8,7.3,258.0,4,110,8,3,8.1,1.3,46,0,No,Entertainment,11.4,7,Yes,80.2,2,2.19,Yes,Yes,No,Medium
STU-00580,33,Female,Fine Arts,7.7,1.8,244.0,8,86,2,5,13.4,2.9,31,112,No,News,4.5,5,No,80.4,5,2.14,Yes,No,No,Low
STU-00581,31,Female,Medicine,5.3,1.4,417.0,2,94,1,3,12.5,5.5,14,75,No,Entertainment,2.3,4,Yes,73.7,4,1.97,Yes,No,Yes,Low
STU-00583,61,Male,Law,6.8,4.2,343.0,7,90,8,2,9.8,0.0,70,150,No,Gaming,4.5,10,Yes,81.0,5,1.89,No,No,No,Low
STU-00584,48,Male,Culinary Arts,4.1,0.0,386.0,10,113,1,9,16.0,2.9,36,150,Yes,Entertainment,20.5,5,No,100.0,5,2.12,Yes,Yes,No,Low
STU-00585,49,Female,Other Program,6.2,5.5,163.0,2,115,3,4,7.2,2.5,65,112,No,Social Media/Trends,9.1,7,Yes,66.1,5,2.31,Yes,Yes,No,Low
STU-00586,36,Female,Medicine,8.0,0.9,321.0,2,108,9,2,5.4,3.4,40,38,Yes,Education,2.3,5,No,75.4,3,2.77,No,No,No,High
STU-00587,55,Female,Fine Arts,7.2,4.9,258.0,1,115,3,1,9.8,8.0,23,150,No,Education,6.8,1,No,84.1,5,2.64,Yes,No,Yes,Medium
STU-00588,20,Male,Biology/Science,8.3,1.1,299.0,10,78,7,4,1.0,2.5,44,150,Yes,Entertainment,6.8,8,No,63.6,4,2.41,Yes,Yes,No,Medium
STU-00589,33,Female,Nursing,7.2,1.0,361.0,3,67,4,2,4.5,4.6,17,112,No,Entertainment,0.0,3,No,81.7,1,2.38,No,Yes,No,Medium
STU-00590,41,Male,Other Program,7.4,3.9,225.0,4,100,5,4,14.2,,64,150,Yes,Gaming,2.3,8,Yes,67.5,10,1.7,Yes,No,Yes,Low
STU-00592,42,Male,Electrical Engineering,7.0,1.6,417.0,9,65,6,3,2.8,5.1,5,38,Yes,Education,0.0,10,Yes,73.2,5,2.04,No,No,Yes,Low
STU-00593,63,Other,Culinary Arts,5.4,1.7,121.0,6,82,10,3,12.5,6.3,55,112,No,News,0.0,9,No,,7,2.1,No,Yes,Yes,Low
STU-00594,51,Male,Visual Communication Design,6.5,4.3,150.0,8,99,10,4,16.0,7.6,23,75,Yes,News,2.3,4,No,52.6,3,2.4,No,Yes,Yes,Low
STU-00595,62,Other,Nursing,6.7,4.3,219.0,9,98,7,3,11.6,0.0,36,112,No,Entertainment,0.0,3,No,86.1,4,2.36,No,No,No,Low
STU-00596,20,Female,Medicine,7.7,1.7,549.0,7,100,4,4,6.3,0.0,24,75,No,Gaming,2.3,5,Yes,83.7,7,2.12,No,No,Yes,Medium
STU-00598,63,Other,Sports Science,7.0,2.8,248.0,4,84,7,3,8.1,3.4,15,75,Yes,Social Media/Trends,4.5,1,No,76.4,1,2.93,No,No,Yes,High
STU-00599,35,Other,Information Systems,7.4,6.2,319.0,4,116,4,2,7.2,2.5,71,0,No,,11.4,5,Yes,100.0,9,2.42,Yes,Yes,No,High
STU-00600,37,Female,Culinary Arts,6.9,1.6,391.0,10,87,1,4,15.1,5.5,81,150,Yes,Education,11.4,8,Yes,90.2,7,2.17,Yes,No,Yes,Low
STU-00601,53,Female,Electrical Engineering,6.6,1.6,269.0,8,103,4,5,14.2,0.8,0,0,No,Entertainment,2.3,6,No,78.6,3,2.19,No,No,No,Medium
STU-00603,46,Other,Information Systems,5.5,6.2,271.0,1,60,7,1,7.2,,34,75,No,Education,4.5,8,Yes,77.3,4,2.31,Yes,No,Yes,Low
STU-00606,56,Female,Visual Communication Design,5.1,8.7,281.0,8,89,1,3,1.0,5.1,8,38,Yes,Social Media/Trends,4.5,6,No,73.6,5,2.15,Yes,Yes,No,Medium
STU-00608,61,Male,Law,8.1,4.9,,9,117,1,4,10.7,5.9,19,150,Yes,Entertainment,4.5,2,No,97.6,3,2.56,No,No,No,High
STU-00609,19,Male,Electrical Engineering,8.4,2.5,282.0,7,107,10,6,5.4,5.1,45,38,Yes,Gaming,9.1,6,Yes,91.2,9,2.67,Yes,Yes,Yes,Medium
STU-00611,49,Other,Culinary Arts,3.9,0.4,523.0,9,100,4,10,14.2,5.9,0,75,No,Gaming,15.9,10,Yes,69.2,6,2.22,Yes,Yes,No,Low
STU-00613,46,Other,Computer Science,6.9,4.6,264.0,5,93,2,4,4.5,6.3,0,112,Yes,Education,6.8,6,Yes,88.8,3,2.59,Yes,Yes,No,High
STU-00614,21,Female,Fine Arts,5.9,3.2,,7,101,5,3,16.0,5.5,54,150,Yes,Social Media/Trends,2.3,2,No,79.4,1,2.12,No,No,Yes,Medium
STU-00616,26,Male,Visual Communication Design,6.8,2.9,114.0,5,99,1,2,10.7,1.7,32,75,No,Gaming,4.5,7,Yes,82.2,6,2.5,No,No,Yes,Medium
STU-00617,18,Other,Nursing,7.1,4.6,129.0,1,76,10,2,9.8,0.8,51,75,Yes,Entertainment,13.6,5,No,94.1,5,2.66,Yes,Yes,No,High
STU-00618,39,Other,Visual Communication Design,4.8,2.2,109.0,9,81,2,5,11.6,0.4,15,150,No,Education,4.5,3,Yes,82.9,3,2.66,Yes,Yes,Yes,Low
STU-00619,55,Other,Fine Arts,6.5,2.5,92.0,5,82,4,3,8.9,7.6,67,150,Yes,News,6.8,7,Yes,68.9,2,2.39,No,Yes,Yes,Medium
STU-00620,52,Other,Culinary Arts,5.0,3.3,386.0,10,61,2,7,15.1,5.9,47,150,Yes,News,9.1,3,No,81.1,0,2.7,Yes,Yes,Yes,Medium
STU-00621,34,Female,Medicine,8.5,5.4,573.0,8,106,7,5,2.8,8.0,23,0,Yes,Social Media/Trends,0.0,4,No,79.0,3,2.41,No,Yes,Yes,High
STU-00622,32,Male,Law,4.2,0.2,457.0,9,96,1,10,12.5,2.1,65,75,Yes,Social Media/Trends,11.4,6,Yes,79.4,5,2.19,Yes,No,Yes,Low
STU-00623,37,Female,Sports Science,7.5,2.2,62.0,3,88,7,2,8.9,6.3,40,38,No,Gaming,2.3,7,Yes,74.2,3,2.35,Yes,Yes,No,Low
STU-00624,19,MALE,Visual Communication Design,8.4,3.0,125.0,4,65,2,3,10.7,0.4,43,75,Yes,Gaming,0.0,3,Yes,100.0,3,2.18,No,No,No,High
STU-00625,35,Other,Electrical Engineering,4.9,2.2,415.0,8,83,2,6,3.6,5.1,2,0,No,Entertainment,11.4,5,Yes,97.0,2,3.11,Yes,Yes,Yes,Low
STU-00626,63,Male,Fine Arts,6.8,3.0,53.0,9,91,3,4,14.2,4.2,17,150,No,Education,6.8,4,No,72.4,2,2.23,Yes,No,No,Low
STU-00627,33,Female,Information Systems,7.4,1.1,353.0,4,101,1,3,1.0,4.6,0,150,No,Entertainment,,4,Yes,94.7,1,2.75,No,No,Yes,High
STU-00628,59,Female,Other Program,6.6,5.8,214.0,10,70,9,7,14.2,2.9,34,38,No,Gaming,0.0,4,No,78.2,5,1.93,No,No,Yes,Low
STU-00629,29,Other,Computer Science,5.9,1.7,280.0,1,73,8,1,5.699999999999999,3.8,67,75,No,News,2.3,8,No,82.0,10,2.34,Yes,Yes,Yes,Low
STU-00630,34,Female,Visual Communication Design,6.5,0.9,113.0,5,88,1,2,9.8,8.0,28,0,No,Social Media/Trends,4.5,4,No,85.8,4,2.56,Yes,Yes,Yes,Low
STU-00633,64,Female,Fine Arts,6.7,0.3,275.0,1,70,5,1,8.1,6.7,45,38,Yes,Gaming,,9,Yes,67.8,2,2.05,No,No,No,Medium
STU-00634,46,Male,Education,3.7,0.9,325.0,9,114,1,9,13.4,6.3,48,150,No,Education,13.6,7,No,78.2,2,2.66,Yes,No,Yes,Low
STU-00635,25,Other,Medicine,8.1,2.1,383.0,5,111,1,5,13.4,5.5,23,150,No,Education,6.8,7,Yes,63.7,5,2.37,Yes,No,No,Medium
STU-00637,45,Male,Computer Science,6.7,0.6,336.0,3,76,5,3,11.6,8.0,29,75,No,Social Media/Trends,2.3,3,No,82.2,0,3.03,No,Yes,Yes,Medium
STU-00638,55,Male,Culinary Arts,5.8,6.0,,1,76,1,1,8.1,6.7,29,112,Yes,News,4.5,8,No,68.3,6,1.84,Yes,No,No,Low
STU-00639,52,Other,Fine Arts,6.4,4.9,163.0,1,101,9,2,10.7,4.2,22,75,Yes,Gaming,0.0,5,No,78.6,4,2.17,No,Yes,No,High
STU-00640,53,Other,Medicine,5.9,1.6,443.0,10,76,9,5,45.3,3.8,0,150,No,News,9.1,1,No,86.8,4,2.96,Yes,No,Yes,Low
STU-00641,18,Other,Sports Science,7.9,4.3,115.0,7,67,2,1,7.2,4.6,16,38,No,Social Media/Trends,0.0,7,Yes,68.6,6,2.14,No,No,Yes,Low
STU-00642,34,Other,Law,6.0,2.7,534.0,9,88,3,6,15.1,7.2,38,75,No,Social Media/Trends,4.5,8,Yes,78.4,8,2.05,No,No,No,Low
STU-00643,40,Female,Electrical Engineering,5.6,1.8,371.0,9,86,10,5,2.8,6.3,0,0,No,Entertainment,2.3,10,Yes,79.3,5,2.17,No,Yes,Yes,Low
STU-00644,38,Female,Fine Arts,3.5,2.4,355.0,8,97,2,9,9.8,4.2,66,112,No,Gaming,20.5,3,No,98.1,5,2.55,Yes,Yes,No,Low
STU-00645,37,Male,Fine Arts,4.9,3.4,152.0,6,78,7,3,4.5,5.5,19,75,Yes,Gaming,4.5,2,No,78.0,6,2.76,Yes,No,Yes,High
STU-00646,56,Other,Culinary Arts,8.3,3.4,204.0,3,76,3,1,14.2,7.2,30,38,No,Entertainment,2.3,7,No,68.3,5,2.11,No,No,No,Low
STU-00647,46,Other,Visual Communication Design,4.9,1.1,486.0,8,117,1,9,11.6,3.8,46,112,No,Education,15.9,8,Yes,72.9,4,2.26,Yes,No,Yes,Low
STU-00648,29,Female,Culinary Arts,7.7,3.9,102.0,9,100,7,5,12.5,6.7,23,112,Yes,Social Media/Trends,6.8,5,No,86.7,4,2.22,Yes,No,No,Medium
STU-00649,32,Other,Culinary Arts,3.4,1.0,489.0,9,116,2,9,13.4,2.1,21,150,Yes,Entertainment,11.4,7,Yes,77.1,6,2.18,Yes,No,No,Low
STU-00651,51,Female,Education,7.5,3.8,57.0,4,78,5,1,1.0,,53,112,Yes,Social Media/Trends,0.0,8,Yes,69.0,5,2.73,No,No,No,Medium
STU-00652,22,Female,Fine Arts,6.9,2.9,232.0,4,84,6,3,2.8,0.0,39,150,No,News,2.3,1,No,85.0,0,3.33,No,No,Yes,High
STU-00653,44,Male,Electrical Engineering,6.1,0.2,440.0,6,72,1,4,15.1,2.1,16,150,Yes,News,0.0,4,No,74.2,1,2.23,No,No,Yes,High
STU-00655,54,Female,Nursing,6.0,4.9,181.0,7,80,4,5,1.0,6.7,37,112,Yes,Social Media/Trends,6.8,8,Yes,86.0,4,2.84,Yes,No,Yes,Medium
STU-00656,60,Other,Information Systems,7.5,3.2,387.0,10,107,6,5,8.9,3.8,38,112,Yes,Social Media/Trends,0.0,2,No,89.6,5,2.7,No,No,Yes,High
STU-00657,24,Male,Other Program,5.3,0.6,514.0,10,109,1,8,14.2,3.8,0,75,No,Entertainment,18.2,5,No,89.4,2,2.32,Yes,No,No,Low
STU-00658,60,Other,Visual Communication Design,6.9,5.3,70.0,6,75,5,2,9.8,3.4,0,112,Yes,Gaming,0.0,3,No,90.1,5,2.94,No,Yes,No,High
STU-00659,48,Other,Biology/Science,3.9,4.3,304.0,1,73,4,4,15.1,3.8,52,0,No,Gaming,4.5,7,No,88.4,3,2.03,Yes,Yes,No,Low
STU-00660,29,Other,Law,7.6,1.6,363.0,3,113,6,2,3.6,5.1,49,75,No,Entertainment,0.0,1,No,95.4,2,3.01,No,Yes,Yes,High
STU-00661,53,Other,Other Program,4.7,3.4,10.0,3,76,8,2,7.2,,55,150,,Entertainment,0.0,7,Yes,62.4,4,2.32,No,Yes,No,Low
STU-00662,50,FEMALE,Medicine,6.8,8.8,335.0,5,68,9,3,9.8,0.0,12,38,No,Gaming,0.0,8,No,87.7,7,2.17,Yes,Yes,Yes,High
STU-00663,26,Other,Computer Science,7.6,0.3,132.0,2,66,1,1,1.9,0.0,35,112,Yes,Entertainment,9.1,6,Yes,70.4,5,2.22,Yes,No,Yes,High
STU-00664,46,Male,Culinary Arts,5.5,3.3,208.0,5,88,4,4,3.6,8.0,7,0,Yes,News,0.0,6,Yes,67.2,5,2.61,No,Yes,No,Medium
STU-00665,51,Female,Biology/Science,8.1,3.3,518.0,3,104,1,2,10.7,6.3,32,0,No,Education,2.3,10,Yes,61.3,6,1.82,No,No,Yes,Low
STU-00667,22,Female,Fine Arts,8.3,3.7,124.0,5,90,6,3,1.9,0.4,23,0,Yes,Gaming,2.3,3,No,72.7,2,2.75,No,No,Yes,High
STU-00668,45,Male,Electrical Engineering,7.1,4.6,568.0,3,116,7,1,10.7,3.8,37,150,No,Entertainment,0.0,5,Yes,85.1,4,2.19,Yes,No,No,Medium
STU-00669,45,Other,Sports Science,7.6,3.6,51.0,10,87,10,5,15.1,4.6,60,112,Yes,,9.1,4,No,90.5,0,2.55,Yes,Yes,Yes,High
STU-00670,36,Female,Law,8.5,3.2,490.0,9,86,3,4,6.3,3.4,16,75,No,Education,0.0,10,Yes,71.3,5,2.32,No,No,No,Low
STU-00671,18,Female,Information Systems,6.9,2.7,142.0,3,86,3,3,7.2,5.5,47,112,No,Entertainment,4.5,9,Yes,70.9,0,2.29,Yes,Yes,No,Low
STU-00672,59,Other,Computer Science,7.5,4.5,365.0,4,114,3,3,2.8,5.5,22,38,No,Education,11.4,5,No,72.9,2,2.82,Yes,Yes,Yes,Low
STU-00674,49,Other,Fine Arts,6.2,3.2,,7,116,3,2,7.2,5.5,81,112,No,Gaming,0.0,3,Yes,86.2,3,2.52,No,No,Yes,Low
STU-00676,60,Female,Information Systems,7.8,2.5,352.0,4,72,10,3,6.3,2.1,47,75,Yes,Entertainment,0.0,2,No,89.9,2,3.03,Yes,No,Yes,High
STU-00678,31,Female,Visual Communication Design,7.7,2.6,62.0,1,60,3,1,4.5,2.9,0,75,Yes,Entertainment,2.3,6,No,68.9,4,2.26,Yes,Yes,No,Medium
STU-00679,47,Female,Nursing,5.8,7.3,382.0,7,87,3,4,8.1,4.6,25,38,No,Entertainment,0.0,2,No,83.0,1,2.6,No,Yes,No,Medium
STU-00681,40,Female,Culinary Arts,6.2,4.1,362.0,7,103,6,4,1.9,2.1,25,75,Yes,Gaming,0.0,8,Yes,86.6,3,2.37,No,No,No,Medium
STU-00683,60,Male,Other Program,5.8,0.2,217.0,7,116,3,5,10.7,7.6,70,38,No,Gaming,4.5,7,No,84.2,2,2.24,Yes,No,No,Low
STU-00684,37,Male,Sports Science,5.8,4.3,121.0,7,86,9,6,11.6,1.3,57,150,Yes,Social Media/Trends,2.3,10,Yes,72.6,5,1.73,No,Yes,No,Low
STU-00685,41,Female,Fine Arts,8.2,7.4,213.0,5,104,3,2,4.5,1.7,14,0,No,Education,4.5,2,No,84.0,0,2.7,No,Yes,Yes,High
STU-00686,37,Male,Nursing,7.7,5.4,368.0,3,81,5,1,11.6,2.1,60,150,Yes,Entertainment,0.0,8,Yes,78.8,1,2.11,No,Yes,No,High
STU-00687,34,Male,Culinary Arts,6.8,3.9,267.0,3,102,5,4,6.3,6.3,33,75,No,Entertainment,6.8,8,Yes,78.5,7,2.21,Yes,Yes,Yes,Low
STU-00688,41,MALE,Visual Communication Design,8.9,4.6,173.0,7,71,8,5,1.9,1.3,34,0,Yes,Gaming,11.4,6,Yes,90.2,1,3.04,Yes,Yes,Yes,High
STU-00689,58,Male,Other Program,7.7,0.6,80.0,7,118,6,3,5.4,0.8,47,38,Yes,Education,4.5,5,No,66.1,4,2.2,No,Yes,Yes,Low
STU-00690,31,Male,Fine Arts,6.5,1.8,233.0,8,93,10,5,3.6,4.6,90,112,Yes,News,2.3,7,No,78.8,1,2.6,Yes,No,No,Low
STU-00691,30,Other,Nursing,6.3,1.1,,9,111,2,5,6.3,,35,38,No,Entertainment,4.5,7,No,77.1,2,2.32,Yes,Yes,Yes,Low
STU-00692,40,Female,Other Program,7.9,0.3,144.0,2,93,5,3,12.5,2.5,27,150,Yes,Education,0.0,7,Yes,75.9,4,2.08,No,Yes,Yes,Medium
STU-00694,31,Female,Visual Communication Design,7.2,2.2,178.0,6,92,7,3,2.8,,14,38,No,Entertainment,6.8,8,Yes,74.5,7,2.32,Yes,No,No,Low
STU-00695,34,Male,Biology/Science,6.2,1.7,295.0,4,71,10,3,16.0,,23,112,Yes,Gaming,0.0,10,No,86.5,3,2.03,No,No,Yes,Medium
STU-00696,63,Male,Electrical Engineering,7.6,2.8,360.0,5,91,7,2,10.7,5.5,38,150,Yes,Social Media/Trends,0.0,8,No,,6,2.06,No,Yes,Yes,Low
STU-00697,55,Female,Nursing,9.3,2.0,242.0,4,72,10,1,9.8,0.4,69,0,Yes,Social Media/Trends,2.3,5,Yes,93.4,1,2.2,No,Yes,Yes,High
STU-00698,31,Female,Information Systems,7.5,3.0,292.0,5,78,1,3,11.6,3.8,60,38,No,Gaming,4.5,8,No,74.3,5,1.88,Yes,No,No,Low
STU-00700,64,Male,Electrical Engineering,7.9,0.8,,6,65,9,4,8.9,,17,38,No,News,4.5,5,Yes,89.2,6,2.31,No,Yes,Yes,Medium
STU-00701,22,Female,Law,8.5,0.1,465.0,10,107,8,4,11.6,4.2,43,75,Yes,Entertainment,2.3,3,No,78.1,1,2.49,No,No,No,High
STU-00702,33,Female,Computer Science,4.3,6.2,114.0,4,64,9,2,8.1,4.6,25,38,No,Social Media/Trends,2.3,7,Yes,80.6,2,2.2,No,Yes,No,Low
STU-00703,48,Male,Medicine,6.7,3.0,452.0,6,86,9,3,8.1,1.3,33,112,No,Social Media/Trends,11.4,9,No,69.5,7,2.3,Yes,Yes,No,Medium
STU-00704,61,Female,Education,5.5,5.9,20.0,9,79,8,5,1.0,3.8,48,112,No,Gaming,4.5,7,No,66.6,3,2.1,No,Yes,Yes,Low
STU-00706,34,Male,Culinary Arts,7.4,3.3,399.0,7,109,3,6,9.8,2.9,8,150,No,News,4.5,6,Yes,97.0,5,1.87,No,Yes,Yes,Medium
STU-00707,29,Other,Information Systems,5.9,5.4,324.0,5,69,9,1,15.1,2.1,62,150,Yes,Education,2.3,10,Yes,86.5,8,2.01,No,No,Yes,Low
STU-00708,40,Other,Law,5.9,4.4,592.0,10,95,10,6,15.1,3.8,14,112,Yes,Entertainment,0.0,5,No,67.5,1,1.86,No,Yes,Yes,Low
STU-00709,33,Male,Other Program,7.9,2.7,164.0,2,98,6,2,11.6,4.2,86,75,No,News,2.3,3,No,,0,2.44,Yes,No,Yes,Medium
STU-00710,28,Male,Biology/Science,8.4,4.1,573.0,2,109,5,2,1.9,1.3,0,0,Yes,Gaming,2.3,5,No,78.4,1,2.49,Yes,No,No,High
STU-00711,59,Female,Fine Arts,9.2,4.4,245.0,9,67,4,2,2.8,5.5,30,38,Yes,Entertainment,2.3,8,Yes,69.2,3,2.41,No,Yes,No,Medium
STU-00712,45,Other,Other Program,6.0,4.4,103.0,8,74,3,3,2.8,7.2,46,150,No,Gaming,0.0,2,No,74.0,5,2.45,No,Yes,No,Low
STU-00713,58,Other,Nursing,6.4,2.8,163.0,7,103,1,4,3.6,0.8,17,0,No,Entertainment,2.3,10,Yes,69.0,6,2.14,No,Yes,No,Low
STU-00714,41,Male,Visual Communication Design,10.1,6.6,168.0,9,98,2,3,13.4,0.8,29,38,Yes,Entertainment,2.3,5,No,65.2,5,2.05,No,No,Yes,High
STU-00715,60,Female,Visual Communication Design,7.1,3.9,231.0,7,78,1,3,1.9,1.3,43,38,Yes,Education,2.3,5,Yes,100.0,3,2.84,No,Yes,No,High
STU-00716,34,Other,Culinary Arts,7.0,1.2,206.0,6,88,6,4,1.9,7.2,53,150,Yes,Education,9.1,4,No,65.0,2,2.48,Yes,No,Yes,Low
STU-00717,49,Female,Computer Science,4.6,1.1,484.0,10,92,4,8,8.9,7.2,23,75,No,Education,9.1,10,Yes,87.7,5,2.11,Yes,Yes,Yes,Low
STU-00718,43,male,Education,7.7,3.4,264.0,5,66,1,2,10.7,5.1,0,112,Yes,Gaming,13.6,6,No,100.0,2,2.42,Yes,No,Yes,High
STU-00720,57,Other,Sports Science,5.8,6.2,103.0,9,75,3,4,13.4,6.7,3,75,Yes,Social Media/Trends,6.8,4,No,90.5,3,2.11,Yes,No,No,Medium
STU-00721,20,Male,Fine Arts,8.6,2.3,132.0,9,109,6,4,16.0,1.7,61,75,Yes,Social Media/Trends,0.0,7,Yes,59.1,3,1.61,No,Yes,Yes,Low
STU-00722,30,Male,Other Program,6.4,3.8,188.0,6,116,10,4,3.0,5.5,50,0,No,Gaming,9.1,8,Yes,91.3,8,2.65,Yes,No,Yes,Low
STU-00723,25,Male,Medicine,4.3,1.6,446.0,8,118,2,8,8.9,5.1,12,150,No,Entertainment,,3,No,78.0,0,2.64,No,Yes,Yes,Medium
STU-00725,54,Female,Computer Science,7.8,3.1,368.0,4,105,9,1,34.8,6.7,8,75,Yes,Social Media/Trends,9.1,7,No,62.4,3,2.46,Yes,No,No,High
STU-00726,56,Female,Information Systems,7.0,8.2,286.0,2,94,4,3,15.1,,18,75,Yes,Entertainment,2.3,5,Yes,74.1,7,1.9,Yes,Yes,No,Medium
STU-00727,32,Other,Electrical Engineering,8.1,1.3,449.0,9,102,3,5,8.1,1.7,0,0,Yes,News,2.3,9,No,78.1,1,1.84,No,No,Yes,Medium
STU-00728,24,Other,Visual Communication Design,8.4,0.5,243.0,8,116,1,4,6.3,0.4,34,38,Yes,Gaming,9.1,8,Yes,79.5,3,2.82,Yes,No,Yes,Medium
STU-00729,42,Female,Fine Arts,6.9,3.0,212.0,3,108,2,2,10.7,1.3,9,150,Yes,Social Media/Trends,18.2,7,Yes,69.6,6,2.73,Yes,No,Yes,High
STU-00730,32,Female,Nursing,6.8,2.0,116.0,3,98,9,4,15.1,5.5,0,0,Yes,Social Media/Trends,4.5,7,Yes,61.6,2,1.77,No,Yes,Yes,High
STU-00731,28,Male,Computer Science,5.5,1.0,311.0,9,104,2,8,13.4,4.2,51,150,No,Education,18.2,7,Yes,55.7,6,2.07,Yes,No,Yes,Low
STU-00732,24,male,Biology/Science,8.4,0.8,270.0,4,93,2,2,12.5,5.1,59,38,Yes,Social Media/Trends,0.0,5,No,72.4,6,2.35,No,Yes,Yes,High
STU-00733,45,Other,Law,8.4,2.8,308.0,2,101,6,1,12.5,5.9,72,75,No,Entertainment,0.0,9,Yes,63.3,1,1.82,No,No,No,Low
STU-00734,40,Male,Education,5.3,0.7,330.0,9,113,1,8,12.5,2.1,0,75,Yes,Social Media/Trends,20.5,7,Yes,80.6,4,2.26,Yes,Yes,Yes,Low
STU-00735,36,Other,Law,8.5,5.4,,3,93,6,2,16.0,3.4,11,75,Yes,Gaming,4.5,10,Yes,91.7,5,1.78,No,No,Yes,Medium
STU-00736,39,Male,Computer Science,8.0,2.7,236.0,6,113,4,4,11.6,7.2,8,150,No,Education,11.4,8,Yes,82.9,3,2.58,Yes,Yes,Yes,Low
STU-00737,56,Other,Sports Science,5.0,6.3,230.0,1,107,2,2,1.9,3.8,0,38,Yes,Entertainment,4.5,3,Yes,90.2,5,2.98,Yes,No,Yes,High
STU-00738,49,Other,Education,6.4,4.1,269.0,4,112,3,1,12.5,7.6,24,150,Yes,News,0.0,3,No,86.7,0,2.08,Yes,No,No,Medium
STU-00741,26,female,Fine Arts,6.1,3.8,116.0,10,60,2,5,12.5,0.0,31,0,No,News,6.8,5,No,71.1,6,2.56,No,No,No,Low
STU-00742,30,female,Law,8.1,5.5,522.0,10,103,4,6,5.4,2.5,49,75,No,Gaming,0.0,10,Yes,85.5,6,2.51,No,No,Yes,Low
STU-00743,23,Female,Information Systems,9.0,2.2,380.0,7,80,4,4,11.6,0.4,2,75,Yes,Social Media/Trends,2.3,1,No,94.7,3,2.45,No,Yes,Yes,High
STU-00744,42,Male,Nursing,3.9,0.1,419.0,10,108,4,9,11.6,6.3,10,75,Yes,News,20.5,7,Yes,74.5,4,2.51,Yes,Yes,Yes,Medium
STU-00745,59,Male,Nursing,7.5,6.0,160.0,6,103,2,2,3.6,7.6,14,112,No,Social Media/Trends,6.8,3,No,76.9,2,3.08,Yes,Yes,Yes,Medium
STU-00746,35,Male,Culinary Arts,4.8,3.5,218.0,5,78,2,5,16.0,0.4,18,0,No,News,9.1,4,No,96.7,5,2.58,Yes,No,No,Low
STU-00747,34,Female,Nursing,7.7,1.8,146.0,4,71,5,1,4.5,4.2,19,150,Yes,News,0.0,7,Yes,84.5,1,2.59,No,Yes,Yes,High
STU-00748,20,Other,Culinary Arts,8.9,2.7,257.0,4,62,1,3,8.9,5.1,61,75,No,News,4.5,8,Yes,79.8,6,2.58,No,Yes,No,Low
STU-00749,28,Other,Culinary Arts,8.1,4.2,250.0,7,95,1,4,4.5,4.6,14,112,No,Entertainment,2.3,7,Yes,63.9,2,2.35,No,No,No,Low
STU-00751,21,Female,Biology/Science,4.8,2.3,372.0,9,96,4,8,8.1,8.0,68,112,Yes,Education,18.2,5,Yes,100.0,7,2.8,Yes,Yes,Yes,Low
STU-00754,37,Female,Law,8.1,2.4,551.0,6,69,10,4,1.9,,19,112,Yes,Social Media/Trends,0.0,1,Yes,74.0,6,2.79,No,No,Yes,High
STU-00757,52,Other,Sports Science,7.7,4.0,222.0,10,97,10,3,8.1,7.2,0,75,Yes,News,2.3,9,Yes,84.7,8,2.16,No,No,No,Medium
STU-00758,18,Female,Education,6.6,4.5,54.0,6,98,5,2,4.5,2.9,29,150,No,Education,6.8,8,No,80.9,3,2.47,Yes,No,Yes,Low
STU-00759,22,Other,Electrical Engineering,6.2,2.5,553.0,2,105,2,3,2.8,2.9,64,75,No,News,0.0,6,No,100.0,3,2.42,No,Yes,No,Low
STU-00760,63,Male,Visual Communication Design,4.5,2.8,112.0,1,90,6,2,5.4,4.6,24,0,No,Social Media/Trends,,3,No,92.8,4,2.58,No,Yes,No,Low
STU-00761,55,Male,Fine Arts,8.4,2.2,68.0,7,85,2,5,10.7,7.2,0,0,No,Education,4.5,7,Yes,88.6,5,2.84,Yes,No,No,Medium
STU-00762,43,Male,Other Program,7.0,0.3,217.0,2,99,6,1,7.2,3.4,58,0,No,Gaming,4.5,9,Yes,64.0,1,2.16,No,Yes,Yes,Low
STU-00763,19,Other,Culinary Arts,7.7,2.7,200.0,8,62,1,3,7.2,2.1,59,112,Yes,Gaming,0.0,7,No,,3,1.72,No,No,Yes,Low
STU-00764,39,Female,Medicine,7.4,3.7,563.0,3,109,8,4,11.6,6.7,41,0,Yes,Gaming,4.5,9,Yes,76.5,8,2.35,Yes,Yes,No,Low
STU-00765,33,FEMALE,Medicine,5.2,1.0,471.0,8,95,3,10,10.7,7.2,17,112,Yes,Gaming,11.4,7,No,79.5,3,2.36,Yes,Yes,Yes,Low
STU-00766,37,Other,Biology/Science,7.6,5.3,553.0,9,101,3,6,6.3,5.9,53,150,No,Gaming,6.8,5,No,68.6,4,2.43,Yes,No,Yes,Low
STU-00767,43,Other,Other Program,7.1,0.2,78.0,7,103,7,1,3.6,1.7,0,0,No,Social Media/Trends,2.3,4,No,65.4,2,2.55,No,Yes,Yes,High
STU-00769,39,Other,Medicine,7.2,5.0,514.0,5,67,1,2,3.6,1.3,26,112,No,Entertainment,9.1,3,Yes,87.0,6,2.71,Yes,Yes,No,High
STU-00770,63,Female,Nursing,7.9,0.3,396.0,2,86,9,2,5.4,6.3,17,75,Yes,Social Media/Trends,9.1,9,Yes,91.0,7,2.45,Yes,Yes,Yes,Medium
STU-00771,60,Female,Visual Communication Design,6.0,2.5,191.0,10,110,9,5,15.1,0.8,40,0,No,News,2.3,6,Yes,68.3,6,2.06,No,Yes,Yes,Low
STU-00773,38,Female,Biology/Science,6.5,2.5,487.0,3,110,4,2,8.1,2.5,31,150,,News,2.3,2,No,75.8,0,2.57,Yes,No,No,High
STU-00774,52,Female,Computer Science,7.3,7.2,344.0,8,111,10,4,7.2,5.1,41,0,Yes,Entertainment,13.6,6,Yes,,4,2.74,Yes,Yes,Yes,Medium
STU-00775,53,Female,Computer Science,8.1,1.4,295.0,9,87,8,5,5.4,0.0,7,38,Yes,Entertainment,9.1,5,No,87.8,8,2.42,Yes,Yes,Yes,High
STU-00776,29,Other,Computer Science,7.2,0.2,213.0,7,109,7,5,16.0,5.5,47,75,Yes,News,6.8,6,Yes,85.8,5,2.35,Yes,Yes,No,Medium
STU-00777,37,Male,Electrical Engineering,7.7,0.4,427.0,10,61,10,5,3.6,7.6,52,150,No,Education,9.1,8,Yes,69.9,3,2.42,Yes,No,Yes,Low
STU-00778,25,Other,Computer Science,6.7,1.9,193.0,5,67,1,2,5.4,3.4,35,150,Yes,Education,0.0,6,Yes,,5,3.4,No,No,No,High
STU-00779,29,Other,Computer Science,6.0,2.7,278.0,7,108,1,5,9.8,7.6,40,38,Yes,Entertainment,2.3,3,No,85.6,3,2.66,No,Yes,No,Low
STU-00781,43,Male,Computer Science,6.0,1.5,289.0,8,101,8,4,16.0,2.9,84,112,Yes,News,9.1,7,Yes,65.9,5,2.01,Yes,Yes,No,Low
STU-00782,51,male,Information Systems,7.3,5.8,140.0,1,61,7,2,3.6,2.9,16,112,Yes,Education,2.3,6,Yes,69.5,3,2.29,No,No,No,Medium
STU-00783,31,Female,Information Systems,7.1,3.6,335.0,8,83,1,7,8.1,8.0,12,75,Yes,News,4.5,1,No,84.7,4,2.71,No,Yes,Yes,Low
STU-00784,19,Female,Other Program,8.2,2.9,180.0,5,87,4,1,13.4,8.0,96,112,Yes,Social Media/Trends,4.5,7,Yes,86.1,4,2.23,Yes,Yes,No,Low
STU-00785,27,Female,Visual Communication Design,6.7,4.1,260.0,5,72,6,4,4.5,3.4,40,112,No,Education,2.3,5,Yes,77.5,5,2.18,No,No,No,Low
STU-00786,23,Male,Education,9.1,4.8,268.0,3,76,10,1,10.7,3.8,16,75,No,News,6.8,5,No,76.2,2,2.7,No,Yes,Yes,Medium
STU-00787,21,Female,Other Program,4.3,0.7,391.0,8,114,2,9,15.1,2.9,23,75,Yes,,18.2,7,Yes,73.8,1,2.68,Yes,Yes,Yes,Medium
STU-00789,31,Female,Culinary Arts,6.7,3.8,108.0,5,83,4,2,13.4,3.4,4,0,Yes,Education,6.8,5,No,81.0,2,1.8,Yes,Yes,Yes,High
STU-00790,53,Other,Law,7.7,3.2,499.0,1,66,2,2,1.9,1.3,10,0,No,Education,4.5,7,No,68.2,2,2.53,No,Yes,Yes,Low
STU-00791,60,Male,Medicine,6.0,6.1,,3,96,6,5,11.6,3.8,0,150,Yes,Gaming,2.3,3,No,70.4,1,2.16,No,No,No,Medium
STU-00792,20,Other,Culinary Arts,7.5,2.3,231.0,4,88,2,2,15.1,8.0,19,150,,Gaming,9.1,8,Yes,75.9,5,2.11,Yes,Yes,No,Low
STU-00793,18,Male,Sports Science,7.8,4.2,58.0,10,91,1,3,1.9,5.5,61,150,No,Social Media/Trends,6.8,2,No,76.0,4,2.55,Yes,Yes,No,Low
STU-00794,39,Other,Medicine,6.8,0.6,269.0,2,94,1,1,8.1,5.1,53,150,Yes,Social Media/Trends,0.0,6,No,69.0,1,2.07,No,No,No,Low
STU-00795,55,Other,Education,8.8,7.0,47.0,3,97,8,1,11.6,0.8,46,150,No,Gaming,2.3,4,No,70.4,7,1.89,No,Yes,No,Medium
STU-00796,19,Female,Biology/Science,7.3,0.5,467.0,2,60,1,3,8.9,2.5,60,0,Yes,Gaming,9.1,2,No,,0,2.84,Yes,No,Yes,High
STU-00799,62,Other,Law,6.2,2.8,320.0,7,72,1,5,14.2,6.3,32,150,,Social Media/Trends,9.1,3,No,84.5,4,2.89,Yes,Yes,Yes,Low
STU-00800,45,Male,Education,7.0,4.2,269.0,5,102,8,3,1.9,6.7,19,0,Yes,Gaming,15.9,2,No,66.2,4,2.95,Yes,Yes,No,High
STU-00802,50,Male,Electrical Engineering,5.9,2.2,488.0,3,115,9,4,1.9,7.6,0,38,No,Gaming,0.0,6,No,,5,2.44,No,Yes,Yes,Low
STU-00803,23,Female,Computer Science,6.9,0.8,276.0,3,88,5,3,1.9,6.7,15,150,No,Entertainment,0.0,10,Yes,74.0,2,1.87,No,Yes,Yes,Low
STU-00804,54,Female,Sports Science,6.4,2.5,84.0,8,72,1,4,6.3,2.5,21,112,Yes,Social Media/Trends,9.1,4,No,89.4,5,2.92,Yes,Yes,Yes,Medium
STU-00805,56,Other,Visual Communication Design,4.6,0.3,178.0,2,66,4,4,13.4,,72,38,Yes,Gaming,0.0,7,No,59.0,2,2.36,No,Yes,Yes,Low
STU-00806,22,Male,Computer Science,6.9,0.6,,4,61,2,5,11.6,0.0,28,75,No,Social Media/Trends,4.5,8,No,70.4,4,1.83,No,Yes,No,Low
STU-00807,23,Female,Education,7.8,4.8,45.0,10,92,5,3,15.1,3.8,46,150,Yes,Education,0.0,8,Yes,70.6,4,1.93,No,Yes,No,Medium
STU-00808,40,Male,Fine Arts,7.3,5.3,185.0,10,114,8,5,5.4,1.3,53,112,Yes,Education,11.4,7,Yes,64.6,6,2.68,Yes,No,No,Medium
STU-00809,49,Female,Electrical Engineering,6.2,3.7,,1,88,2,2,13.4,4.2,49,75,Yes,News,11.4,7,No,69.6,2,2.0,Yes,Yes,Yes,Low
STU-00811,29,Male,Education,5.2,2.2,64.0,9,103,4,5,8.9,3.4,30,75,,Social Media/Trends,11.4,7,Yes,96.0,6,2.87,Yes,No,No,Low
STU-00812,26,Other,Information Systems,5.1,4.4,186.0,2,102,5,2,8.9,2.1,0,0,Yes,Social Media/Trends,6.8,9,Yes,82.6,2,2.3,Yes,Yes,Yes,High
STU-00813,54,Male,Visual Communication Design,5.1,6.3,100.0,7,95,9,5,8.9,5.5,64,38,Yes,News,9.1,4,Yes,81.1,6,2.36,Yes,No,Yes,Low
STU-00814,53,Other,Law,6.5,7.1,430.0,10,60,8,5,8.1,0.4,18,75,Yes,News,2.3,7,No,87.0,2,2.35,No,Yes,Yes,Medium
STU-00815,56,Female,Sports Science,6.5,0.4,249.0,3,104,5,4,13.5,3.8,72,75,No,Education,9.1,2,No,93.4,3,2.73,Yes,No,No,Medium
STU-00816,27,Female,Sports Science,6.3,5.9,245.0,10,77,9,5,7.2,5.1,81,0,No,Gaming,4.5,2,No,77.8,7,2.52,Yes,No,Yes,Low
STU-00817,63,Female,Culinary Arts,7.5,5.1,310.0,6,104,1,6,9.8,2.9,40,150,No,Gaming,2.3,9,Yes,75.0,7,2.24,No,Yes,No,Low
STU-00818,61,Female,Biology/Science,6.3,3.1,266.0,10,89,3,6,1.9,7.2,65,75,No,News,2.3,9,Yes,66.6,4,2.15,No,Yes,Yes,Low
STU-00820,52,Female,Electrical Engineering,6.4,4.7,480.0,10,82,2,5,11.6,5.9,95,0,No,Entertainment,4.5,2,No,73.1,5,2.38,No,Yes,No,Low
STU-00822,57,Other,Information Systems,6.9,4.5,135.0,9,118,4,4,8.9,7.2,40,38,Yes,News,4.5,4,Yes,81.2,1,2.3,No,Yes,Yes,Medium
STU-00823,58,Male,Electrical Engineering,6.4,2.5,549.0,3,106,9,2,8.1,1.3,58,0,Yes,News,6.8,1,No,87.9,0,2.87,No,No,Yes,High
STU-00824,23,Other,Nursing,8.7,2.8,134.0,6,64,4,3,12.5,0.4,52,75,Yes,Gaming,18.2,8,Yes,73.9,5,2.51,Yes,Yes,No,High
STU-00826,45,Male,Nursing,6.4,4.9,289.0,1,93,9,1,3.6,,74,0,No,Entertainment,6.8,5,Yes,67.1,1,2.36,Yes,No,No,Low
STU-00827,40,Male,Law,5.3,6.9,360.0,1,71,2,3,3.6,0.4,0,75,Yes,Social Media/Trends,13.6,9,No,65.8,6,2.07,Yes,No,Yes,High
STU-00828,28,FEMALE,Law,7.3,2.7,483.0,10,115,10,6,2.8,2.5,0,75,No,Gaming,0.0,7,Yes,89.4,1,2.31,Yes,No,Yes,Low
STU-00829,30,Female,Information Systems,5.4,0.8,415.0,8,91,3,8,11.6,5.1,30,112,No,News,13.6,9,Yes,69.8,1,2.6,Yes,Yes,Yes,Low
STU-00830,59,Male,Law,5.3,3.1,505.0,8,92,7,4,16.0,,30,75,Yes,Gaming,0.0,6,No,75.3,1,1.9,No,No,No,Low
STU-00831,33,Male,Law,8.5,3.6,517.0,4,97,7,4,8.1,3.4,27,75,Yes,Education,2.3,6,Yes,74.3,4,2.15,No,Yes,No,High
STU-00834,29,Female,Other Program,5.6,2.3,296.0,8,85,3,4,8.1,2.9,67,150,No,Entertainment,2.3,8,Yes,72.1,3,1.92,No,Yes,No,Low
STU-00835,59,Male,Biology/Science,5.4,1.7,350.0,4,88,4,2,1.0,2.9,64,38,Yes,Entertainment,2.3,6,Yes,74.3,5,2.5,No,Yes,Yes,Low
STU-00836,36,Other,Law,4.2,0.3,441.0,9,101,1,8,9.8,7.2,80,75,No,Gaming,20.5,8,Yes,85.8,10,2.85,No,Yes,Yes,Low
STU-00837,62,Female,Information Systems,5.8,4.8,397.0,4,97,1,5,4.5,1.3,48,150,No,News,6.8,5,Yes,92.9,6,2.42,Yes,No,No,Medium
STU-00838,20,Male,Computer Science,3.8,2.5,386.0,8,93,2,8,16.0,2.5,43,112,No,Entertainment,13.6,6,Yes,85.2,6,2.51,Yes,Yes,Yes,Low
STU-00839,26,female,Other Program,5.3,4.5,86.0,6,64,5,4,13.4,2.9,20,150,Yes,Gaming,,5,No,75.1,4,2.56,Yes,No,Yes,Medium
STU-00840,27,Female,Culinary Arts,6.1,0.1,309.0,7,119,4,3,1.0,5.1,76,150,Yes,Education,2.3,4,No,90.4,2,2.64,No,Yes,Yes,High
STU-00841,20,Other,Sports Science,7.9,6.4,192.0,4,107,5,4,6.3,2.5,27,38,Yes,Gaming,4.5,3,Yes,73.4,3,3.07,No,No,Yes,High
STU-00844,55,Other,Information Systems,5.3,8.7,145.0,1,83,8,2,48.0,2.9,39,150,Yes,Social Media/Trends,4.5,5,Yes,76.4,4,2.49,Yes,Yes,No,Medium
STU-00845,35,Female,Law,3.9,1.7,448.0,9,110,3,8,15.1,5.5,80,112,No,Gaming,20.5,5,Yes,93.3,3,3.2,Yes,No,Yes,Low
STU-00846,24,Other,Information Systems,7.9,4.3,218.0,3,78,1,3,10.7,5.9,5,150,No,Social Media/Trends,4.5,2,No,,2,2.16,Yes,No,No,High
STU-00847,31,Female,Fine Arts,6.5,3.0,286.0,4,94,10,2,8.1,2.9,14,75,No,Social Media/Trends,0.0,5,No,86.3,0,2.0,No,Yes,No,Low
STU-00849,45,Female,Fine Arts,6.3,1.5,255.0,6,87,2,2,5.4,5.5,3,0,No,Gaming,2.3,5,No,81.5,6,2.61,Yes,Yes,Yes,Low
STU-00851,62,Other,Law,6.0,2.2,347.0,6,101,8,4,8.9,1.3,5,150,Yes,Gaming,9.1,7,Yes,81.1,3,2.47,Yes,No,Yes,High
STU-00852,29,Other,Information Systems,8.9,1.2,152.0,7,74,3,5,1.9,4.6,75,0,Yes,Social Media/Trends,2.3,4,No,69.6,4,2.55,Yes,No,Yes,Medium
STU-00853,24,Male,Medicine,8.9,7.0,569.0,8,66,4,5,11.6,5.9,51,75,Yes,Education,9.1,2,No,82.9,0,2.8,Yes,No,No,High
STU-00854,39,Other,Fine Arts,7.6,4.7,206.0,2,104,4,1,2.8,1.3,83,38,Yes,Entertainment,0.0,8,Yes,60.5,3,2.32,No,No,No,Medium
STU-00855,30,Other,Law,5.7,0.8,494.0,9,116,9,6,1.9,2.5,27,150,Yes,Education,6.8,7,Yes,74.5,2,2.4,Yes,Yes,No,High
STU-00856,52,Male,Education,6.2,3.6,165.0,10,91,5,3,1.9,3.4,12,75,Yes,News,13.6,6,Yes,81.7,6,2.1,Yes,Yes,Yes,Medium
STU-00858,38,Other,Biology/Science,4.7,1.4,467.0,8,96,3,10,8.9,2.9,63,150,No,Gaming,15.9,7,Yes,87.1,6,2.66,No,No,No,Low
STU-00861,34,Male,Medicine,9.0,2.8,503.0,1,72,2,1,14.2,1.7,20,75,Yes,Gaming,0.0,2,No,71.3,2,2.28,No,No,Yes,High
STU-00862,20,Other,Sports Science,7.3,2.3,299.0,2,85,2,3,8.1,0.4,51,75,Yes,Social Media/Trends,,7,No,77.1,4,2.2,No,No,Yes,Medium
STU-00863,23,female,Computer Science,6.4,1.0,304.0,3,85,2,3,6.3,8.0,44,0,Yes,News,9.1,7,Yes,87.7,4,2.41,Yes,No,No,Medium
STU-00864,25,Other,Medicine,7.4,0.0,338.0,2,112,7,1,13.4,0.8,51,38,No,Social Media/Trends,4.5,9,Yes,71.0,6,2.21,Yes,Yes,Yes,Low
STU-00866,24,Female,Other Program,6.4,4.1,79.0,10,113,9,4,8.1,5.5,36,150,No,Entertainment,0.0,4,No,71.9,1,2.6,No,Yes,No,Low
STU-00867,49,Other,Computer Science,7.6,7.7,350.0,2,78,9,3,15.1,3.8,50,75,,Gaming,11.4,1,No,77.4,3,2.33,Yes,Yes,Yes,High
STU-00868,54,Female,Education,4.4,1.9,243.0,4,71,6,2,1.9,2.9,29,38,Yes,Gaming,11.4,5,No,96.4,7,2.65,Yes,No,No,High
STU-00869,61,Female,Law,7.1,1.5,593.0,5,76,9,4,5.4,8.0,5,112,No,Entertainment,0.0,6,Yes,84.3,2,2.37,No,Yes,No,Low
STU-00870,61,FEMALE,Culinary Arts,5.6,2.1,336.0,5,112,9,4,10.7,8.0,48,0,Yes,Social Media/Trends,9.1,9,Yes,87.9,4,2.65,Yes,Yes,No,Medium
STU-00871,25,Other,Electrical Engineering,7.4,3.5,,2,114,1,2,1.0,8.0,34,38,Yes,Entertainment,11.4,6,No,78.4,3,2.6,Yes,No,No,Medium
STU-00872,32,Male,Law,6.7,1.6,318.0,2,76,6,3,7.2,3.4,0,112,No,Education,6.8,6,No,86.0,5,2.92,Yes,Yes,Yes,Medium
STU-00873,23,Female,Information Systems,5.2,2.4,579.0,8,95,3,10,14.2,3.8,42,75,No,Social Media/Trends,11.4,9,Yes,76.3,6,2.17,Yes,No,Yes,Low
STU-00874,41,Other,Computer Science,6.6,0.7,327.0,4,71,5,3,9.8,6.3,34,150,Yes,News,11.4,6,Yes,75.7,2,2.88,Yes,No,Yes,Low
STU-00875,56,Female,Medicine,5.3,4.6,381.0,8,66,3,4,11.6,0.4,8,38,No,Gaming,6.8,6,Yes,100.0,6,2.55,No,Yes,Yes,Low
STU-00876,27,Male,Fine Arts,6.8,1.8,94.0,2,72,2,2,6.3,2.1,49,150,No,Entertainment,0.0,4,No,80.3,2,2.48,No,No,No,Medium
STU-00880,28,Other,Nursing,6.9,0.8,251.0,5,84,6,3,10.7,0.0,0,150,,Entertainment,0.0,5,Yes,77.9,3,2.01,No,No,No,High
STU-00881,60,Female,Medicine,6.2,3.0,405.0,10,82,4,4,16.0,3.4,54,150,No,News,2.3,7,No,71.9,5,2.35,Yes,Yes,No,Low
STU-00884,46,Male,Nursing,7.4,4.0,158.0,2,94,5,3,11.6,0.4,16,38,Yes,Social Media/Trends,2.3,8,Yes,66.2,8,1.98,No,No,Yes,High
STU-00885,33,Other,Visual Communication Design,5.0,0.6,187.0,4,78,4,3,2.8,3.4,59,112,Yes,Education,2.3,4,Yes,,4,2.39,No,Yes,Yes,Medium
STU-00886,48,Other,Visual Communication Design,8.5,2.5,183.0,4,85,2,3,5.4,0.4,34,150,Yes,Gaming,4.5,2,No,78.1,3,2.53,No,Yes,No,High
STU-00887,39,Other,Electrical Engineering,7.5,4.1,299.0,9,114,1,4,10.7,7.6,15,75,Yes,Education,6.8,4,No,,3,2.76,Yes,No,Yes,High
STU-00889,20,Male,Electrical Engineering,7.5,2.1,495.0,2,76,3,2,14.2,,13,38,Yes,Entertainment,0.0,8,No,83.2,8,2.24,No,Yes,Yes,High
STU-00890,58,Female,Visual Communication Design,6.5,3.4,203.0,9,117,7,5,14.2,0.8,18,112,Yes,News,6.8,2,No,85.0,4,2.5,No,Yes,Yes,Medium
STU-00891,18,Female,Nursing,6.8,0.6,215.0,9,61,9,4,11.6,0.0,14,112,No,Social Media/Trends,0.0,6,No,82.2,3,1.98,No,No,Yes,Medium
STU-00892,26,female,Sports Science,6.2,0.5,243.0,6,107,9,3,8.1,6.7,11,112,No,Education,2.3,9,No,91.4,5,1.77,Yes,No,No,Low
STU-00893,49,Other,Medicine,4.7,6.8,373.0,1,82,5,2,7.2,0.8,22,0,No,Education,9.1,5,Yes,86.0,3,2.57,Yes,No,Yes,Medium
STU-00895,39,Female,Nursing,7.6,0.5,171.0,6,63,3,4,16.0,5.1,6,150,Yes,News,4.5,6,Yes,84.8,4,2.55,Yes,Yes,Yes,Medium
STU-00896,40,Other,Other Program,6.4,3.5,49.0,1,104,3,1,14.2,1.7,30,150,No,Entertainment,2.3,5,No,97.9,6,2.4,No,Yes,Yes,Low
STU-00897,31,Other,Information Systems,6.0,2.8,296.0,3,88,9,4,9.8,2.1,57,75,Yes,News,18.2,5,No,58.9,3,2.72,Yes,No,No,High
STU-00898,23,Other,Culinary Arts,7.4,0.0,108.0,8,68,1,5,6.3,1.3,57,112,No,Education,13.6,10,Yes,66.2,7,2.45,Yes,No,No,Low
STU-00899,59,Female,Sports Science,5.8,2.5,184.0,6,116,10,3,7.2,4.6,48,75,No,News,0.0,3,No,68.9,2,2.47,No,No,Yes,Low
STU-00900,64,Female,Law,7.8,2.5,317.0,7,118,1,5,10.7,4.2,44,112,No,Social Media/Trends,2.3,5,Yes,75.1,1,2.25,Yes,No,No,Low
STU-00901,43,female,Education,6.4,5.6,116.0,10,68,3,4,8.9,5.1,53,38,No,News,6.8,7,Yes,78.6,3,2.42,No,Yes,No,Low
STU-00902,62,Other,Computer Science,6.1,1.2,168.0,10,87,10,5,8.1,2.9,40,150,No,Gaming,0.0,7,No,79.5,8,2.26,Yes,No,No,Low
STU-00903,46,Female,Nursing,7.1,4.2,194.0,7,86,1,3,1.0,7.2,46,0,Yes,Entertainment,2.3,5,No,66.0,2,2.03,Yes,Yes,No,Low
STU-00904,26,Other,Fine Arts,9.1,2.1,146.0,7,82,6,3,1.0,5.9,32,38,Yes,Education,4.5,5,No,96.6,5,2.33,No,Yes,Yes,High
STU-00905,30,Male,Visual Communication Design,6.1,3.2,,10,61,7,4,12.5,3.8,18,112,No,Gaming,2.3,6,No,98.4,4,2.01,Yes,Yes,Yes,Low
STU-00906,27,Other,Electrical Engineering,6.7,3.5,538.0,10,119,4,5,10.7,8.0,77,0,Yes,Gaming,6.8,2,No,,4,1.97,Yes,Yes,No,Low
STU-00907,18,Male,Information Systems,6.8,2.5,183.0,5,77,5,6,10.7,8.0,0,75,Yes,Gaming,18.2,7,Yes,87.7,4,2.52,Yes,No,Yes,Medium
STU-00908,25,MALE,Medicine,7.9,0.0,341.0,8,76,7,4,5.4,2.5,50,0,No,Education,6.8,7,Yes,77.6,5,2.36,Yes,Yes,Yes,Low
STU-00909,22,Female,Medicine,5.2,5.5,515.0,9,78,8,4,13.4,0.8,11,150,Yes,Entertainment,0.0,4,No,77.9,6,2.19,Yes,Yes,Yes,Medium
STU-00910,33,Male,Sports Science,5.0,4.4,50.0,8,61,8,5,8.1,4.6,3,150,Yes,Education,4.5,3,No,86.3,2,2.42,No,No,Yes,High
STU-00911,52,female,Electrical Engineering,6.9,1.7,478.0,6,113,3,5,12.5,0.4,79,112,,Education,4.5,4,No,83.8,2,2.63,No,No,Yes,Medium
STU-00913,36,Male,Medicine,6.6,2.0,280.0,9,105,9,6,9.8,3.8,26,150,Yes,Gaming,9.1,5,Yes,86.5,4,2.56,Yes,No,Yes,Low
STU-00914,32,Other,Sports Science,6.1,5.0,128.0,8,87,3,5,11.6,4.6,50,38,Yes,Social Media/Trends,6.8,10,Yes,81.5,3,2.34,Yes,Yes,No,Low
STU-00916,35,Male,Fine Arts,7.8,1.8,212.0,6,101,8,2,12.5,,46,112,Yes,Social Media/Trends,4.5,2,No,72.7,0,2.39,No,Yes,Yes,High
STU-00917,37,Male,Sports Science,6.1,1.4,126.0,6,84,10,5,13.4,2.9,46,0,No,Entertainment,6.8,8,Yes,66.4,5,2.31,Yes,Yes,No,Low
STU-00918,41,Other,Information Systems,8.7,0.9,107.0,1,103,3,1,11.6,3.4,45,150,No,News,9.1,4,No,97.3,3,2.49,Yes,Yes,No,High
STU-00919,23,Other,Computer Science,4.3,0.9,415.0,10,113,4,10,8.9,8.0,36,75,No,Entertainment,18.2,9,Yes,62.9,6,2.54,Yes,No,No,Low
STU-00921,19,male,Other Program,8.5,1.4,196.0,9,110,9,3,2.8,7.6,40,38,Yes,Gaming,2.3,2,Yes,75.5,4,3.14,No,Yes,No,High
STU-00922,51,Male,Nursing,6.3,1.2,240.0,5,64,7,3,13.4,3.8,61,0,Yes,Education,2.3,3,Yes,73.3,3,2.37,No,No,No,Medium
STU-00923,44,Female,Law,4.9,0.4,329.0,9,101,4,10,48.0,2.9,34,75,No,News,9.1,5,No,71.0,3,2.57,No,Yes,No,Low
STU-00924,63,Female,Other Program,6.4,6.0,200.0,9,99,5,5,7.2,3.4,45,75,Yes,Entertainment,4.5,6,No,88.5,8,2.68,No,No,Yes,High
STU-00926,27,Other,Fine Arts,5.6,1.9,229.0,5,88,7,4,3.6,6.7,51,75,Yes,Social Media/Trends,2.3,9,Yes,87.7,7,2.05,No,Yes,Yes,Low
STU-00928,41,female,Visual Communication Design,7.0,0.1,131.0,1,107,3,2,13.4,4.2,8,0,No,Gaming,2.3,8,Yes,82.8,3,2.13,No,Yes,Yes,Medium
STU-00930,26,Male,Biology/Science,4.6,1.6,565.0,10,100,2,8,10.7,5.1,75,150,No,Gaming,13.6,9,Yes,73.8,7,2.63,No,No,Yes,Low
STU-00931,57,Other,Other Program,6.2,1.8,84.0,2,70,5,2,10.7,0.4,24,38,No,Education,9.1,5,Yes,81.0,8,1.95,Yes,No,No,Low
STU-00933,46,Other,Computer Science,5.6,0.8,324.0,2,69,6,2,15.1,6.3,40,150,Yes,Gaming,2.3,5,Yes,82.1,3,1.97,No,No,Yes,Medium
STU-00934,41,Female,Fine Arts,7.8,1.5,165.0,5,118,6,2,14.2,3.8,27,0,No,Gaming,6.8,2,No,98.0,5,2.43,Yes,Yes,Yes,High
STU-00935,28,Male,Fine Arts,7.8,3.4,244.0,10,82,10,4,16.0,1.7,16,0,No,Social Media/Trends,0.0,5,Yes,86.5,8,2.22,No,Yes,Yes,Medium
STU-00936,58,Other,Culinary Arts,4.8,5.4,110.0,10,106,3,5,14.2,1.7,55,150,Yes,News,4.5,6,No,66.9,3,2.5,No,No,Yes,Low
STU-00938,61,Male,Fine Arts,6.0,4.2,246.0,9,90,7,6,5.4,4.6,14,38,Yes,Gaming,11.4,9,Yes,66.4,4,2.74,Yes,No,No,Low
STU-00940,58,Other,Medicine,6.6,0.2,573.0,4,77,4,4,8.9,2.9,59,0,No,News,0.0,7,No,96.4,0,2.47,Yes,Yes,No,Medium
STU-00941,52,Other,Computer Science,7.0,4.5,100.0,4,96,4,1,12.5,2.1,59,150,Yes,Gaming,6.8,5,Yes,87.9,3,1.54,Yes,Yes,Yes,Medium
STU-00943,49,Other,Law,7.9,2.9,422.0,4,60,3,3,11.6,0.4,29,150,,Social Media/Trends,2.3,3,No,,2,2.42,Yes,Yes,No,High
STU-00945,61,Other,Information Systems,5.7,1.5,364.0,4,75,9,2,5.4,,68,112,Yes,Entertainment,0.0,6,Yes,,3,1.8,No,Yes,Yes,Low
STU-00946,46,Male,Nursing,5.0,7.7,199.0,3,83,8,3,4.5,4.6,14,150,No,Social Media/Trends,2.3,9,Yes,87.5,5,2.3,No,No,Yes,Low
STU-00947,40,female,Nursing,7.4,2.4,198.0,10,61,2,4,15.1,2.1,53,150,Yes,Gaming,6.8,4,No,94.5,3,2.15,Yes,No,Yes,High
STU-00948,45,Female,Other Program,6.4,1.4,253.0,9,114,1,3,13.4,0.0,63,38,No,Social Media/Trends,2.3,5,Yes,83.7,3,1.97,Yes,Yes,Yes,Low
STU-00949,37,FEMALE,Computer Science,6.9,6.0,165.0,2,61,6,2,4.5,1.7,60,150,No,News,6.8,7,No,74.6,6,2.48,Yes,Yes,No,Low
STU-00950,60,MALE,Sports Science,8.4,3.6,208.0,6,106,9,3,1.0,7.6,52,38,No,Education,9.1,4,Yes,91.7,2,2.57,Yes,Yes,Yes,Medium
STU-00951,33,Female,Culinary Arts,6.9,1.5,399.0,1,71,6,3,3.6,0.0,34,0,Yes,Social Media/Trends,0.0,7,Yes,89.7,6,2.34,No,Yes,Yes,Medium
STU-00952,61,Female,Visual Communication Design,6.3,3.5,296.0,7,101,1,4,13.4,4.6,34,75,No,News,2.3,4,No,70.4,5,2.05,Yes,No,No,Low
STU-00953,32,FEMALE,Sports Science,4.1,0.9,537.0,10,90,3,10,13.4,7.2,28,112,No,News,13.6,6,No,95.8,3,2.67,Yes,No,Yes,Low
STU-00955,20,Female,Electrical Engineering,5.1,1.9,305.0,10,112,3,10,9.8,4.6,60,75,No,Education,18.2,5,No,91.1,7,2.59,Yes,Yes,Yes,Low
STU-00956,32,Male,Biology/Science,6.5,3.5,506.0,8,94,4,4,4.5,3.8,57,150,No,Entertainment,2.3,4,Yes,81.3,4,2.18,No,No,Yes,Medium
STU-00957,51,Male,Computer Science,5.9,2.1,339.0,2,67,4,1,8.1,,0,150,No,Gaming,9.1,9,Yes,88.2,2,2.25,Yes,No,Yes,Medium
STU-00958,49,Other,Visual Communication Design,7.8,0.9,176.0,10,99,9,4,14.2,7.2,17,38,No,Social Media/Trends,4.5,9,Yes,70.1,8,2.1,Yes,No,Yes,Low
STU-00959,56,Male,Education,7.1,1.5,21.0,10,69,10,5,4.5,0.8,113,38,No,Education,4.5,6,No,98.5,3,2.63,No,Yes,No,Low
STU-00960,62,Other,Nursing,6.6,0.2,346.0,2,67,6,1,16.0,1.3,0,38,Yes,Entertainment,2.3,7,Yes,78.2,5,2.28,No,No,Yes,High
STU-00961,49,Male,Information Systems,4.9,1.4,480.0,8,102,3,10,15.1,8.0,63,150,Yes,Education,9.1,9,Yes,83.8,3,2.05,Yes,No,Yes,Low
STU-00962,40,Female,Fine Arts,7.4,0.8,221.0,9,94,5,4,12.5,4.6,29,75,Yes,Social Media/Trends,9.1,6,No,63.7,3,2.38,Yes,No,Yes,Medium
STU-00963,40,Male,Electrical Engineering,4.5,1.4,450.0,10,117,4,8,15.1,6.7,42,150,No,News,13.6,3,Yes,87.8,0,2.69,Yes,No,Yes,Low
STU-00964,31,Male,Biology/Science,4.8,1.3,425.0,9,97,1,9,9.8,3.4,56,150,,Gaming,15.9,7,Yes,83.4,2,2.68,No,No,Yes,Low
STU-00966,62,Male,Law,5.8,5.8,523.0,6,106,1,5,1.9,1.3,37,0,Yes,Gaming,4.5,7,No,76.1,3,2.24,No,Yes,Yes,Medium
STU-00967,27,Female,Medicine,7.5,4.0,385.0,4,76,3,3,1.0,2.5,33,112,,Education,0.0,4,No,77.7,4,2.21,Yes,No,Yes,High
STU-00968,56,Male,Education,7.7,2.5,118.0,10,81,7,6,13.4,7.2,24,75,Yes,Gaming,2.3,5,No,83.7,5,1.97,No,Yes,No,Low
STU-00969,34,Other,Computer Science,6.5,4.1,118.0,7,95,2,5,8.9,1.7,3,0,Yes,Social Media/Trends,9.1,6,Yes,88.6,2,2.27,Yes,Yes,No,High
STU-00970,21,Other,Education,8.0,1.0,128.0,5,103,10,2,5.4,0.8,18,112,No,Social Media/Trends,4.5,5,No,84.7,3,2.2,Yes,No,Yes,High
STU-00972,42,Other,Medicine,4.8,0.3,323.0,9,116,3,10,8.1,6.7,38,150,Yes,Education,18.2,6,Yes,58.4,3,2.46,Yes,No,Yes,Low
STU-00973,57,Female,Other Program,6.7,4.2,18.0,9,79,9,4,3.6,7.2,41,112,No,Education,2.3,10,Yes,97.1,5,2.32,No,Yes,No,Low
STU-00975,26,Male,Law,8.0,2.2,541.0,4,92,4,2,7.2,2.9,39,112,,Education,9.1,5,Yes,82.6,5,2.46,Yes,Yes,No,High
STU-00976,31,Male,Fine Arts,4.7,0.6,526.0,10,109,4,9,8.1,3.4,59,150,Yes,Social Media/Trends,15.9,3,No,90.3,5,3.54,Yes,Yes,Yes,Low
STU-00977,34,Female,Other Program,4.6,0.1,400.0,9,112,4,8,13.4,4.2,74,112,No,Gaming,13.6,2,No,99.0,4,2.74,No,Yes,No,Low
STU-00978,50,Male,Biology/Science,6.2,7.5,368.0,7,114,7,2,2.8,0.4,29,75,No,Social Media/Trends,4.5,4,No,89.3,7,2.29,Yes,Yes,No,Low
STU-00979,36,Other,Sports Science,7.0,4.8,265.0,9,98,1,5,8.9,3.8,71,38,Yes,Gaming,6.8,10,No,85.9,7,2.1,Yes,No,No,Low
STU-00980,29,Female,Other Program,6.9,6.0,245.0,7,98,5,5,3.6,2.5,25,150,Yes,Social Media/Trends,0.0,5,No,75.7,4,2.47,No,No,No,Medium
STU-00981,59,Other,Computer Science,5.7,3.9,234.0,2,79,8,1,16.0,7.6,21,0,Yes,News,4.5,5,No,88.3,0,2.25,No,No,No,Medium
STU-00982,48,Male,Electrical Engineering,5.5,3.7,573.0,9,117,8,7,16.0,6.3,40,150,No,Social Media/Trends,,5,Yes,74.6,2,1.83,No,No,No,Low
STU-00983,30,Male,Sports Science,6.1,1.6,132.0,7,91,9,4,10.7,2.9,83,75,No,Gaming,15.9,3,No,78.3,6,2.52,Yes,Yes,No,Medium
STU-00984,57,MALE,Nursing,6.1,6.7,156.0,9,94,9,3,14.2,0.4,40,112,No,Education,6.8,6,Yes,69.6,5,2.09,Yes,No,No,Low
STU-00985,31,Other,Medicine,7.1,2.8,352.0,10,73,7,6,13.4,0.0,74,150,Yes,Entertainment,0.0,5,No,87.6,1,2.2,No,Yes,No,Medium
STU-00986,35,Male,Medicine,8.0,1.6,426.0,10,106,7,6,1.0,2.5,48,38,Yes,Entertainment,2.3,10,Yes,73.2,6,2.19,Yes,No,No,Medium
STU-00987,34,Male,Medicine,6.3,1.2,347.0,8,85,3,5,3.6,2.5,78,0,Yes,Social Media/Trends,2.3,7,No,83.9,6,2.04,Yes,Yes,No,Medium
STU-00988,26,Male,Biology/Science,3.0,0.6,377.0,9,111,4,10,11.6,2.1,16,112,No,News,9.1,7,Yes,83.1,4,2.67,Yes,Yes,Yes,Low
STU-00989,22,Male,Computer Science,7.2,0.3,342.0,9,68,8,6,1.0,5.1,38,38,Yes,Gaming,6.8,8,Yes,73.7,4,2.46,Yes,Yes,Yes,Low
STU-00990,41,Female,Medicine,5.9,0.9,327.0,10,113,2,8,8.1,2.5,41,150,No,News,18.2,4,No,89.3,4,2.89,Yes,Yes,No,Low
STU-00991,46,Other,Computer Science,5.6,1.4,307.0,5,63,5,4,16.0,5.5,37,75,No,Entertainment,11.4,6,Yes,92.6,4,2.11,Yes,Yes,No,Low
STU-00993,19,Female,Biology/Science,5.5,2.0,419.0,1,80,6,1,2.8,2.1,77,75,Yes,Gaming,4.5,9,Yes,82.1,1,2.29,Yes,No,Yes,Medium
STU-00994,35,MALE,Biology/Science,6.1,4.9,466.0,10,87,4,7,11.6,2.9,84,0,No,Gaming,4.5,3,No,94.0,2,2.25,No,No,No,Low
STU-00995,49,Male,Biology/Science,6.5,1.8,467.0,3,95,10,2,7.2,0.8,9,38,No,Entertainment,2.3,4,Yes,65.8,1,2.22,No,Yes,No,Medium
STU-00997,34,Other,Nursing,7.2,0.1,254.0,10,85,2,3,1.0,0.4,37,112,Yes,Social Media/Trends,2.3,5,Yes,83.9,1,2.11,No,Yes,Yes,Medium
STU-00998,37,Female,Biology/Science,5.3,0.8,416.0,6,113,2,3,3.6,1.7,109,0,No,News,13.6,1,Yes,86.9,4,3.0,Yes,No,No,Medium
STU-00999,48,Other,Electrical Engineering,9.1,8.5,265.0,9,99,8,4,16.0,7.2,42,38,Yes,Education,4.5,1,No,80.5,1,2.24,Yes,No,Yes,High
STU-01000,50,Other,Biology/Science,6.8,4.6,333.0,1,99,7,1,16.0,0.4,1,38,No,Entertainment,6.8,7,Yes,72.5,4,1.84,No,No,No,Medium
STU-01001,59,Male,Electrical Engineering,6.4,4.0,277.0,9,118,1,6,3.6,2.5,26,112,No,Social Media/Trends,13.6,4,No,73.4,4,2.55,Yes,No,Yes,Medium
STU-01004,18,Other,Culinary Arts,7.0,3.4,298.0,10,107,4,4,10.7,7.2,0,75,,Social Media/Trends,6.8,7,No,82.3,4,2.29,Yes,Yes,No,Low
STU-01005,49,Male,Law,5.2,1.8,262.0,10,105,5,6,1.9,0.4,59,150,Yes,Entertainment,,9,Yes,76.4,6,2.59,Yes,No,No,Low
STU-01006,57,Male,Culinary Arts,6.8,3.9,386.0,5,115,6,4,13.4,8.0,84,0,Yes,Gaming,6.8,4,No,81.7,0,2.71,Yes,No,No,Low
STU-01007,25,Other,Electrical Engineering,7.2,5.7,551.0,2,86,8,4,8.9,0.0,88,0,No,News,9.1,8,Yes,66.1,5,2.32,Yes,Yes,Yes,Low
STU-01009,51,Male,Sports Science,6.7,3.4,58.0,8,105,2,6,6.3,2.5,63,112,Yes,Social Media/Trends,2.3,8,Yes,86.3,4,2.54,Yes,No,Yes,Low
STU-01011,42,Female,Culinary Arts,7.3,3.1,223.0,4,107,9,2,12.5,3.8,0,75,Yes,Social Media/Trends,0.0,10,Yes,,5,2.05,No,No,Yes,Medium
STU-01012,32,Female,Medicine,7.8,0.0,509.0,4,86,10,2,15.1,7.2,56,150,Yes,Education,2.3,4,Yes,80.0,3,1.77,No,No,No,Low
STU-01013,52,Female,Biology/Science,6.5,3.6,548.0,8,91,3,5,11.6,3.8,52,150,No,Entertainment,4.5,6,Yes,76.5,8,2.32,No,No,Yes,Low
STU-01014,45,Other,Nursing,6.6,5.6,119.0,5,98,4,2,1.9,6.7,2,150,No,Education,2.3,3,No,80.8,0,2.66,No,Yes,Yes,Low
STU-01015,46,Female,Nursing,8.0,3.0,179.0,3,67,6,1,6.3,2.5,0,0,Yes,Education,4.5,9,Yes,92.0,7,2.5,No,Yes,Yes,High
STU-01016,22,Other,Nursing,6.3,5.4,359.0,6,90,6,3,5.4,0.8,1,38,No,Entertainment,,5,No,74.5,5,2.54,No,Yes,No,Medium
STU-01018,23,Male,Electrical Engineering,7.8,3.7,504.0,6,102,4,3,1.9,4.2,26,75,,Education,9.1,3,Yes,89.5,3,2.28,No,No,Yes,High
STU-01019,18,Female,Fine Arts,8.1,2.0,168.0,8,93,7,5,8.1,3.8,34,38,Yes,Entertainment,6.8,9,Yes,70.4,5,2.39,Yes,No,No,Medium
STU-01020,35,Other,Electrical Engineering,6.4,4.3,427.0,6,68,3,3,2.8,4.6,45,112,No,Entertainment,11.4,3,No,75.2,2,2.5,Yes,Yes,Yes,Low
STU-01023,36,Other,Biology/Science,5.0,1.3,461.0,10,95,2,9,9.8,4.6,41,150,Yes,Gaming,18.2,3,No,87.8,0,2.95,Yes,Yes,Yes,Low
STU-01024,30,Male,Culinary Arts,5.5,3.7,149.0,3,111,8,3,12.5,6.7,0,150,Yes,News,0.0,5,No,88.8,5,2.09,No,Yes,No,Medium
STU-01026,27,Male,Medicine,4.9,0.9,312.0,9,115,3,8,9.8,2.1,87,150,No,Education,15.9,10,Yes,70.8,2,2.24,Yes,Yes,No,Low
STU-01027,42,Male,Information Systems,8.6,1.3,253.0,3,77,8,2,7.2,6.3,39,38,Yes,Gaming,2.3,8,Yes,82.5,6,2.71,Yes,No,No,Medium
STU-01029,24,Male,Electrical Engineering,6.0,1.0,542.0,10,98,1,10,16.0,8.0,2,112,,Gaming,11.4,8,Yes,74.1,2,2.14,Yes,Yes,Yes,Low
STU-01030,54,Other,Medicine,7.4,1.6,523.0,2,89,7,1,10.7,6.7,72,0,No,Social Media/Trends,9.1,5,No,70.1,0,2.37,Yes,Yes,Yes,Low
STU-01031,39,female,Information Systems,7.4,1.6,162.0,4,85,2,3,16.0,6.3,30,112,Yes,Gaming,2.3,5,No,,5,2.23,No,Yes,Yes,Medium
STU-01032,64,Male,Biology/Science,6.4,5.5,257.0,3,78,3,4,4.5,2.5,28,75,No,Education,2.3,3,No,91.2,3,2.62,No,Yes,Yes,Medium
STU-01033,26,Other,Fine Arts,8.6,2.4,236.0,8,94,3,4,9.8,4.6,33,38,No,Social Media/Trends,18.2,7,Yes,70.6,8,3.0,Yes,No,Yes,Low
STU-01034,54,MALE,Culinary Arts,7.1,5.6,212.0,4,101,8,3,7.2,3.8,38,112,No,Social Media/Trends,2.3,8,No,68.2,3,2.4,No,Yes,No,Low
STU-01035,45,Other,Fine Arts,8.0,0.5,292.0,6,106,8,4,15.1,6.3,48,0,Yes,Education,6.8,9,Yes,76.5,5,2.22,Yes,No,Yes,Low
STU-01036,58,Female,Computer Science,6.7,4.0,152.0,6,95,10,4,5.4,8.0,63,75,Yes,News,6.8,9,Yes,62.7,5,3.05,Yes,No,Yes,Low
STU-01037,27,Male,Information Systems,8.6,6.1,149.0,5,68,5,2,8.1,6.7,17,38,No,Social Media/Trends,4.5,3,No,72.9,0,2.71,No,No,No,Low
STU-01038,26,Female,Nursing,6.9,3.3,189.0,1,77,10,3,6.3,8.0,33,-5,Yes,Gaming,2.3,6,No,72.7,4,2.29,No,Yes,Yes,Medium
STU-01039,29,Female,Nursing,7.8,3.3,245.0,7,104,9,3,13.4,7.2,20,75,Yes,Education,2.3,6,No,81.5,2,2.06,Yes,No,Yes,High
STU-01040,23,Other,Medicine,7.2,0.2,387.0,1,112,1,3,11.6,3.4,22,150,No,Social Media/Trends,0.0,10,Yes,81.0,4,2.19,No,No,No,Low
STU-01043,64,Female,Education,7.8,6.6,283.0,2,92,5,2,3.6,4.6,28,75,Yes,Entertainment,6.8,3,No,77.5,5,2.43,Yes,No,Yes,High
STU-01044,29,Other,Computer Science,8.0,4.2,120.0,7,68,4,4,5.4,5.9,63,0,No,Gaming,2.3,2,No,78.0,2,2.32,No,No,Yes,Low
STU-01045,34,Male,Fine Arts,7.9,3.6,246.0,1,114,8,1,3.6,6.7,11,112,Yes,Social Media/Trends,6.8,7,Yes,63.5,5,2.57,Yes,No,No,High
STU-01047,46,Female,Fine Arts,8.3,5.5,185.0,1,109,5,2,5.4,2.9,55,150,No,News,2.3,2,No,71.8,5,2.49,Yes,No,Yes,Medium
STU-01048,39,Male,Nursing,4.7,1.7,297.0,8,99,7,6,10.7,6.7,49,150,Yes,Entertainment,,7,Yes,83.0,5,2.45,Yes,Yes,No,Low
STU-01049,56,Other,Sports Science,5.0,6.3,230.0,1,107,2,2,1.9,3.8,0,38,Yes,Entertainment,4.5,3,Yes,90.2,5,2.98,Yes,No,Yes,High
STU-01050,51,Other,Nursing,6.2,3.8,140.0,7,87,3,5,12.5,8.0,40,0,No,,0.0,7,No,85.6,0,1.95,No,Yes,No,Low
STU-01052,37,Male,Visual Communication Design,6.5,4.3,245.0,8,83,8,3,9.8,7.6,45,112,No,Entertainment,0.0,8,No,79.5,3,1.94,No,Yes,No,Low
STU-01055,53,Male,Sports Science,5.4,2.9,148.0,3,113,1,4,1.9,6.3,18,38,Yes,Gaming,2.3,6,No,70.4,7,2.33,No,Yes,Yes,Low
STU-01056,46,Other,Law,7.2,4.2,263.0,5,89,2,3,16.0,2.9,11,38,No,Entertainment,2.3,10,Yes,95.0,7,1.97,No,No,No,Low
STU-01057,20,Other,Education,6.8,1.9,18.0,10,81,4,4,16.0,3.8,28,38,Yes,Education,2.3,7,Yes,86.2,2,2.11,Yes,Yes,No,Medium
STU-01058,29,Female,Electrical Engineering,8.0,1.4,403.0,3,71,10,4,5.4,8.0,25,112,Yes,Entertainment,4.5,10,Yes,89.1,6,2.14,No,Yes,Yes,Medium
STU-01059,25,Male,Sports Science,4.9,1.9,135.0,8,112,7,5,8.1,4.6,56,112,No,News,13.6,5,Yes,72.3,3,2.06,Yes,Yes,No,Low
STU-01060,27,Female,Computer Science,7.1,5.3,385.0,6,100,10,3,1.9,8.0,34,150,Yes,News,6.8,8,Yes,81.8,6,2.4,Yes,Yes,Yes,Low
STU-01061,61,Other,Medicine,5.9,0.4,311.0,2,97,1,2,1.0,2.5,33,112,No,News,4.5,10,No,62.6,7,2.77,Yes,No,Yes,Low
STU-01062,37,Female,Visual Communication Design,7.8,1.2,267.0,6,111,7,2,3.6,2.9,8,38,No,Education,0.0,7,Yes,69.2,3,2.57,No,Yes,Yes,Medium
STU-01064,54,Other,Education,7.5,1.6,103.0,7,101,9,2,1.0,7.6,19,112,No,Education,2.3,3,No,72.3,5,2.0,No,No,No,Low
STU-01065,19,Male,Medicine,4.4,1.1,,2,64,7,2,12.5,3.8,57,150,Yes,Entertainment,,10,Yes,90.6,7,1.95,Yes,Yes,No,Low
STU-01066,20,Male,Fine Arts,7.3,4.0,204.0,8,92,5,2,1.9,1.7,52,150,Yes,Entertainment,0.0,5,No,92.0,5,2.36,Yes,No,Yes,High
STU-01067,62,Female,Culinary Arts,9.3,1.8,142.0,6,109,2,3,2.8,1.3,43,112,No,Education,9.1,5,Yes,93.7,4,2.83,Yes,Yes,No,High
STU-01068,37,Other,Nursing,11.0,4.0,,2,98,7,1,6.3,2.1,65,112,No,,4.5,7,No,57.3,4,2.56,No,Yes,No,Low
STU-01069,49,Other,Computer Science,7.4,5.1,128.0,5,70,7,2,1.9,7.2,0,38,Yes,Social Media/Trends,0.0,1,No,86.7,4,2.93,No,No,No,High
STU-01070,34,Male,Information Systems,6.9,6.6,107.0,4,103,5,2,14.2,2.5,72,0,Yes,Social Media/Trends,2.3,1,No,85.0,3,2.57,No,No,Yes,High
STU-01071,31,Other,Fine Arts,3.9,0.2,422.0,10,109,1,9,11.6,2.1,12,75,No,Education,20.5,4,Yes,74.7,2,2.17,Yes,Yes,Yes,Low
STU-01072,38,Other,Biology/Science,7.4,0.2,566.0,9,66,7,5,2.8,3.8,66,0,No,News,6.8,3,No,80.1,4,2.36,Yes,No,No,Low
STU-01074,23,Female,Nursing,8.0,4.7,350.0,10,80,1,7,6.3,7.6,15,38,No,Education,2.3,7,Yes,69.7,5,2.0,Yes,Yes,No,Low
STU-01075,48,Other,Other Program,6.6,3.5,215.0,8,66,1,4,1.9,0.0,18,38,Yes,Education,4.5,10,Yes,88.6,6,2.12,Yes,No,No,Medium
STU-01076,53,Male,Computer Science,8.7,4.8,324.0,1,84,8,1,11.6,,9,150,No,News,2.3,5,Yes,82.9,7,2.07,Yes,No,Yes,High
STU-01077,42,Other,Sports Science,7.8,2.3,275.0,7,111,2,4,3.6,7.2,60,150,No,Education,4.5,9,Yes,83.4,5,1.8,Yes,No,No,Low
STU-01078,52,Other,Biology/Science,8.0,3.6,500.0,3,101,4,2,15.1,1.7,29,38,Yes,Education,2.3,7,Yes,86.9,7,2.39,Yes,Yes,No,Medium
STU-01079,59,Other,Nursing,6.0,2.8,182.0,6,62,1,3,2.8,2.1,38,150,Yes,News,4.5,3,Yes,,4,2.49,No,Yes,Yes,High
STU-01080,62,Male,Other Program,4.9,1.8,35.0,1,82,7,1,2.8,0.8,48,38,Yes,,2.3,5,No,78.3,2,2.92,No,Yes,No,High
STU-01081,30,Other,Computer Science,7.5,8.0,305.0,8,104,3,4,5.4,1.3,40,150,No,Entertainment,11.4,9,Yes,,2,1.76,Yes,No,No,Low
STU-01082,60,Other,Other Program,8.4,1.5,,7,63,6,5,8.9,5.5,44,150,No,Gaming,9.1,3,No,74.2,4,2.33,Yes,No,No,Medium
STU-01083,38,Other,Sports Science,7.5,4.2,264.0,7,66,3,3,2.8,2.9,3,150,No,Entertainment,4.5,8,Yes,81.4,5,2.22,Yes,Yes,No,Medium
STU-01084,36,Female,Electrical Engineering,6.7,1.6,428.0,10,95,1,5,7.2,3.8,65,0,Yes,News,6.8,7,Yes,,6,2.44,Yes,Yes,Yes,Low
STU-01085,46,Other,Electrical Engineering,7.5,2.3,386.0,4,61,9,3,16.0,0.4,32,150,No,Education,4.5,9,Yes,79.2,7,2.14,No,No,Yes,Low
STU-01086,46,Female,Computer Science,6.5,3.2,270.0,4,96,4,2,2.8,0.0,0,0,Yes,Social Media/Trends,0.0,4,No,74.9,5,2.69,No,Yes,No,High
STU-01087,36,Female,Culinary Arts,7.1,0.9,135.0,6,70,10,2,10.7,8.0,58,38,No,Social Media/Trends,13.6,5,Yes,88.7,1,2.6,Yes,No,No,Low
STU-01088,23,Female,Culinary Arts,7.4,5.4,150.0,9,116,2,5,15.1,1.7,64,112,No,Education,4.5,4,No,73.6,0,1.89,Yes,No,No,Medium
STU-01089,34,Other,Electrical Engineering,7.4,5.7,589.0,4,64,5,2,1.0,0.8,3,0,No,News,2.3,6,No,74.2,6,2.32,Yes,No,No,Medium
STU-01090,28,Male,Other Program,4.7,0.9,321.0,10,113,4,10,12.5,2.1,73,112,No,,11.4,7,Yes,77.3,8,2.46,Yes,Yes,Yes,Low
STU-01091,64,Other,Electrical Engineering,6.9,1.6,298.0,2,66,7,2,10.7,7.2,43,150,Yes,Entertainment,2.3,9,Yes,65.2,6,2.02,No,No,No,Low
STU-01092,33,Other,Other Program,7.1,3.3,296.0,7,81,4,5,5.4,5.5,68,0,Yes,Entertainment,2.3,5,No,70.1,2,2.12,Yes,No,Yes,Medium
STU-01093,39,Female,Biology/Science,4.9,2.6,445.0,3,81,9,4,16.0,1.3,0,150,Yes,Education,6.8,5,Yes,80.0,6,2.24,Yes,No,No,High
STU-01094,64,Male,Other Program,5.4,0.9,251.0,10,90,1,5,11.6,2.5,78,75,No,Education,,2,No,93.8,1,2.43,No,No,Yes,Low
STU-01095,40,Female,Biology/Science,5.6,3.9,380.0,1,95,4,3,6.3,5.5,32,150,Yes,Social Media/Trends,2.3,10,Yes,67.9,4,2.35,No,No,Yes,Low
STU-01097,45,Male,Computer Science,7.9,2.7,309.0,2,83,6,2,12.5,2.9,27,38,No,Social Media/Trends,2.3,6,No,98.3,3,2.34,No,Yes,Yes,Medium
STU-01099,46,FEMALE,Information Systems,7.8,4.2,345.0,9,69,1,4,13.4,1.7,40,150,No,News,11.4,7,No,84.4,2,2.27,Yes,No,Yes,Low
STU-01100,27,Male,Nursing,7.6,0.9,233.0,7,65,6,5,1.0,2.5,24,75,Yes,Education,11.4,4,No,71.6,6,2.53,Yes,Yes,No,Medium
STU-01101,33,Other,Fine Arts,6.4,5.9,200.0,5,98,5,4,15.1,0.4,60,75,No,Education,9.1,8,Yes,66.1,8,1.92,Yes,Yes,Yes,Low
STU-01103,64,Female,Nursing,6.6,5.0,268.0,8,66,10,4,13.4,3.8,0,0,Yes,Education,4.5,7,No,,1,1.98,Yes,No,Yes,Medium
STU-01104,18,Male,Information Systems,7.0,0.3,277.0,4,79,10,2,7.2,1.7,6,150,Yes,Education,9.1,2,No,97.6,2,2.73,Yes,Yes,No,High
STU-01105,26,Male,Medicine,6.7,0.1,375.0,10,115,3,3,3.6,0.4,43,112,Yes,Gaming,0.0,6,Yes,89.1,1,2.59,No,Yes,Yes,Medium
STU-01106,60,Male,Visual Communication Design,7.1,0.9,95.0,7,103,4,4,8.1,3.8,32,112,No,Education,4.5,8,Yes,69.7,4,2.29,Yes,No,Yes,Low
STU-01107,62,Other,Culinary Arts,4.8,1.2,326.0,8,83,10,3,8.1,5.5,52,150,Yes,Education,0.0,4,Yes,91.6,1,2.37,No,No,No,Medium
STU-01108,34,Female,Other Program,6.8,2.5,171.0,9,116,3,4,16.0,3.8,12,112,No,Gaming,0.0,3,No,100.0,0,2.57,No,Yes,Yes,Medium
STU-01109,33,Female,Other Program,5.0,2.4,171.0,4,103,6,3,8.9,6.7,25,150,No,,9.1,7,No,,3,2.49,No,No,Yes,Low
STU-01110,24,Other,Other Program,8.1,2.1,241.0,6,118,10,4,10.7,7.2,1,0,No,News,13.6,2,No,96.1,1,2.53,Yes,Yes,No,Medium
STU-01111,64,Female,Nursing,6.8,2.1,205.0,2,76,1,4,7.2,5.5,38,112,No,Entertainment,2.3,2,Yes,86.2,4,2.52,Yes,Yes,Yes,Medium
STU-01112,41,male,Sports Science,7.0,1.0,234.0,3,117,1,3,8.9,2.9,24,38,No,News,0.0,6,No,78.1,1,2.14,No,Yes,Yes,Low
STU-01113,18,female,Biology/Science,6.4,3.8,444.0,10,77,9,6,10.7,0.8,36,38,No,News,9.1,10,Yes,69.6,3,2.57,Yes,Yes,No,Low
STU-01116,23,Female,Law,5.6,3.1,584.0,3,104,1,4,16.0,7.6,45,38,No,Social Media/Trends,11.4,6,No,81.3,0,2.72,No,Yes,Yes,Low
STU-01117,41,Male,Visual Communication Design,6.8,4.8,62.0,1,80,8,1,1.0,7.2,72,75,No,Gaming,4.5,7,Yes,76.9,3,2.29,No,No,Yes,Low
STU-01118,53,Other,Electrical Engineering,5.5,2.7,545.0,5,82,2,3,15.1,3.4,28,150,No,Education,2.3,8,No,83.5,7,1.99,No,Yes,No,Low
STU-01119,27,Female,Information Systems,6.5,0.7,,3,94,2,2,1.9,3.4,43,150,No,Gaming,2.3,7,Yes,67.2,3,2.12,No,Yes,No,Low
STU-01120,43,Female,Information Systems,7.0,2.0,236.0,9,86,3,6,9.8,5.1,67,150,No,Gaming,6.8,9,Yes,65.2,4,2.01,Yes,Yes,Yes,Low
STU-01122,58,Female,Visual Communication Design,8.3,8.5,76.0,4,71,9,2,21.6,3.8,30,112,No,News,4.5,6,No,84.5,5,2.74,Yes,Yes,No,High
STU-01123,44,Other,Medicine,5.5,1.1,317.0,8,71,8,7,14.2,7.6,46,0,No,Entertainment,9.1,5,Yes,73.6,5,2.62,Yes,Yes,Yes,Low
STU-01126,59,Male,Visual Communication Design,6.6,2.4,97.0,5,112,9,2,12.5,1.3,30,38,No,Gaming,,5,No,63.2,6,2.61,Yes,Yes,No,Medium
STU-01127,60,Other,Computer Science,6.5,0.5,310.0,10,103,2,6,9.8,7.2,23,150,No,Social Media/Trends,4.5,4,No,93.2,3,2.86,Yes,No,Yes,Medium
STU-01128,54,Male,Electrical Engineering,5.7,4.9,370.0,1,106,1,3,9.8,2.5,29,0,Yes,Gaming,4.5,6,Yes,70.5,0,2.36,Yes,No,No,Medium
STU-01129,41,MALE,Biology/Science,6.3,0.7,598.0,6,60,4,3,1.0,4.6,0,38,Yes,Education,4.5,5,No,92.1,4,2.53,No,Yes,No,High
STU-01130,33,Female,Electrical Engineering,4.9,2.8,,2,64,10,4,15.1,3.4,63,75,,Social Media/Trends,6.8,10,Yes,74.2,5,1.78,Yes,No,Yes,Low
STU-01131,51,female,Law,6.4,2.6,278.0,9,109,10,4,3.6,4.6,51,150,Yes,Entertainment,11.4,4,No,69.2,4,2.68,Yes,Yes,No,Low
STU-01133,20,Female,Computer Science,7.3,4.9,288.0,8,67,3,5,12.5,,39,0,No,News,0.0,1,No,91.4,3,2.69,No,Yes,Yes,Low
STU-01134,62,Other,Fine Arts,7.6,0.4,249.0,7,71,9,4,9.8,7.6,30,0,No,News,4.5,9,Yes,56.9,5,1.94,No,Yes,No,Low
STU-01135,30 yrs,Other,Sports Science,8.3,2.8,56.0,2,64,9,1,6.3,0.0,79,0,Yes,Entertainment,4.5,3,No,84.2,5,3.04,No,Yes,Yes,High
STU-01136,49,Female,Electrical Engineering,7.0,1.2,257.0,7,101,6,3,2.8,2.9,41,38,Yes,Social Media/Trends,0.0,5,No,63.8,2,2.47,Yes,No,No,Medium
STU-01137,48,Male,Law,5.3,2.8,507.0,4,107,7,4,2.8,4.6,76,38,Yes,Gaming,4.5,4,No,75.8,6,2.48,Yes,Yes,Yes,Low
STU-01138,39,Male,Medicine,3.7,1.2,593.0,10,91,4,8,8.9,3.8,26,75,No,Entertainment,11.4,7,Yes,89.9,0,2.11,No,Yes,No,Low
STU-01139,29,Male,Visual Communication Design,7.9,2.2,250.0,5,91,7,3,1.0,0.8,24,112,Yes,Entertainment,4.5,8,Yes,66.6,5,2.13,Yes,No,Yes,Medium
STU-01141,48,Other,Law,7.3,1.2,537.0,6,110,6,5,1.0,0.8,51,112,No,Entertainment,6.8,4,No,70.1,3,2.63,Yes,Yes,Yes,Medium
STU-01142,36,Other,Fine Arts,9.1,5.3,212.0,4,119,9,2,2.8,3.8,77,38,No,Social Media/Trends,0.0,8,Yes,81.5,0,2.26,No,No,Yes,Medium
STU-01143,24,Other,Fine Arts,8.9,5.4,268.0,10,118,8,5,8.1,5.1,0,0,,Social Media/Trends,0.0,4,No,92.2,4,2.59,No,Yes,Yes,High
STU-01144,19,FEMALE,Fine Arts,8.2,5.9,244.0,3,80,1,5,15.1,1.3,5,75,No,Social Media/Trends,13.6,10,Yes,68.2,3,2.23,Yes,No,No,Low
STU-01145,45,Other,Medicine,3.9,0.1,324.0,8,94,3,9,14.2,4.6,0,150,No,Gaming,18.2,9,Yes,73.6,4,2.52,Yes,Yes,No,Low
STU-01147,19,Male,Information Systems,7.3,0.6,264.0,7,104,9,4,7.2,,10,38,No,Education,4.5,8,Yes,67.0,2,2.51,Yes,No,Yes,Low
STU-01148,60,Female,Nursing,6.6,6.6,319.0,4,78,6,1,5.4,4.2,21,150,No,Social Media/Trends,2.3,4,Yes,77.9,4,2.54,No,Yes,Yes,Medium
STU-01151,24,MALE,Culinary Arts,8.0,4.4,390.0,1,75,1,2,1.0,5.9,43,38,Yes,Entertainment,0.0,8,No,74.4,5,2.42,No,No,Yes,Medium
STU-01152,26,Other,Nursing,7.3,4.0,108.0,2,79,2,1,13.4,,14,75,Yes,Education,2.3,8,Yes,73.8,3,2.32,No,No,No,High
STU-01153,28,female,Education,7.7,0.4,188.0,4,63,5,3,12.5,1.7,58,75,No,News,,5,No,64.7,3,2.58,Yes,Yes,Yes,Low
STU-01154,51,Other,Medicine,6.9,4.5,272.0,4,69,3,3,14.2,6.3,39,112,No,News,4.5,7,Yes,96.2,3,2.16,No,Yes,Yes,Low
STU-01155,43,FEMALE,Sports Science,8.5,2.0,104.0,4,81,6,1,11.6,7.2,67,38,Yes,Social Media/Trends,9.1,9,Yes,86.1,4,2.49,Yes,Yes,No,Medium
STU-01157,49,Female,Law,6.4,6.0,476.0,5,106,9,4,13.4,5.5,27,75,No,News,11.4,6,No,77.7,5,2.26,Yes,No,No,Low
STU-01158,56,Male,Other Program,6.4,5.0,236.0,8,85,3,4,6.3,8.0,48,150,Yes,News,4.5,4,Yes,66.8,4,2.55,Yes,No,Yes,Medium
STU-01159,23,Male,Law,6.1,1.5,432.0,2,66,3,2,16.0,3.4,53,150,Yes,Entertainment,,7,Yes,77.6,6,2.03,Yes,Yes,Yes,Medium
STU-01160,22,Other,Information Systems,8.6,3.6,233.0,9,82,5,4,1.0,6.3,39,0,No,Entertainment,4.5,9,Yes,67.0,0,1.95,No,No,No,Low
STU-01161,24,Female,Medicine,9.4,1.9,461.0,7,82,8,4,5.4,6.7,0,38,No,Entertainment,0.0,5,No,66.9,3,2.32,No,No,Yes,Medium
STU-01162,28,Male,Electrical Engineering,6.8,2.8,556.0,1,74,3,1,16.0,1.7,35,75,No,Entertainment,2.3,1,No,82.2,5,2.49,No,No,Yes,High
STU-01163,45,Female,Computer Science,7.2,4.9,126.0,4,104,9,2,12.5,6.3,55,150,Yes,News,2.3,5,No,92.3,4,1.93,No,No,No,Medium
STU-01164,20,Other,Biology/Science,8.4,3.5,451.0,4,87,1,5,13.4,8.0,83,150,Yes,Social Media/Trends,6.8,10,No,67.8,4,1.58,Yes,Yes,No,Low
STU-01165,45,Male,Sports Science,6.3,1.4,87.0,4,107,6,4,12.5,6.3,23,150,Yes,News,11.4,2,No,80.5,4,2.85,Yes,Yes,No,Medium
STU-01167,34,Male,Electrical Engineering,6.2,5.7,477.0,8,91,2,5,5.4,3.8,23,38,No,Social Media/Trends,6.8,5,No,81.9,2,2.84,Yes,Yes,No,Low
STU-01169,62,Female,Education,7.8,4.4,19.0,8,86,10,4,2.8,6.7,52,75,No,News,0.0,6,No,85.4,4,2.82,No,No,No,Low
STU-01170,39,Other,Sports Science,6.1,2.5,251.0,9,112,3,6,2.8,0.4,32,75,No,Social Media/Trends,4.5,7,Yes,81.0,0,2.65,Yes,No,Yes,Medium
STU-01171,56,Female,Computer Science,6.7,3.7,329.0,2,112,10,1,8.9,0.0,0,75,No,News,0.0,7,Yes,63.5,7,2.07,No,Yes,Yes,Low
STU-01172,49,Male,Medicine,7.0,5.7,364.0,10,75,9,5,1.9,4.2,11,0,No,News,4.5,7,Yes,78.9,4,2.7,Yes,Yes,No,Low
STU-01173,42,Female,Medicine,6.3,6.0,564.0,10,77,4,3,13.4,3.8,6,112,No,Gaming,4.5,9,Yes,64.9,2,2.03,No,No,No,Low
STU-01176,42,Other,Medicine,8.1,3.1,590.0,10,65,6,3,6.3,5.9,59,38,Yes,Entertainment,0.0,7,Yes,69.4,5,2.1,Yes,No,No,Low
STU-01177,59,Male,Education,5.5,3.0,20.0,10,61,8,5,7.2,2.9,25,0,Yes,Entertainment,4.5,8,Yes,84.6,0,2.73,No,Yes,Yes,High
STU-01178,34,Other,Education,8.0,3.0,183.0,2,113,1,1,10.7,0.0,28,0,Yes,Entertainment,4.5,4,No,80.9,6,2.65,No,No,No,High
STU-01179,33,Other,Culinary Arts,5.9,0.3,211.0,10,87,1,7,1.9,2.1,11,150,Yes,Social Media/Trends,4.5,5,No,83.0,7,2.37,Yes,Yes,Yes,Medium
STU-01180,55,Female,Fine Arts,5.5,3.7,118.0,10,61,8,5,16.0,8.0,69,150,No,Gaming,4.5,6,No,75.9,4,1.57,Yes,No,Yes,Low
STU-01181,49,MALE,Electrical Engineering,5.5,6.4,297.0,4,113,9,4,12.5,,41,75,Yes,Education,2.3,2,No,79.5,2,2.28,No,No,Yes,Medium
STU-01182,47,Male,Electrical Engineering,3.4,0.4,555.0,8,91,4,9,11.6,3.8,44,150,Yes,Education,18.2,4,No,82.7,2,2.63,No,Yes,Yes,Medium
STU-01183,41,Other,Fine Arts,6.4,2.5,249.0,5,98,5,3,12.5,3.8,69,0,No,Social Media/Trends,0.0,1,No,74.6,1,2.7,Yes,No,Yes,Medium
STU-01185,52,Female,Other Program,5.7,3.5,14.0,8,114,8,3,10.7,0.0,77,150,No,News,4.5,2,Yes,91.5,2,2.66,No,No,No,Low
STU-01186,62,Female,Nursing,7.0,1.7,390.0,7,64,4,4,1.0,4.6,29,75,Yes,News,0.0,5,No,66.2,3,2.56,No,No,No,Medium
STU-01188,18,Male,Visual Communication Design,7.2,1.8,63.0,8,87,10,5,16.0,0.8,26,0,No,Education,6.8,8,No,60.7,4,1.95,Yes,Yes,Yes,Low
STU-01189,22,Female,Education,7.8,2.0,279.0,3,79,9,1,14.2,5.1,43,38,Yes,Education,,6,No,90.6,8,2.12,No,Yes,No,High
STU-01194,32,Other,Other Program,5.6,3.9,63.0,7,95,2,3,8.1,1.7,21,75,No,News,2.3,5,Yes,84.8,1,2.51,No,Yes,Yes,Low
STU-01195,43,Male,Visual Communication Design,6.1,2.3,135.0,4,65,7,3,6.3,,26,150,No,Education,0.0,9,No,85.4,3,1.97,No,No,Yes,Low
STU-01196,25,Female,Electrical Engineering,6.2,0.6,592.0,1,71,2,4,6.3,6.7,0,38,Yes,News,2.3,2,No,73.6,3,2.48,Yes,Yes,No,High
STU-01198,41,Female,Sports Science,7.3,3.1,60.0,9,115,2,4,4.5,7.2,38,75,No,News,0.0,6,Yes,81.6,3,2.35,No,Yes,Yes,Low
STU-01199,52,Other,Visual Communication Design,5.6,1.5,221.0,8,102,4,4,15.1,7.6,57,75,No,News,9.1,7,Yes,78.3,7,2.04,Yes,No,No,Low
STU-01200,52,Male,Law,5.6,1.3,431.0,9,70,3,6,10.7,2.5,71,38,No,Social Media/Trends,0.0,9,Yes,80.0,4,1.98,No,No,No,Low
STU-01201,23,Other,Medicine,8.0,8.4,542.0,8,103,7,5,3.6,1.3,34,0,Yes,Education,0.0,5,Yes,82.0,6,2.62,No,Yes,Yes,Medium
STU-01202,41,Male,Nursing,8.1,2.4,252.0,2,113,10,2,1.0,7.6,53,38,No,Gaming,2.3,6,Yes,84.4,4,2.67,No,No,Yes,Low
STU-01203,48,Female,Other Program,5.1,2.9,120.0,8,80,4,4,6.3,6.3,52,0,Yes,News,2.3,2,No,89.6,1,2.89,No,No,No,Medium
STU-01204,53,Female,Law,5.6,0.7,438.0,1,100,2,2,1.9,2.9,45,38,No,Education,4.5,5,No,,1,2.65,No,No,Yes,Medium
STU-01205,25,female,Nursing,7.6,6.7,122.0,1,101,8,2,8.1,5.9,54,150,Yes,Education,13.6,6,No,80.6,4,2.72,Yes,Yes,No,Medium
STU-01206,64,Other,Nursing,4.2,3.6,190.0,10,114,2,6,9.8,1.3,44,150,Yes,Gaming,6.8,5,Yes,79.8,2,2.64,Yes,No,No,Medium
STU-01207,59,Female,Fine Arts,4.7,2.2,,10,67,7,4,13.4,8.0,43,150,No,News,2.3,6,Yes,90.6,3,1.71,No,No,Yes,Low
STU-01208,18,FEMALE,Fine Arts,6.8,3.0,221.0,8,82,9,4,10.7,5.9,0,112,Yes,News,4.5,5,Yes,85.3,2,2.28,No,Yes,Yes,Medium
STU-01209,26,Male,Education,7.6,4.0,179.0,7,112,3,3,3.6,6.3,37,150,No,News,4.5,5,No,88.5,0,2.82,Yes,Yes,Yes,Medium
STU-01212,38,Male,Other Program,8.3,1.3,,1,118,8,1,4.5,6.3,47,150,Yes,Entertainment,0.0,4,No,70.8,0,2.42,No,No,No,Medium
STU-01213,61,Male,Biology/Science,7.8,4.1,557.0,7,93,9,3,10.7,0.8,3,38,Yes,Entertainment,4.5,6,Yes,75.0,6,2.4,Yes,Yes,No,Medium
STU-01214,22,Male,Nursing,7.4,2.6,166.0,8,105,9,3,7.2,0.8,29,38,No,Entertainment,0.0,5,Yes,76.7,4,2.28,Yes,Yes,No,Medium
STU-01215,24,Female,Culinary Arts,5.0,0.1,385.0,10,93,3,9,12.5,7.2,31,150,No,Social Media/Trends,11.4,4,Yes,,5,2.23,Yes,No,Yes,Low
STU-01216,63,Other,Biology/Science,6.0,2.0,,1,113,7,5,12.5,6.7,36,75,Yes,Entertainment,9.1,3,No,69.2,5,2.98,Yes,No,Yes,Medium
STU-01218,43,Male,Fine Arts,6.7,4.8,166.0,4,94,1,2,2.8,3.4,7,150,No,Social Media/Trends,0.0,5,No,79.3,3,2.28,No,No,Yes,Low
STU-01219,58,Other,Sports Science,7.3,5.1,214.0,5,103,1,1,4.5,3.8,20,0,Yes,Education,6.8,5,Yes,100.0,3,2.81,Yes,Yes,No,High
STU-01222,49,Male,Biology/Science,6.0,2.8,407.0,7,68,10,5,7.2,3.4,18,150,No,Entertainment,2.3,1,No,71.4,3,2.98,No,Yes,No,Medium
STU-01223,32,Male,Biology/Science,7.1,1.8,365.0,7,99,10,4,3.6,5.5,54,112,No,Entertainment,4.5,4,Yes,90.1,0,1.86,Yes,Yes,Yes,Low
STU-01224,60,Male,Other Program,8.5,6.5,257.0,3,67,1,2,8.1,0.0,27,150,Yes,Entertainment,,5,No,90.2,3,1.83,Yes,No,No,Medium
STU-01225,25,Female,Visual Communication Design,7.7,2.5,286.0,6,77,3,2,11.6,4.6,29,112,Yes,Social Media/Trends,6.8,6,No,77.4,2,2.14,No,No,No,High
STU-01226,55,Female,Culinary Arts,5.8,6.4,289.0,3,64,4,4,5.4,0.0,58,38,Yes,Education,4.5,5,Yes,78.9,3,2.55,Yes,Yes,Yes,High
STU-01227,36,Male,Other Program,6.3,7.3,46.0,6,85,9,5,1.0,0.0,0,0,No,Social Media/Trends,4.5,3,No,86.5,4,3.14,Yes,No,No,Medium
STU-01228,23,Female,Culinary Arts,6.6,4.0,304.0,6,111,3,4,4.5,3.8,67,38,No,Education,6.8,8,Yes,94.6,5,2.79,No,Yes,No,Low
STU-01229,60,Other,Computer Science,6.6,2.8,135.0,5,108,10,3,14.2,3.4,46,0,No,Entertainment,6.8,6,No,82.1,5,3.0,Yes,Yes,No,Low
STU-01230,20,Female,Culinary Arts,6.9,5.5,303.0,3,77,3,2,12.5,5.5,14,150,Yes,News,2.3,9,Yes,,6,2.1,Yes,No,Yes,Medium
STU-01231,43,Female,Electrical Engineering,8.3,4.3,561.0,1,60,7,2,1.0,1.7,1,150,Yes,Entertainment,0.0,8,No,91.2,2,2.19,No,Yes,Yes,High
STU-01232,25,Other,Electrical Engineering,6.3,2.2,447.0,3,95,2,2,6.3,0.4,42,150,Yes,Social Media/Trends,9.1,9,No,73.1,3,2.34,Yes,Yes,Yes,Medium
STU-01233,57,Other,Computer Science,7.2,3.4,247.0,8,105,5,6,1.9,4.6,65,0,No,Education,2.3,5,No,72.7,2,2.44,Yes,No,Yes,Low
STU-01235,22,MALE,Visual Communication Design,8.8,1.2,130.0,6,63,9,2,8.1,4.2,86,75,Yes,Entertainment,0.0,6,No,60.8,3,1.89,No,Yes,Yes,Low
STU-01236,30,Female,Computer Science,8.4,5.5,305.0,6,82,4,3,8.1,2.9,16,150,No,Education,9.1,9,Yes,77.8,3,2.36,Yes,No,No,Low
STU-01237,36,Female,Visual Communication Design,6.9,0.4,101.0,7,116,7,4,5.4,5.9,0,150,No,Gaming,0.0,4,Yes,78.4,5,2.4,No,Yes,Yes,Low
STU-01238,61,Other,Information Systems,5.1,5.3,,4,79,3,3,11.6,1.7,23,75,Yes,Gaming,9.1,3,No,74.0,3,2.73,Yes,No,No,High
STU-01240,57,Other,Biology/Science,5.7,5.7,385.0,1,83,7,1,8.9,1.3,94,150,No,News,9.1,8,Yes,90.6,4,2.59,Yes,Yes,Yes,Low
STU-01241,21,Female,Nursing,4.8,0.3,522.0,8,111,3,8,15.1,2.1,60,75,No,,11.4,2,Yes,82.2,2,2.69,Yes,Yes,Yes,Medium
STU-01242,45,Male,Medicine,4.1,3.6,560.0,10,91,2,9,9.8,,45,112,No,News,11.4,3,Yes,80.8,5,2.59,Yes,No,No,Low
STU-01244,29,Male,Other Program,4.3,0.4,596.0,10,99,3,10,8.9,2.9,40,75,Yes,Social Media/Trends,11.4,2,No,73.9,1,2.87,No,No,Yes,Low
STU-01245,57,Female,Medicine,8.2,1.9,585.0,6,113,6,4,13.4,5.5,1,0,No,Social Media/Trends,2.3,8,Yes,94.0,6,2.04,Yes,No,Yes,Medium
STU-01246,60,Other,Electrical Engineering,7.7,0.0,564.0,10,74,5,6,5.4,7.6,55,150,No,Education,9.1,9,Yes,81.2,2,2.35,Yes,No,No,Low
STU-01248,33,Female,Visual Communication Design,7.2,4.0,153.0,1,100,4,2,5.4,0.8,69,112,No,Social Media/Trends,4.5,3,No,71.7,3,2.43,No,Yes,No,Medium
STU-01249,30,Female,Fine Arts,8.8,2.8,233.0,9,113,1,5,4.5,2.1,22,75,Yes,News,4.5,6,Yes,78.2,3,2.73,Yes,Yes,Yes,High
STU-01250,56,Other,Other Program,6.5,6.1,243.0,4,105,8,2,9.8,0.0,40,75,No,News,4.5,2,No,82.3,0,2.72,Yes,No,Yes,Medium
STU-01251,33,Other,Medicine,6.3,1.7,496.0,2,62,9,2,9.8,8.0,46,75,Yes,Education,0.0,5,No,85.2,3,2.58,No,No,Yes,High
STU-01252,56,Other,Information Systems,6.7,3.5,103.0,5,73,3,4,10.7,4.6,55,0,Yes,Entertainment,4.5,8,Yes,83.9,1,2.05,No,Yes,Yes,Low
STU-01253,27,Other,Biology/Science,7.5,3.0,259.0,6,78,7,1,13.4,1.7,11,112,No,News,0.0,6,Yes,81.4,6,1.69,No,Yes,Yes,Medium
STU-01254,32,FEMALE,Other Program,6.7,3.6,72.0,5,101,5,3,5.4,4.6,44,38,No,News,9.1,7,Yes,65.3,5,2.55,Yes,No,Yes,Low
STU-01255,49,Male,Nursing,6.2,4.7,190.0,8,83,4,5,2.8,0.0,36,75,Yes,News,2.3,2,No,93.5,6,2.65,Yes,Yes,No,Medium
STU-01256,36,Female,Culinary Arts,7.4,3.9,230.0,8,101,3,8,6.3,2.1,0,38,No,Education,11.4,10,Yes,77.8,5,1.74,Yes,No,Yes,Low
STU-01257,55,Other,Other Program,8.5,5.9,155.0,1,86,6,1,9.8,6.3,45,0,No,Education,4.5,6,No,80.3,2,2.24,Yes,No,No,Low
STU-01258,24,Other,Information Systems,8.2,1.1,,6,77,5,1,16.0,7.2,80,150,Yes,News,6.8,4,No,78.7,1,1.94,Yes,No,Yes,Low
STU-01259,32,Other,Fine Arts,8.2,0.5,267.0,2,88,2,2,1.9,2.1,17,75,Yes,News,0.0,1,No,79.4,1,2.54,No,Yes,Yes,High
STU-01262,38,Other,Culinary Arts,5.7,1.5,364.0,1,96,9,2,13.4,7.6,35,112,Yes,Social Media/Trends,2.3,6,Yes,83.6,6,2.55,Yes,No,Yes,Medium
STU-01263,64,Other,Medicine,6.3,3.7,338.0,5,77,3,3,5.4,3.8,34,75,,Social Media/Trends,4.5,6,No,79.7,5,2.32,No,No,No,Medium
STU-01264,59,Other,Education,6.4,2.6,148.0,6,107,10,3,2.8,5.1,31,0,Yes,Education,6.8,6,Yes,85.3,5,2.22,Yes,Yes,No,Low
STU-01265,53,Other,Information Systems,5.3,5.3,220.0,7,101,5,3,11.6,7.6,11,75,No,Education,6.8,7,Yes,87.3,3,2.65,Yes,No,No,Low
STU-01267,20,Other,Other Program,5.2,0.6,462.0,8,108,4,8,40.2,5.5,41,75,No,Social Media/Trends,15.9,2,Yes,90.2,4,2.77,Yes,Yes,Yes,Medium
STU-01268,24,Female,Sports Science,6.8,0.6,220.0,8,91,7,4,13.4,5.1,1,75,Yes,Entertainment,2.3,10,Yes,70.0,5,1.92,No,No,No,Low
STU-01269,61,Female,Nursing,6.4,5.6,393.0,3,97,8,5,3.6,8.0,14,0,Yes,Gaming,4.5,5,No,91.4,3,2.31,Yes,No,Yes,Medium
STU-01270,50,Male,Education,6.6,4.8,196.0,2,79,2,2,16.0,2.1,7,38,No,News,2.3,8,Yes,65.7,6,2.1,Yes,Yes,No,Low
STU-01273,24,Male,Law,6.1,5.0,581.0,4,73,3,5,10.7,2.5,30,38,Yes,Entertainment,4.5,2,No,86.9,5,2.37,Yes,Yes,Yes,Medium
STU-01274,49,Female,Fine Arts,6.3,1.3,264.0,1,117,8,4,11.6,1.7,0,38,No,Education,2.3,2,Yes,89.9,3,2.31,No,Yes,No,High
STU-01275,37,Female,Culinary Arts,6.4,2.7,334.0,5,90,7,3,13.4,7.6,0,75,No,Education,4.5,5,No,85.7,1,2.5,Yes,Yes,Yes,Low
STU-01276,31,Female,Nursing,8.1,5.0,207.0,9,65,7,4,8.9,5.9,0,150,Yes,Education,15.9,10,Yes,70.2,5,2.34,Yes,No,Yes,High
STU-01278,28,Male,Other Program,8.0,4.0,279.0,2,116,9,3,9.8,4.2,68,150,Yes,Entertainment,2.3,5,No,70.0,6,2.37,No,No,Yes,Medium
STU-01279,26,Other,Other Program,6.7,0.5,229.0,5,65,6,5,8.399999999999999,2.1,46,112,No,Entertainment,11.4,8,No,77.0,4,2.16,Yes,Yes,No,Low
STU-01280,27,Male,Other Program,8.9,1.4,48.0,8,118,3,5,12.5,5.9,7,150,No,News,0.0,9,Yes,70.5,7,2.25,No,No,No,Medium
STU-01281,58,Other,Fine Arts,6.5,4.4,175.0,5,91,3,3,14.2,2.9,9,0,Yes,Entertainment,2.3,2,Yes,79.6,4,2.77,Yes,Yes,Yes,High
STU-01282,46,Female,Sports Science,5.6,7.0,239.0,6,98,7,3,1.0,6.3,61,75,Yes,Social Media/Trends,2.3,9,Yes,79.7,4,2.96,Yes,Yes,No,Medium
STU-01283,30,Male,Sports Science,6.6,2.4,52.0,8,89,5,3,3.6,8.0,34,0,No,Education,2.3,6,Yes,67.6,5,2.74,No,No,Yes,Low
STU-01284,24,Male,Electrical Engineering,7.5,2.0,515.0,1,91,7,2,1.9,0.8,51,150,No,News,2.3,4,Yes,95.4,1,2.55,No,Yes,No,High
STU-01285,56,Male,Visual Communication Design,6.5,4.8,156.0,1,117,8,1,10.7,1.7,40,112,No,News,0.0,1,No,84.4,0,2.56,No,No,No,Medium
STU-01286,37,Other,Information Systems,5.5,2.1,171.0,3,114,7,1,12.5,3.8,57,150,Yes,Social Media/Trends,2.3,9,Yes,69.5,5,2.12,No,Yes,No,Low
STU-01287,45,Male,Computer Science,4.5,1.7,575.0,9,95,3,10,15.1,4.6,13,150,No,News,15.9,8,Yes,80.9,7,2.69,Yes,Yes,No,Low
STU-01289,27,Female,Sports Science,7.6,5.6,291.0,8,112,2,5,7.2,5.1,37,150,No,Entertainment,11.4,10,Yes,57.5,2,2.41,Yes,Yes,Yes,Low
STU-01290,38,female,Other Program,3.9,0.4,344.0,9,96,1,9,11.6,5.5,0,112,No,Education,15.9,7,Yes,82.1,5,2.32,No,No,Yes,Low
STU-01291,56,Male,Information Systems,6.5,1.1,389.0,4,99,5,4,3.6,6.3,15,112,Yes,Gaming,0.0,4,Yes,83.4,8,2.29,No,Yes,No,Medium
STU-01292,39,Male,Education,8.6,3.3,294.0,4,119,10,3,9.8,3.4,21,0,No,Entertainment,4.5,2,Yes,75.2,2,2.6,Yes,No,No,High
STU-01293,26,Male,Visual Communication Design,6.7,1.8,268.0,8,98,4,4,10.7,2.5,47,112,Yes,Education,2.3,2,No,90.6,3,2.36,No,No,No,Medium
STU-01294,33,Other,Electrical Engineering,8.9,1.6,427.0,8,76,10,2,2.8,0.4,25,0,No,Education,4.5,3,No,82.7,4,2.83,Yes,Yes,Yes,High
STU-01295,27,Male,Visual Communication Design,6.3,0.0,231.0,10,110,9,5,2.8,6.3,42,112,Yes,Social Media/Trends,2.3,4,No,55.3,3,2.98,No,No,No,Low
STU-01296,39,Female,Electrical Engineering,5.7,2.9,577.0,8,67,4,6,8.9,2.1,0,112,Yes,Social Media/Trends,,3,Yes,77.1,3,2.72,Yes,Yes,No,High
STU-01297,52,Male,Electrical Engineering,5.1,0.5,498.0,4,84,4,4,8.1,5.5,56,150,No,News,9.1,4,Yes,71.2,3,2.91,Yes,No,No,Low
STU-01298,25,Female,Education,7.3,2.6,79.0,4,60,6,1,16.0,3.4,43,38,,News,0.0,7,Yes,75.6,6,1.5,No,Yes,No,Low
STU-01299,64,male,Medicine,5.9,2.4,250.0,8,111,5,5,11.6,7.2,54,0,Yes,Gaming,11.4,1,No,88.3,1,2.85,Yes,No,Yes,Medium
STU-01300,43,Other,Electrical Engineering,7.0,0.8,526.0,10,98,6,7,9.8,7.2,52,75,No,Education,13.6,8,Yes,77.1,0,2.15,Yes,Yes,Yes,Low
STU-01301,20,Other,Visual Communication Design,3.9,1.7,577.0,8,90,3,8,9.8,7.6,56,150,Yes,News,15.9,9,Yes,,3,2.31,Yes,Yes,Yes,Low
STU-01302,32,Other,Computer Science,8.0,4.1,338.0,1,110,7,2,5.4,4.6,50,-5,No,Education,6.8,8,Yes,82.3,9,2.68,Yes,No,Yes,Medium
STU-01303,62,Other,Law,6.8,0.7,315.0,9,113,4,4,14.2,7.6,38,75,No,Social Media/Trends,9.1,7,No,79.5,4,2.22,No,Yes,Yes,Low
STU-01304,50,Male,Information Systems,6.9,1.6,274.0,1,67,7,1,11.6,7.6,46,150,No,Entertainment,0.0,1,No,80.4,2,2.32,No,No,No,Medium
STU-01305,36,Male,Computer Science,4.5,2.9,320.0,9,110,4,8,16.0,7.2,32,75,,Gaming,9.1,2,No,89.3,4,2.67,Yes,No,Yes,Low
STU-01306,29,Other,Education,6.0,4.8,166.0,5,82,4,3,12.5,4.2,15,75,No,News,0.0,2,Yes,78.5,1,2.15,No,No,Yes,Low
STU-01307,55,Other,Biology/Science,5.2,0.4,443.0,5,105,4,4,8.9,3.8,37,0,Yes,Education,2.3,9,Yes,75.7,5,2.43,No,No,No,High
STU-01308,48,Other,Other Program,6.8,5.2,213.0,5,118,2,3,15.1,2.9,49,75,Yes,Social Media/Trends,6.8,6,Yes,66.4,5,2.29,Yes,Yes,Yes,Medium
STU-01309,39,Female,Visual Communication Design,7.2,0.8,175.0,10,65,9,4,15.1,0.8,28,38,Yes,News,9.1,3,No,86.5,5,2.76,Yes,Yes,Yes,High
STU-01310,26,Female,Other Program,7.4,4.6,55.0,5,73,3,3,16.0,7.6,73,75,No,Social Media/Trends,0.0,7,No,76.2,0,2.0,No,No,Yes,Low
STU-01311,56,Other,Fine Arts,6.5,0.9,221.0,2,102,7,3,15.1,2.1,6,75,No,Social Media/Trends,9.1,5,No,83.3,5,2.23,Yes,Yes,Yes,Medium
STU-01312,31,Male,Computer Science,4.4,1.4,430.0,8,111,3,9,8.1,6.7,34,75,Yes,Entertainment,20.5,4,Yes,71.1,3,2.59,No,Yes,Yes,Low
STU-01313,27,Male,Culinary Arts,8.9,3.7,231.0,1,66,10,2,15.1,7.6,12,38,Yes,Education,0.0,7,Yes,100.0,3,2.11,No,No,No,Medium
STU-01314,36,Male,Biology/Science,6.0,4.0,288.0,6,89,6,5,15.1,4.6,87,38,No,Social Media/Trends,13.6,5,No,83.8,4,2.63,Yes,No,Yes,Low
STU-01315,60,female,Visual Communication Design,7.4,4.2,270.0,4,92,10,3,11.6,3.4,33,75,Yes,Entertainment,4.5,8,Yes,98.5,1,2.28,Yes,No,No,Medium
STU-01316,55,Female,Nursing,7.6,4.4,110.0,6,118,7,3,10.7,4.2,9,150,Yes,Education,11.4,4,No,65.7,4,2.9,Yes,Yes,Yes,High
STU-01317,48,Male,Computer Science,6.4,0.3,220.0,2,75,9,2,14.2,2.5,47,150,,Social Media/Trends,2.3,5,No,72.8,4,2.25,No,Yes,Yes,Low
STU-01318,33,Female,Nursing,6.4,2.2,226.0,4,101,10,2,9.8,,31,0,No,Gaming,2.3,8,Yes,83.3,3,2.17,Yes,Yes,Yes,Low
STU-01319,64,Other,Nursing,6.5,3.1,373.0,1,117,9,2,3.6,6.7,8,75,Yes,News,4.5,8,Yes,81.8,2,2.58,Yes,No,Yes,Medium
STU-01320,28,Other,Sports Science,6.3,4.6,288.0,10,65,4,5,10.7,3.8,8,0,Yes,Gaming,15.9,3,No,83.4,7,3.05,Yes,Yes,Yes,High
STU-01321,39,Male,Computer Science,7.5,6.1,294.0,5,72,5,3,16.0,8.0,78,150,Yes,News,6.8,6,No,64.2,5,2.24,No,Yes,Yes,Low
STU-01322,40,Other,Visual Communication Design,7.0,5.4,114.0,3,116,4,4,7.2,2.9,45,112,Yes,Education,6.8,2,No,87.4,2,2.39,No,No,No,High
STU-01323,24,Female,Biology/Science,6.1,3.1,326.0,10,111,1,5,5.4,2.1,20,150,No,Education,2.3,4,Yes,95.5,0,2.43,Yes,No,Yes,Medium
STU-01324,33,Female,Computer Science,3.5,0.2,559.0,10,106,3,8,10.7,4.2,45,112,No,News,20.5,8,Yes,93.5,6,3.12,No,Yes,Yes,Low
STU-01325,46,Female,Computer Science,6.8,3.4,175.0,1,90,10,3,13.4,3.4,58,38,,News,2.3,8,Yes,87.3,6,2.71,Yes,Yes,No,Medium
STU-01326,28,Female,Visual Communication Design,7.1,4.7,174.0,10,72,9,5,6.3,1.7,56,112,Yes,Gaming,2.3,5,Yes,83.0,7,2.1,Yes,No,No,Low
STU-01327,37,Male,Medicine,7.6,6.7,429.0,7,118,3,4,14.2,5.1,47,75,Yes,Entertainment,6.8,8,Yes,93.3,5,2.06,No,No,No,Low
STU-01330,35,Male,Visual Communication Design,7.4,5.9,85.0,2,88,7,1,6.3,8.0,32,0,Yes,Entertainment,0.0,5,No,80.2,3,2.6,No,Yes,No,Medium
STU-01332,44,MALE,Medicine,6.4,3.1,485.0,3,112,3,3,4.5,2.9,40,38,Yes,Education,6.8,5,Yes,92.4,3,3.2,Yes,No,Yes,High
STU-01333,37,Other,Other Program,3.0,0.3,520.0,9,101,4,9,9.8,4.2,48,150,No,Social Media/Trends,13.6,2,No,77.7,4,3.15,Yes,No,No,Low
STU-01334,36,Female,Electrical Engineering,6.5,5.9,425.0,4,112,7,3,11.6,1.7,44,0,Yes,Gaming,4.5,6,Yes,95.0,8,2.28,No,Yes,Yes,High
STU-01335,42,Other,Culinary Arts,7.6,2.1,255.0,2,62,9,2,12.5,2.1,46,75,Yes,Social Media/Trends,9.1,6,No,79.0,4,2.5,Yes,No,Yes,Medium
STU-01336,29,Other,Education,6.7,3.2,218.0,2,81,1,3,11.6,3.8,6,38,Yes,Entertainment,2.3,5,Yes,81.3,5,2.29,Yes,Yes,No,High
STU-01337,38,Male,Information Systems,4.2,1.9,379.0,10,95,4,9,14.2,6.7,43,112,No,Social Media/Trends,20.5,3,No,78.6,5,2.9,Yes,No,No,Low
STU-01339,42,Male,Biology/Science,7.1,3.9,506.0,8,75,3,4,4.5,5.1,36,-5,No,Gaming,2.3,4,No,91.4,3,2.44,No,Yes,Yes,Medium
STU-01340,55,Other,Law,5.6,5.2,,1,118,5,3,12.5,1.3,39,38,Yes,News,6.8,9,Yes,76.1,6,2.28,Yes,No,Yes,Medium
STU-01341,48,Female,Computer Science,6.3,2.8,243.0,8,81,10,4,12.5,3.8,51,75,Yes,Entertainment,0.0,2,No,55.8,5,2.44,No,No,Yes,Medium
STU-01342,50,Male,Biology/Science,7.0,2.7,599.0,6,76,8,1,6.3,6.7,39,112,Yes,Gaming,2.3,5,No,85.9,5,2.61,No,Yes,Yes,Medium
STU-01343,43,Female,Sports Science,8.4,0.8,218.0,6,118,2,5,4.5,4.6,44,0,No,Social Media/Trends,4.5,10,Yes,70.8,2,2.08,No,No,No,Low
STU-01344,29,Other,Sports Science,5.6,3.9,121.0,9,95,8,5,4.5,2.9,46,38,Yes,News,2.3,4,Yes,87.0,5,2.39,No,Yes,No,High
STU-01346,19,Other,Fine Arts,7.5,3.9,291.0,7,75,5,3,6.3,1.7,3,38,No,News,15.9,3,No,74.1,5,3.1,Yes,No,Yes,High
STU-01347,18,Female,Medicine,6.1,5.6,578.0,6,115,10,6,13.4,2.5,47,112,No,Gaming,9.1,2,No,88.6,4,2.52,Yes,Yes,No,High
STU-01348,34,FEMALE,Nursing,6.9,1.5,380.0,5,79,2,3,5.4,0.8,36,38,No,News,0.0,5,Yes,91.3,1,2.66,No,No,Yes,Low
STU-01349,24,Female,Visual Communication Design,8.3,0.9,276.0,1,91,5,2,13.4,0.0,33,112,No,News,11.4,4,No,75.6,0,2.24,Yes,No,No,High
STU-01350,28,Other,Sports Science,7.9,4.6,213.0,7,70,9,4,15.1,5.1,28,38,No,News,4.5,6,Yes,,3,2.29,No,Yes,Yes,Low
STU-01352,35,Female,Nursing,6.6,3.9,359.0,9,96,3,4,12.5,0.4,72,112,No,Gaming,,10,Yes,71.7,5,1.93,No,Yes,No,Low
STU-01353,44,Other,Visual Communication Design,3.6,0.8,314.0,9,118,2,10,16.0,6.3,0,112,No,News,11.4,7,Yes,73.1,3,2.38,Yes,No,Yes,Low
STU-01355,59,Female,Fine Arts,7.3,3.2,86.0,2,102,6,2,12.5,2.9,36,38,Yes,Entertainment,9.1,5,No,87.5,9,2.67,Yes,Yes,Yes,High
STU-01356,40,Female,Other Program,6.0,3.9,248.0,9,70,5,5,10.7,4.6,8,38,Yes,Education,6.8,3,No,81.1,4,2.62,Yes,Yes,Yes,Low
STU-01357,22,Female,Medicine,4.6,0.4,,8,109,2,10,37.5,3.4,52,112,No,Social Media/Trends,20.5,10,Yes,79.5,5,2.54,Yes,No,Yes,Low
STU-01359,51,Female,Information Systems,6.3,4.3,144.0,4,93,4,4,16.0,5.9,57,112,Yes,Entertainment,18.2,5,Yes,77.9,5,2.25,Yes,Yes,No,Low
STU-01360,48,Other,Fine Arts,6.5,5.0,278.0,4,76,1,5,6.3,6.7,0,38,No,News,11.4,4,Yes,86.9,4,2.74,Yes,Yes,No,Medium
STU-01361,33,Female,Computer Science,6.2,0.6,149.0,4,115,4,3,16.0,7.6,48,38,,Social Media/Trends,4.5,7,Yes,73.0,6,1.91,No,No,Yes,Low
STU-01363,29,Male,Information Systems,6.2,4.5,226.0,6,95,8,3,11.6,7.2,97,150,No,Gaming,0.0,5,No,79.1,7,2.44,Yes,No,No,Low
STU-01364,56,Male,Culinary Arts,5.9,3.9,350.0,3,113,3,3,4.5,7.2,30,38,Yes,Gaming,4.5,7,No,85.2,5,2.29,Yes,No,Yes,Medium
STU-01365,31,Other,Medicine,8.2,0.9,595.0,10,60,10,6,7.2,0.4,35,112,No,News,0.0,7,Yes,74.7,6,2.31,No,Yes,Yes,Low
STU-01366,39,Other,Nursing,7.6,6.5,192.0,6,109,2,1,13.4,5.9,61,38,Yes,Entertainment,4.5,6,No,79.4,2,2.01,No,Yes,No,Medium
STU-01368,63,Male,Sports Science,8.0,0.7,171.0,4,92,6,2,10.7,0.0,53,0,Yes,News,2.3,5,Yes,89.8,4,1.74,No,Yes,No,Low
STU-01369,51,Female,Visual Communication Design,6.6,4.6,84.0,7,85,8,4,14.2,0.0,71,0,Yes,Education,2.3,5,No,87.0,1,2.44,No,Yes,Yes,High
STU-01370,26,Male,Electrical Engineering,4.8,1.5,352.0,6,79,2,3,1.9,5.1,100,150,No,Entertainment,6.8,8,Yes,80.4,2,2.65,Yes,Yes,No,Low
STU-01371,35,Female,Electrical Engineering,8.2,2.7,469.0,7,65,10,5,13.4,8.0,38,75,No,News,15.9,1,No,92.6,2,2.78,Yes,Yes,No,Medium
STU-01374,32,Other,Medicine,7.9,2.1,321.0,4,99,5,3,16.0,2.1,30,0,No,News,,9,Yes,68.1,5,1.89,Yes,Yes,No,Low
STU-01375,30,Male,Medicine,7.3,2.1,328.0,8,82,2,4,2.8,7.2,17,150,No,Entertainment,9.1,9,Yes,63.8,6,2.54,Yes,Yes,No,Low
STU-01377,48,Male,Biology/Science,4.9,3.1,477.0,9,92,1,5,6.3,1.7,25,38,No,Education,2.3,5,No,90.2,3,2.41,No,No,No,Low
STU-01379,33,Female,Biology/Science,6.1,5.7,267.0,9,94,3,5,7.2,3.4,28,75,Yes,Social Media/Trends,9.1,7,Yes,95.1,6,2.76,No,Yes,No,Medium
STU-01380,45,Male,Law,7.8,2.1,354.0,3,107,2,4,8.9,0.8,69,150,Yes,News,2.3,8,No,77.7,5,2.29,Yes,No,Yes,High
STU-01381,37,Male,Education,5.4,0.3,428.0,8,104,3,8,8.9,4.6,9,150,Yes,Gaming,13.6,9,Yes,70.6,4,2.71,No,Yes,No,Medium
STU-01382,50,Female,Education,4.9,3.3,48.0,8,62,1,3,1.9,5.1,25,38,Yes,Entertainment,2.3,7,No,80.5,7,2.24,No,Yes,No,Low
STU-01383,64,Female,Law,8.5,5.1,350.0,4,100,4,4,2.8,2.9,40,75,No,Gaming,2.3,2,No,82.5,1,2.47,Yes,Yes,Yes,High
STU-01386,22,Male,Culinary Arts,7.2,0.5,114.0,7,71,4,3,8.9,5.5,66,150,Yes,Social Media/Trends,6.8,5,No,92.2,7,2.58,Yes,No,No,Medium
STU-01387,24,Female,Biology/Science,8.5,4.4,300.0,2,108,7,2,6.3,2.9,30,75,Yes,Entertainment,2.3,6,Yes,85.6,8,2.46,No,No,Yes,High
STU-01388,30,Other,Electrical Engineering,6.4,2.8,,9,71,1,5,15.1,5.5,39,38,Yes,Gaming,0.0,5,Yes,98.0,7,2.64,No,No,No,Low
STU-01389,22,Female,Sports Science,4.6,0.9,400.0,8,108,1,8,8.1,8.0,18,112,No,Education,,3,No,84.1,0,2.76,Yes,Yes,Yes,Low
STU-01390,38,Female,Other Program,9.2,2.8,46.0,8,61,10,3,14.2,0.4,57,75,Yes,Entertainment,2.3,5,No,70.3,5,2.19,No,No,No,High
STU-01392,63,Other,Fine Arts,6.4,1.1,207.0,3,116,1,2,8.9,1.7,58,0,No,Entertainment,9.1,1,No,86.3,0,2.97,No,No,Yes,Medium
STU-01394,39,Male,Information Systems,5.4,0.3,383.0,9,107,1,9,14.2,4.2,21,112,,Gaming,,7,Yes,83.9,6,2.5,Yes,Yes,No,Low
STU-01395,23,female,Electrical Engineering,6.1,3.1,566.0,8,91,3,6,15.1,3.8,28,0,No,Social Media/Trends,2.3,5,Yes,76.2,3,1.9,No,Yes,No,Low
STU-01396,53,Other,Information Systems,7.6,1.5,225.0,1,64,9,3,16.0,6.7,67,112,No,News,9.1,4,No,60.5,0,2.1,Yes,No,Yes,Low
STU-01398,39,Other,Visual Communication Design,6.0,3.5,176.0,9,103,2,3,8.1,1.7,0,112,Yes,Gaming,0.0,10,Yes,73.1,5,1.95,Yes,No,Yes,Low
STU-01400,18,Male,Culinary Arts,7.6,2.4,107.0,4,60,2,3,8.9,0.8,45,112,No,Social Media/Trends,4.5,6,No,86.6,1,2.56,No,No,No,Low
STU-01401,48,Female,Nursing,5.8,1.3,,7,89,3,4,8.9,7.6,0,112,No,Education,0.0,4,Yes,80.7,2,2.56,No,Yes,Yes,Low
STU-01402,57,Other,Electrical Engineering,8.4,2.9,439.0,9,115,1,4,2.8,0.8,37,0,No,Social Media/Trends,4.5,9,Yes,75.9,4,2.43,No,Yes,No,Low
STU-01403,59,Female,Visual Communication Design,5.3,4.8,127.0,3,103,6,2,16.0,8.0,53,112,Yes,Entertainment,2.3,8,Yes,91.5,1,1.91,Yes,Yes,Yes,Low
STU-01404,59,Male,Computer Science,8.4,2.1,105.0,3,71,4,2,8.9,1.7,18,112,Yes,Gaming,6.8,2,No,91.6,3,2.87,Yes,Yes,Yes,High
STU-01405,35,Male,Visual Communication Design,4.2,1.1,425.0,9,90,2,9,15.1,4.2,34,112,No,Gaming,20.5,6,Yes,79.9,2,2.84,No,No,No,Low
STU-01406,21,Male,Other Program,3.1,2.6,354.0,9,97,4,9,10.7,6.3,7,150,No,Education,15.9,7,Yes,,3,2.66,Yes,Yes,No,Low
STU-01407,41,Male,Other Program,7.5,4.1,34.0,10,76,2,5,4.5,5.5,109,112,Yes,Social Media/Trends,4.5,5,No,,6,2.41,Yes,Yes,Yes,Low
STU-01408,32,Female,Sports Science,6.9,2.8,293.0,8,82,2,5,12.5,3.8,37,38,No,News,0.0,7,No,79.3,4,2.21,No,Yes,No,Low
STU-01409,40,Female,Biology/Science,6.4,3.9,286.0,3,90,8,3,10.7,2.5,25,75,Yes,Gaming,2.3,5,Yes,91.6,2,2.87,No,Yes,Yes,High
STU-01410,47,Other,Nursing,6.3,1.1,,7,63,3,4,14.2,4.2,71,38,Yes,News,2.3,6,Yes,100.0,5,2.37,Yes,Yes,Yes,High
STU-01411,62,Other,Sports Science,6.1,3.7,199.0,7,106,7,4,15.1,3.4,25,75,No,Gaming,0.0,7,No,69.6,5,1.66,No,Yes,No,Low
STU-01412,19,Other,Nursing,7.0,3.9,206.0,10,71,9,6,15.1,1.3,6,75,No,Social Media/Trends,4.5,4,Yes,73.4,1,2.15,No,No,Yes,High
STU-01413,55,female,Computer Science,6.1,3.6,203.0,6,113,5,3,9.8,0.4,44,-5,No,Education,4.5,8,Yes,88.7,3,2.18,Yes,Yes,Yes,Low
STU-01414,64,Female,Law,6.3,3.4,265.0,5,95,6,4,4.5,2.1,54,0,Yes,News,18.2,4,No,76.9,1,3.27,Yes,No,Yes,Medium
STU-01415,59,male,Culinary Arts,5.5,5.3,364.0,5,96,3,3,9.8,5.9,49,112,Yes,Social Media/Trends,2.3,6,Yes,91.2,2,2.38,Yes,Yes,Yes,Low
STU-01416,33,Other,Sports Science,8.6,2.9,205.0,8,60,10,5,5.4,0.0,18,112,Yes,Social Media/Trends,6.8,7,Yes,90.5,6,2.77,Yes,No,Yes,High
STU-01417,56,Female,Biology/Science,8.3,4.0,554.0,4,79,1,3,11.6,0.4,37,38,No,Education,9.1,5,No,82.4,7,2.64,Yes,No,No,High
STU-01418,63,Female,Nursing,4.1,2.0,195.0,8,65,2,4,5.4,8.0,0,38,Yes,Entertainment,0.0,5,Yes,87.7,3,2.46,Yes,No,No,Medium
STU-01419,41,Other,Nursing,6.5,2.1,,8,118,4,5,1.9,2.9,25,75,Yes,News,2.3,1,No,100.0,2,3.09,No,No,No,High
STU-01420,24,Male,Fine Arts,6.3,3.9,186.0,5,102,10,3,16.0,2.9,43,38,Yes,News,4.5,7,Yes,95.2,3,2.23,No,Yes,Yes,Low
STU-01422,33,Other,Education,6.8,3.8,61.0,2,74,2,1,10.7,2.9,0,150,No,News,2.3,3,No,71.6,4,2.32,Yes,Yes,No,Medium
STU-01423,25,Female,Other Program,7.4,2.1,59.0,6,92,5,2,5.4,,4,75,No,Education,2.3,5,Yes,58.7,4,1.96,No,No,Yes,Medium
STU-01424,59,Other,Electrical Engineering,5.6,0.8,251.0,7,109,5,4,2.8,2.1,56,112,No,Education,0.0,7,No,89.3,0,2.19,Yes,No,No,Low
STU-01425,34,Other,Medicine,4.1,0.6,557.0,9,103,2,8,14.2,5.5,28,75,Yes,Social Media/Trends,20.5,5,Yes,77.8,5,2.82,Yes,No,Yes,Low
STU-01426,26,Male,Law,7.4,2.1,298.0,7,100,6,3,10.7,2.1,73,112,No,Social Media/Trends,2.3,2,No,91.8,2,2.45,Yes,No,Yes,Low
STU-01427,22,Other,Other Program,7.0,3.3,234.0,2,99,8,4,15.1,2.1,10,75,No,Gaming,6.8,5,Yes,,8,2.61,Yes,No,Yes,High
STU-01428,25,Male,Education,5.2,3.9,40.0,5,117,9,3,6.3,8.0,42,75,Yes,Entertainment,9.1,2,No,82.4,5,2.67,Yes,No,No,Medium
STU-01429,40,Other,Sports Science,6.9,2.6,83.0,3,61,9,1,10.7,3.8,58,0,No,Gaming,4.5,4,Yes,,4,2.32,Yes,No,Yes,Low
STU-01431,50,Male,Education,7.5,4.1,109.0,8,81,9,3,12.5,3.8,11,38,No,Education,2.3,6,No,85.7,7,2.02,No,Yes,No,Low
STU-01432,33,Male,Sports Science,6.1,7.6,165.0,3,98,9,4,3.6,6.3,0,38,No,Entertainment,2.3,1,No,89.1,0,2.71,No,No,Yes,Medium
STU-01433,39,Male,Sports Science,8.3,2.3,152.0,8,111,3,3,8.9,7.6,27,75,Yes,Entertainment,2.3,3,Yes,88.5,0,2.88,No,Yes,No,High
STU-01434,19,Male,Other Program,8.0,7.8,278.0,9,114,10,4,2.8,1.3,19,75,No,Entertainment,0.0,1,No,100.0,3,2.9,Yes,No,Yes,Medium
STU-01435,20,Male,Electrical Engineering,8.2,0.6,586.0,3,75,1,2,8.9,7.2,4,150,Yes,Entertainment,11.4,5,No,80.6,7,2.69,Yes,Yes,Yes,Medium
STU-01437,38,FEMALE,Education,8.7,4.0,248.0,7,95,8,4,1.9,3.4,35,112,Yes,Gaming,2.3,7,No,65.0,6,2.45,No,Yes,No,Medium
STU-01438,25,Male,Law,6.3,2.9,,2,111,4,2,1.0,0.0,53,150,No,News,6.8,7,Yes,88.5,4,2.72,Yes,No,No,Low
STU-01439,37,Male,Biology/Science,7.4,1.3,318.0,1,106,4,1,1.9,6.7,15,112,No,Social Media/Trends,0.0,7,No,84.1,6,2.53,No,No,No,High
STU-01440,48,FEMALE,Sports Science,8.6,1.7,90.0,2,105,8,3,1.0,0.4,16,38,Yes,Education,2.3,5,No,88.3,0,2.49,Yes,Yes,No,High
STU-01441,41,Other,Culinary Arts,6.8,5.3,324.0,7,104,5,3,16.0,3.4,30,0,Yes,Entertainment,4.5,5,No,75.7,6,2.23,No,Yes,Yes,Medium
STU-01442,33,Other,Nursing,7.2,3.0,176.0,3,107,5,2,11.6,2.9,24,150,No,Social Media/Trends,6.8,1,No,88.8,3,2.75,Yes,No,Yes,High
STU-01443,29,Male,Computer Science,5.9,0.7,133.0,3,63,6,2,3.6,2.1,52,75,No,Gaming,,5,No,76.5,6,2.4,Yes,Yes,Yes,Low
STU-01444,55,Other,Law,6.8,2.8,296.0,4,91,5,5,12.5,5.9,62,112,No,News,6.8,2,No,69.9,1,2.6,No,Yes,Yes,Low
STU-01445,30,Other,Education,7.1,5.2,228.0,8,87,3,4,1.0,1.3,37,0,Yes,News,2.3,5,Yes,84.2,5,2.11,No,No,Yes,Medium
STU-01446,48,Other,Electrical Engineering,6.5,2.1,462.0,7,66,2,4,2.8,1.3,17,150,No,News,2.3,6,Yes,73.7,4,2.3,Yes,No,Yes,Low
STU-01447,57,male,Medicine,6.6,3.7,294.0,10,102,10,5,4.5,2.9,23,38,Yes,Education,4.5,7,No,71.4,3,1.99,No,No,Yes,Low
STU-01449,24,FEMALE,Culinary Arts,6.9,1.2,199.0,1,86,10,2,7.2,7.2,0,38,Yes,Education,0.0,6,No,82.4,3,2.17,No,No,Yes,High
STU-01450,53,Female,Culinary Arts,4.8,0.8,321.0,2,112,7,3,8.1,6.3,63,112,Yes,Education,0.0,7,No,72.8,5,2.03,No,Yes,No,Low
STU-01452,41,Other,Fine Arts,4.6,0.9,540.0,8,90,3,8,9.8,6.7,61,112,Yes,Social Media/Trends,18.2,3,Yes,92.4,4,3.15,Yes,Yes,No,Low
STU-01453,26,Male,Visual Communication Design,7.5,4.3,275.0,5,69,8,3,16.0,6.7,58,0,No,Education,9.1,4,Yes,91.4,5,2.38,Yes,No,No,Low
STU-01455,62,Other,Law,7.4,2.4,497.0,2,64,5,2,13.4,2.5,46,112,Yes,Education,0.0,2,No,75.9,1,2.16,No,Yes,No,High
STU-01456,47,Male,Sports Science,6.0,2.4,185.0,4,62,6,3,15.1,5.5,31,112,Yes,Gaming,2.3,3,Yes,63.0,2,2.22,Yes,Yes,No,Low
STU-01459,31,Male,Law,5.8,4.8,294.0,5,105,8,4,10.7,7.6,23,112,Yes,Entertainment,4.5,7,Yes,98.6,2,2.42,No,No,Yes,Low
STU-01460,29,Other,Law,5.6,1.1,380.0,3,77,5,2,7.2,3.4,51,38,Yes,News,0.0,8,No,73.3,2,1.92,No,Yes,No,Low
STU-01461,39,Female,Information Systems,5.0,0.4,,8,110,4,8,9.8,7.2,41,112,No,Education,18.2,6,Yes,79.7,2,2.86,Yes,No,No,Low
STU-01462,48,Male,Law,5.8,3.6,415.0,1,73,3,4,9.8,8.0,33,75,No,Social Media/Trends,0.0,3,No,72.1,5,2.43,No,Yes,Yes,Low
STU-01463,39,Female,Medicine,4.2,0.5,526.0,10,103,4,8,8.1,5.1,12,75,No,Entertainment,11.4,6,Yes,78.5,3,2.58,Yes,Yes,No,Low
STU-01465,42,Male,Computer Science,6.4,2.3,327.0,8,69,7,6,15.1,3.4,14,150,,Entertainment,11.4,7,Yes,72.3,5,2.04,Yes,No,No,Medium
STU-01466,19,Other,Computer Science,7.3,3.0,264.0,10,103,6,7,14.2,7.2,41,38,No,Education,2.3,5,Yes,82.0,4,2.17,No,Yes,No,Low
STU-01467,64,Female,Visual Communication Design,7.2,2.0,204.0,6,80,10,3,7.2,2.9,18,38,No,Social Media/Trends,2.3,3,No,60.7,5,1.96,No,Yes,Yes,Low
STU-01468,49,Female,Electrical Engineering,6.8,0.0,366.0,1,77,2,2,1.9,5.9,5,0,No,Gaming,0.0,3,No,77.8,2,2.52,No,Yes,Yes,Medium
STU-01470,20,Other,Biology/Science,5.4,2.7,280.0,3,103,4,2,12.5,5.9,77,38,No,Entertainment,2.3,4,No,,3,2.16,No,Yes,Yes,Low
STU-01471,34,Male,Sports Science,9.1,4.4,232.0,10,115,7,3,12.5,,60,112,No,Entertainment,9.1,4,No,77.8,6,2.84,Yes,Yes,Yes,Low
STU-01472,36,Other,Sports Science,6.6,5.3,83.0,1,75,10,3,16.0,,30,112,Yes,News,4.5,7,Yes,76.9,6,2.21,No,No,No,High
STU-01474,33,Female,Computer Science,6.4,2.8,152.0,10,72,5,5,5.4,7.2,38,0,Yes,Social Media/Trends,0.0,4,No,86.4,6,2.71,No,No,Yes,Low
STU-01475,18,Female,Culinary Arts,6.1,2.2,352.0,7,76,6,3,6.3,3.8,4,150,Yes,Gaming,2.3,7,Yes,95.5,4,2.37,No,No,Yes,Medium
STU-01476,49,Other,Information Systems,6.0,1.9,181.0,3,86,1,2,3.6,1.3,54,0,No,Entertainment,4.5,3,No,80.5,3,2.63,Yes,No,Yes,Medium
STU-01477,35,Other,Medicine,4.5,0.2,470.0,8,119,1,9,8.9,5.1,71,150,No,Education,9.1,4,Yes,82.9,4,2.19,Yes,Yes,Yes,Low
STU-01478,58,Male,Culinary Arts,5.2,2.7,338.0,10,89,10,7,13.4,6.7,14,0,Yes,News,11.4,6,Yes,91.2,6,2.63,Yes,No,Yes,Low
STU-01479,45,Female,Fine Arts,7.1,5.2,286.0,10,110,6,6,1.0,8.0,21,112,Yes,Social Media/Trends,18.2,9,Yes,82.8,5,2.62,Yes,Yes,No,Low
STU-01480,49,Female,Other Program,7.4,1.9,3.0,9,109,3,5,6.3,3.8,11,75,No,Entertainment,4.5,8,Yes,100.0,4,2.38,Yes,No,Yes,Medium
STU-01482,19,Female,Other Program,8.1,6.3,54.0,5,94,2,2,1.0,0.4,30,112,No,Social Media/Trends,2.3,6,No,86.3,3,2.66,No,No,No,High
STU-01484,42,Female,Culinary Arts,8.6,3.7,306.0,2,75,1,4,14.2,4.6,0,0,No,News,4.5,6,No,70.0,4,2.23,Yes,Yes,Yes,Medium
STU-01485,26,Female,Visual Communication Design,6.5,3.3,292.0,4,79,10,4,14.2,5.5,34,75,No,Social Media/Trends,0.0,3,No,100.0,0,2.35,No,No,Yes,Medium
STU-01486,41,MALE,Law,7.1,4.2,546.0,10,68,4,6,3.6,5.1,83,75,No,Social Media/Trends,6.8,3,No,77.5,3,2.67,Yes,Yes,Yes,Low
STU-01487,53,Female,Law,6.7,4.6,585.0,8,113,6,6,13.4,6.7,81,75,No,Entertainment,6.8,6,Yes,88.0,4,1.73,Yes,Yes,No,Low
STU-01488,27,Other,Information Systems,7.8,0.6,372.0,6,64,3,3,6.3,0.8,0,38,No,Social Media/Trends,0.0,5,No,71.1,3,2.35,No,Yes,Yes,Medium
STU-01489,50,Male,Culinary Arts,5.6,1.5,324.0,8,68,3,4,8.1,8.0,13,112,No,Gaming,4.5,9,Yes,72.5,7,1.89,No,No,No,Low
STU-01491,40,Other,Visual Communication Design,6.7,4.5,,8,92,3,4,8.1,2.9,25,38,Yes,Gaming,4.5,3,Yes,83.6,0,2.28,No,No,Yes,Medium
STU-01492,26,Female,Information Systems,7.5,4.6,,3,74,8,3,7.2,2.9,55,0,No,Gaming,6.8,4,No,76.9,5,2.28,No,Yes,Yes,Low
STU-01493,38,Female,Medicine,6.6,2.1,312.0,1,112,8,1,10.7,4.6,0,75,Yes,Social Media/Trends,13.6,7,Yes,93.3,8,2.94,Yes,No,Yes,High
STU-01494,35,Female,Electrical Engineering,7.6,1.5,466.0,1,82,2,3,5.4,2.9,2,150,No,News,6.8,7,Yes,90.0,3,2.3,Yes,Yes,Yes,High
STU-01495,24,Other,Culinary Arts,7.9,4.5,126.0,7,95,10,4,5.4,1.7,60,150,Yes,Social Media/Trends,2.3,8,Yes,80.8,4,2.22,No,Yes,No,High
STU-01496,40,Other,Computer Science,6.9,2.5,169.0,8,99,6,3,6.3,0.4,55,150,,Entertainment,4.5,2,Yes,73.3,3,2.52,Yes,Yes,No,Medium
STU-01497,54,Other,Electrical Engineering,6.6,4.3,596.0,2,72,9,3,3.6,6.7,31,150,Yes,Gaming,9.1,10,Yes,84.7,3,2.57,Yes,Yes,Yes,Low
STU-01498,21,FEMALE,Law,7.3,4.9,430.0,1,113,5,1,15.1,0.0,4,112,Yes,Education,0.0,7,No,,7,1.93,Yes,Yes,No,High
STU-01499,63,Female,Electrical Engineering,7.5,3.8,539.0,10,89,1,6,1.9,5.9,86,0,Yes,Social Media/Trends,13.6,7,No,84.4,3,2.58,Yes,Yes,Yes,Low
STU-01500,58,Male,Computer Science,6.1,4.4,294.0,5,105,6,5,10.7,8.0,10,75,No,Social Media/Trends,4.5,9,Yes,83.6,4,2.3,Yes,No,Yes,Low
STU-01501,31,Other,Information Systems,5.3,5.9,315.0,1,95,7,2,11.6,0.0,18,75,No,News,0.0,7,Yes,,2,2.36,No,No,No,Low
STU-01502,41,Male,Nursing,5.8,2.7,127.0,9,86,2,5,3.6,2.9,7,150,Yes,Gaming,6.8,3,Yes,94.7,3,2.53,Yes,Yes,No,High
STU-01503,21,Other,Electrical Engineering,8.5,0.1,398.0,7,107,6,4,8.1,8.0,0,112,No,Entertainment,9.1,5,Yes,77.2,1,2.67,Yes,No,No,Medium
STU-01505,54,Male,Fine Arts,4.5,0.4,158.0,4,106,4,4,12.5,6.3,0,75,No,Social Media/Trends,2.3,7,Yes,75.7,7,2.12,Yes,Yes,No,Low
STU-01507,61 yrs,Other,Visual Communication Design,6.7,1.0,67.0,8,96,3,1,13.4,1.3,1,38,No,Gaming,4.5,7,Yes,80.7,6,2.58,No,Yes,Yes,Medium
STU-01508,45,Other,Law,8.1,3.2,,4,70,3,3,16.0,4.2,32,150,No,News,0.0,2,No,57.6,1,2.21,No,No,No,Low
STU-01509,56,Female,Fine Arts,7.0,3.9,199.0,10,84,5,6,4.5,1.3,36,38,Yes,Social Media/Trends,6.8,6,No,80.8,6,2.74,Yes,No,No,High
STU-01511,22,Male,Culinary Arts,8.4,2.9,325.0,5,73,5,2,3.6,0.4,12,112,Yes,Gaming,,5,No,79.2,2,2.68,Yes,Yes,No,High
STU-01512,32,MALE,Visual Communication Design,5.7,3.0,285.0,9,104,8,6,10.7,2.9,28,38,Yes,Education,9.1,7,Yes,82.4,2,2.81,Yes,Yes,Yes,Medium
STU-01513,47,Female,Culinary Arts,5.7,7.4,130.0,2,109,9,3,16.0,5.1,76,38,Yes,Entertainment,6.8,1,No,76.4,0,2.61,Yes,Yes,No,Medium
STU-01514,46,Male,Law,7.0,2.6,465.0,10,119,8,4,16.0,7.2,37,38,No,Education,6.8,6,No,90.0,3,2.28,Yes,No,No,Low
STU-01515,49,Male,Nursing,6.6,2.2,225.0,7,95,9,4,9.8,4.6,0,0,No,Education,4.5,5,No,79.9,1,2.18,No,Yes,Yes,Medium
STU-01516,28,Other,Computer Science,5.0,3.8,255.0,3,61,10,4,9.8,3.8,46,38,No,Gaming,2.3,3,No,84.4,3,2.34,No,Yes,Yes,Medium
STU-01517,36,Other,Sports Science,7.0,8.7,200.0,1,83,8,2,13.4,8.0,5,112,Yes,News,0.0,4,No,78.5,2,2.01,Yes,No,Yes,Medium
STU-01519,47,Other,Medicine,6.0,4.4,415.0,8,106,9,4,11.6,8.0,27,75,Yes,Education,13.6,10,Yes,81.8,6,2.35,Yes,No,No,Low
STU-01520,59,Female,Electrical Engineering,5.3,2.6,293.0,7,80,1,4,1.9,3.4,0,0,No,Gaming,6.8,6,No,80.0,6,2.25,Yes,Yes,Yes,Low
STU-01521,29,Female,Culinary Arts,10.0,4.1,284.0,3,116,10,1,16.0,5.9,38,38,Yes,Entertainment,4.5,9,Yes,80.2,5,1.75,Yes,No,Yes,Low
STU-01522,48,Male,Other Program,6.3,5.9,138.0,1,65,2,1,9.8,,11,75,Yes,News,2.3,4,No,78.5,5,2.16,No,No,Yes,High
STU-01523,35,Female,Visual Communication Design,9.3,4.7,150.0,8,66,3,3,7.2,0.8,53,112,No,Social Media/Trends,2.3,4,No,83.5,7,2.56,No,Yes,Yes,Low
STU-01524,25,Male,Other Program,7.9,3.0,22.0,5,94,7,2,16.0,0.0,54,38,No,Entertainment,15.9,7,Yes,84.0,3,2.67,Yes,Yes,No,High
STU-01525,49,FEMALE,Electrical Engineering,5.9,1.6,410.0,5,63,3,4,15.1,0.8,59,38,No,News,6.8,10,Yes,65.6,4,1.88,Yes,No,Yes,Low
STU-01526,48,Other,Law,5.7,0.5,,2,100,6,2,3.6,5.9,33,38,No,Entertainment,2.3,6,No,76.7,8,2.43,No,No,No,Low
STU-01527,56,Female,Information Systems,6.9,3.5,283.0,6,96,1,5,16.0,4.2,29,0,No,Social Media/Trends,2.3,6,No,83.7,5,2.07,No,Yes,No,Low
STU-01528,36,Female,Medicine,8.3,4.9,329.0,10,105,8,4,13.4,2.9,0,112,Yes,Social Media/Trends,0.0,7,No,79.2,3,2.18,No,Yes,No,Medium
STU-01529,60,Female,Information Systems,5.5,3.2,102.0,2,68,6,2,11.6,1.7,47,150,No,Education,2.3,3,No,88.4,0,2.91,No,No,Yes,Medium
STU-01530,60,Female,Education,6.3,2.1,223.0,7,87,7,3,15.1,5.1,45,0,Yes,Entertainment,6.8,6,No,87.6,3,1.96,Yes,Yes,No,Medium
STU-01531,46,Male,Law,4.8,4.0,430.0,6,68,8,4,14.2,4.2,31,112,No,News,4.5,3,No,91.3,2,1.88,Yes,Yes,No,Low
STU-01532,28,Male,Culinary Arts,7.3,1.2,365.0,10,102,3,3,1.9,3.8,0,112,Yes,News,9.1,10,Yes,74.0,4,2.68,Yes,Yes,No,Medium
STU-01533,29,Other,Sports Science,4.8,1.9,165.0,1,69,2,3,5.4,3.4,17,38,No,Social Media/Trends,2.3,6,No,86.3,3,2.28,No,Yes,No,Low
STU-01534,50,Other,Fine Arts,5.9,3.9,57.0,5,64,1,2,2.8,,20,75,Yes,News,9.1,5,No,92.1,3,2.54,Yes,No,Yes,Medium
STU-01535,37,Male,Nursing,6.6,2.4,354.0,8,78,7,6,15.1,3.8,0,75,Yes,News,4.5,2,No,95.2,3,2.78,No,No,Yes,High
STU-01536,46,Male,Medicine,5.6,2.1,506.0,3,90,8,3,10.7,,29,75,No,Social Media/Trends,9.1,3,No,78.1,3,2.63,No,No,Yes,Medium
STU-01538,63,Male,Information Systems,7.7,4.7,175.0,10,99,7,5,12.5,4.2,56,112,No,Gaming,11.4,5,No,83.8,4,2.82,Yes,No,No,Medium
STU-01539,39,Female,Visual Communication Design,7.6,6.1,85.0,3,89,5,2,16.0,2.9,21,112,No,Gaming,4.5,7,Yes,93.5,2,2.08,Yes,Yes,Yes,Medium
STU-01540,29,Male,Medicine,6.4,4.7,349.0,2,111,5,3,8.1,5.1,30,112,Yes,Gaming,6.8,7,Yes,88.0,5,2.12,Yes,No,No,High
STU-01541,64,Other,Electrical Engineering,7.7,3.2,384.0,9,111,7,6,1.9,1.7,67,75,No,Gaming,6.8,4,No,,4,3.05,Yes,No,Yes,Low
STU-01542,39,Male,Culinary Arts,4.9,4.7,301.0,9,66,1,7,1.0,1.7,66,0,No,Social Media/Trends,,8,Yes,70.8,7,1.93,No,No,No,Low
STU-01543,21,Female,Biology/Science,9.2,2.8,356.0,4,109,1,2,4.5,7.6,22,0,No,Entertainment,2.3,7,Yes,94.1,4,2.43,No,No,No,High
STU-01545,31,Other,Electrical Engineering,6.1,2.3,463.0,4,68,10,4,9.8,3.4,23,112,No,Gaming,2.3,5,Yes,75.3,6,1.89,Yes,Yes,No,Low
STU-01546,30,Other,Medicine,7.2,0.8,532.0,1,71,9,2,3.6,4.6,72,0,No,Entertainment,0.0,5,Yes,67.7,1,2.72,No,No,No,Medium
STU-01549,61,Male,Nursing,7.2,6.6,267.0,2,102,9,3,8.9,7.2,19,0,No,Social Media/Trends,4.5,3,No,97.4,0,2.83,Yes,Yes,No,Medium
STU-01550,25,Female,Other Program,7.4,4.8,282.0,3,98,4,1,2.8,1.3,44,0,Yes,News,9.1,3,No,86.3,2,2.57,Yes,Yes,Yes,High
STU-01551,53,Other,Other Program,7.2,4.0,60.0,10,81,10,5,14.2,5.1,39,38,No,Entertainment,2.3,5,Yes,94.8,6,2.33,Yes,No,Yes,Medium
STU-01552,36,Other,Education,4.9,0.6,,9,116,3,9,40.2,5.5,27,112,No,,20.5,4,No,74.4,3,2.66,Yes,No,Yes,Low
STU-01553,32,Male,Visual Communication Design,5.2,1.1,413.0,8,118,3,8,9.8,3.8,42,112,No,Entertainment,20.5,2,No,78.1,2,3.05,Yes,Yes,No,Medium
STU-01554,39,FEMALE,Biology/Science,7.4,4.0,427.0,8,64,9,5,16.0,3.8,84,38,Yes,Gaming,13.6,9,Yes,67.9,10,1.87,Yes,No,Yes,Low
STU-01555,33,Other,Fine Arts,6.4,4.8,76.0,5,91,10,2,6.3,7.6,0,0,No,Entertainment,4.5,3,No,76.1,4,3.0,No,No,No,High
STU-01556,25,Female,Education,7.4,3.6,191.0,4,73,8,1,6.3,0.4,21,75,No,Gaming,9.1,5,No,86.3,4,2.52,Yes,Yes,Yes,Medium
STU-01557,27,Other,Culinary Arts,8.7,0.7,282.0,1,103,6,1,4.5,6.3,43,75,,Gaming,2.3,7,Yes,86.0,4,2.16,No,No,No,Low
STU-01558,63,Male,Law,8.6,6.1,459.0,9,87,2,4,10.7,2.1,73,150,No,Education,0.0,3,No,93.2,3,2.3,No,Yes,No,Low
STU-01559,55,Female,Education,5.6,6.0,273.0,4,89,10,2,7.2,4.2,23,112,No,Entertainment,0.0,6,Yes,80.3,9,2.47,Yes,Yes,Yes,Low
STU-01560,52,Female,Education,6.8,1.4,267.0,1,63,5,1,5.4,0.0,45,150,Yes,Education,0.0,8,Yes,75.1,1,2.08,No,No,Yes,Medium
STU-01561,55,Male,Medicine,6.5,4.1,314.0,8,113,1,4,13.4,0.0,86,112,Yes,Education,0.0,4,No,,3,2.34,No,No,Yes,High
STU-01563,53,Female,Electrical Engineering,7.7,4.3,505.0,2,80,8,3,1.0,1.7,10,75,,Entertainment,6.8,6,Yes,73.7,5,2.52,Yes,No,Yes,Medium
STU-01564,28,male,Information Systems,6.4,2.7,229.0,4,85,3,2,13.4,2.1,0,75,No,Education,0.0,8,Yes,85.0,2,1.74,No,No,No,High
STU-01565,43,Other,Education,7.9,0.0,53.0,9,117,2,5,12.5,5.1,0,150,No,Gaming,2.3,4,Yes,78.6,2,2.27,No,No,Yes,Medium
STU-01566,64,Other,Medicine,6.4,2.8,572.0,9,96,8,6,3.6,7.6,8,0,No,Education,6.8,3,No,82.6,2,2.65,Yes,Yes,No,Low
STU-01567,62,Other,Computer Science,6.2,2.8,185.0,5,78,1,5,7.2,6.3,18,112,Yes,Social Media/Trends,2.3,5,No,89.7,3,2.52,No,Yes,Yes,Low
STU-01569,45,Female,Visual Communication Design,7.8,0.9,85.0,4,66,9,2,2.8,1.7,50,38,No,Entertainment,9.1,4,No,82.7,1,2.48,Yes,No,Yes,Low
STU-01571,19,Male,Electrical Engineering,6.5,2.7,435.0,9,63,4,4,2.8,8.0,50,150,No,Gaming,,10,Yes,80.8,0,2.27,Yes,Yes,Yes,Low
STU-01572,38,female,Computer Science,8.0,0.2,361.0,3,87,6,3,11.6,1.7,34,75,No,News,2.3,3,Yes,92.9,1,2.88,No,Yes,Yes,High
STU-01573,35,Other,Culinary Arts,6.9,3.0,240.0,6,111,9,5,4.5,5.5,32,0,Yes,Education,4.5,4,No,81.0,2,2.61,Yes,Yes,No,Low
STU-01574,30,Other,Culinary Arts,6.8,0.8,333.0,1,92,1,2,2.8,0.4,21,0,Yes,Education,11.4,7,Yes,77.3,6,2.44,Yes,Yes,Yes,High
STU-01575,31,Other,Law,7.5,3.8,537.0,3,65,1,4,6.3,0.8,45,38,Yes,Entertainment,4.5,3,No,100.0,1,2.56,Yes,Yes,No,High
STU-01576,58,Female,Other Program,6.2,4.8,71.0,4,75,6,3,1.9,0.8,13,150,Yes,Education,0.0,5,No,73.0,3,2.4,No,Yes,No,Medium
STU-01578,39,Female,Computer Science,8.5,1.9,365.0,3,114,1,3,13.4,0.8,12,38,No,Entertainment,4.5,6,No,65.6,2,2.15,Yes,No,No,High
STU-01579,54,Male,Fine Arts,6.3,1.1,211.0,4,115,2,4,16.0,5.5,31,0,Yes,News,0.0,3,No,72.1,3,2.47,No,No,No,Medium
STU-01580,57,Other,Sports Science,6.6,3.9,276.0,3,92,3,3,8.9,1.7,71,150,No,News,2.3,5,No,83.1,0,2.43,Yes,No,Yes,Medium
STU-01581,57,Male,Culinary Arts,7.3,6.4,335.0,5,100,7,3,11.6,6.3,33,112,,Education,11.4,3,No,79.6,2,2.7,Yes,Yes,Yes,Low
STU-01582,40,Male,Electrical Engineering,6.7,2.2,595.0,4,63,8,2,6.3,6.3,45,150,Yes,Gaming,2.3,8,Yes,64.0,6,2.43,No,Yes,Yes,Low
STU-01583,36,Other,Electrical Engineering,6.3,2.6,524.0,4,110,6,3,1.9,6.7,52,38,Yes,Social Media/Trends,0.0,5,No,73.0,5,2.01,No,No,No,Low
STU-01584,21,Male,Other Program,7.9,0.2,71.0,5,67,10,2,5.4,2.9,58,75,Yes,Social Media/Trends,2.3,7,Yes,64.1,6,1.91,No,Yes,Yes,Low
STU-01585,29,Female,Law,5.8,4.1,261.0,2,69,1,2,9.8,2.9,50,75,No,Gaming,,5,No,98.0,2,2.69,Yes,Yes,No,Medium
STU-01588,35,MALE,Culinary Arts,6.9,5.4,203.0,1,81,6,3,8.1,2.9,33,112,Yes,Entertainment,4.5,9,Yes,83.7,5,2.43,Yes,No,No,Medium
STU-01589,40,Female,Sports Science,7.7,1.6,224.0,4,108,7,4,10.7,0.8,43,75,Yes,News,4.5,8,No,100.0,5,2.43,Yes,Yes,Yes,Medium
STU-01590,34,Female,Biology/Science,4.6,1.2,540.0,1,86,1,3,8.1,4.2,13,0,Yes,Gaming,4.5,7,Yes,,2,2.34,Yes,Yes,No,Medium
STU-01591,34,FEMALE,Biology/Science,6.9,1.7,554.0,9,88,9,6,9.8,3.8,71,38,No,Social Media/Trends,2.3,8,Yes,87.4,9,2.57,No,No,No,Low
STU-01592,59,Male,Biology/Science,6.1,4.1,427.0,3,109,4,4,6.3,4.2,21,75,No,News,2.3,4,No,,6,2.93,No,No,Yes,Medium
STU-01593,56,Male,Fine Arts,6.9,1.6,154.0,2,76,7,2,15.1,5.1,0,38,Yes,Education,2.3,3,No,96.8,4,2.47,No,Yes,Yes,High
STU-01594,55,Male,Nursing,6.6,2.9,,9,100,3,2,1.0,7.2,7,150,Yes,Gaming,2.3,8,Yes,88.6,3,2.5,No,Yes,No,Low
STU-01595,36,Female,Other Program,8.1,3.8,232.0,3,98,1,1,13.4,0.0,7,0,No,Social Media/Trends,2.3,4,Yes,,4,2.27,Yes,No,Yes,High
STU-01596,24,Male,Fine Arts,7.6,0.5,265.0,4,88,7,1,2.8,0.0,52,150,No,News,6.8,2,Yes,93.2,1,3.15,Yes,No,No,High
STU-01597,28,Other,Law,8.5,0.3,480.0,1,79,1,3,11.6,3.8,24,75,Yes,Gaming,4.5,6,No,69.8,5,2.17,Yes,No,Yes,High
STU-01598,22,Male,Nursing,8.7,0.9,342.0,4,85,1,4,1.9,5.1,0,112,Yes,Education,13.6,4,No,71.8,4,2.69,Yes,No,Yes,High
STU-01599,38,Other,Fine Arts,4.4,0.7,363.0,10,94,3,9,9.8,3.8,33,112,No,Education,11.4,10,Yes,71.4,5,2.19,No,Yes,Yes,Low
STU-01600,36,Other,Medicine,7.9,2.7,304.0,10,114,8,4,6.3,2.9,53,150,No,Gaming,2.3,4,Yes,77.0,0,2.46,No,No,Yes,Low
STU-01601,26,Male,Visual Communication Design,8.0,2.6,250.0,6,61,7,4,14.2,4.2,33,75,Yes,News,4.5,7,Yes,67.4,3,1.83,Yes,Yes,No,Low
STU-01602,57,Other,Computer Science,7.0,4.9,154.0,2,94,9,3,1.0,2.9,61,112,No,Social Media/Trends,2.3,3,No,93.1,4,2.3,Yes,Yes,Yes,Medium
STU-01603,36,Other,Sports Science,5.4,3.6,259.0,4,119,4,3,11.6,4.2,9,112,No,Education,4.5,9,Yes,70.3,4,1.92,Yes,No,Yes,Low
STU-01606,62,Other,Fine Arts,5.5,4.9,287.0,2,80,1,3,1.0,0.0,29,-5,No,,,10,Yes,80.9,3,2.75,No,Yes,Yes,Low
STU-01607,22,Female,Biology/Science,9.1,1.3,574.0,9,119,5,4,9.8,0.8,49,0,Yes,Entertainment,0.0,10,Yes,93.4,6,2.05,Yes,No,No,Medium
STU-01611,32,Other,Law,7.7,1.1,599.0,9,94,8,7,8.1,7.2,55,150,Yes,Gaming,20.5,7,Yes,,8,2.92,Yes,No,No,Medium
STU-01612,46,female,Computer Science,5.1,5.4,156.0,3,70,1,4,7.2,4.6,57,112,No,Gaming,4.5,7,Yes,78.5,5,2.35,No,No,No,Low
STU-01613,38,Other,Biology/Science,8.1,4.1,309.0,1,63,6,2,11.6,4.2,1,75,Yes,Social Media/Trends,0.0,6,Yes,81.2,5,2.17,No,Yes,No,High
STU-01614,23,Female,Visual Communication Design,6.0,2.8,194.0,2,114,7,1,13.4,0.4,29,0,Yes,News,0.0,1,No,92.1,3,2.5,No,No,Yes,High
STU-01615,29,Other,Visual Communication Design,7.0,1.5,152.0,8,84,7,3,2.8,0.0,29,112,Yes,Gaming,11.4,10,Yes,77.4,4,2.32,Yes,Yes,No,Low
STU-01617,32,Other,Sports Science,6.4,3.6,144.0,5,77,9,6,1.9,4.6,12,112,Yes,Education,4.5,7,No,,4,2.75,No,No,No,Medium
STU-01618,59,Male,Biology/Science,6.9,3.8,376.0,2,99,9,2,15.1,6.7,38,75,Yes,Social Media/Trends,9.1,6,No,96.0,2,2.34,Yes,No,No,Low
STU-01619,57,Male,Education,6.9,0.9,295.0,8,113,3,3,7.2,7.6,16,112,Yes,Entertainment,2.3,3,Yes,81.5,1,2.29,No,No,Yes,Medium
STU-01620,38,Other,Medicine,4.6,0.5,312.0,10,119,4,9,12.5,2.9,0,150,Yes,Social Media/Trends,15.9,5,Yes,90.7,5,2.65,Yes,Yes,Yes,High
STU-01621,57,Male,Computer Science,8.4,7.0,316.0,4,71,7,2,1.0,7.2,41,150,No,Social Media/Trends,0.0,10,Yes,82.9,2,1.87,No,No,No,Low
STU-01622,23,Male,Sports Science,6.7,3.5,178.0,3,95,8,3,12.5,8.0,39,38,No,Education,4.5,6,No,95.3,4,2.5,Yes,No,Yes,Low
STU-01623,52,Male,Biology/Science,6.2,4.2,330.0,3,77,1,2,3.6,7.2,35,112,No,Gaming,0.0,9,Yes,79.9,8,1.88,No,Yes,No,Low
STU-01624,58,Other,Visual Communication Design,7.4,4.5,224.0,9,79,5,3,8.1,1.3,10,150,Yes,Entertainment,2.3,1,No,89.4,0,2.91,Yes,No,No,High
STU-01625,35,male,Medicine,7.2,6.1,267.0,3,117,1,3,15.1,3.8,14,150,Yes,News,4.5,9,Yes,86.0,6,2.29,Yes,Yes,Yes,High
STU-01626,36,Other,Biology/Science,6.5,1.4,494.0,6,85,1,3,14.2,6.3,12,150,No,News,9.1,8,No,77.6,2,2.07,Yes,No,No,Low
STU-01628,26,Female,Nursing,5.3,1.4,494.0,10,113,4,9,15.1,5.1,51,112,No,Social Media/Trends,15.9,8,Yes,81.5,5,2.45,Yes,Yes,Yes,Low
STU-01629,40,Male,Visual Communication Design,7.3,1.2,215.0,8,96,7,5,3.6,1.3,65,38,Yes,Education,0.0,1,No,79.3,6,2.4,Yes,No,Yes,Low
STU-01630,43 yrs,Male,Electrical Engineering,6.3,5.2,425.0,7,91,4,4,10.7,0.8,36,75,Yes,Education,0.0,7,Yes,63.0,6,1.98,No,No,Yes,Low
STU-01631,18,Male,Law,6.2,3.9,481.0,5,112,8,3,6.3,2.9,0,150,No,News,6.8,4,No,71.2,3,2.78,Yes,No,No,Medium
STU-01632,23,Female,Culinary Arts,7.2,9.4,134.0,2,69,7,3,10.7,6.3,60,75,No,Education,15.9,5,No,75.7,3,2.77,Yes,No,Yes,Low
STU-01633,63,Female,Information Systems,6.3,3.6,185.0,2,88,7,2,7.2,2.9,43,38,No,News,4.5,4,No,90.2,5,2.63,No,Yes,No,Medium
STU-01634,27,Other,Other Program,9.0,0.4,,9,118,8,4,16.0,1.7,31,38,Yes,Entertainment,0.0,1,No,77.1,1,2.73,No,No,No,High
STU-01635,36,Other,Fine Arts,6.9,3.9,209.0,10,106,10,6,4.5,7.2,19,112,No,Gaming,11.4,10,Yes,72.0,3,2.25,Yes,No,Yes,Low
STU-01636,35,Other,Culinary Arts,7.3,4.9,346.0,4,116,5,2,8.9,5.1,55,75,No,News,4.5,3,No,64.4,1,2.44,No,No,Yes,Low
STU-01637,56,Female,Electrical Engineering,7.4,3.7,573.0,2,72,6,2,16.0,2.9,39,0,Yes,News,0.0,5,No,69.5,5,2.27,No,No,No,High
STU-01638,46,Male,Fine Arts,7.2,3.4,122.0,10,80,6,6,4.5,3.8,5,75,Yes,Gaming,4.5,10,Yes,77.0,5,2.39,Yes,No,No,Medium
STU-01642,64,Other,Visual Communication Design,7.6,4.3,105.0,5,84,9,4,12.5,0.4,22,0,Yes,Education,2.3,5,No,77.5,7,2.19,Yes,Yes,Yes,Medium
STU-01643,55,Male,Nursing,5.6,0.4,352.0,5,106,1,2,8.1,0.8,67,38,Yes,,0.0,3,No,76.9,0,2.74,No,Yes,Yes,High
STU-01644,19,Male,Electrical Engineering,6.2,3.3,308.0,2,90,3,1,1.9,0.4,44,38,Yes,Entertainment,0.0,8,Yes,83.6,6,2.45,No,No,No,High
STU-01645,50,MALE,Law,7.0,0.3,263.0,7,72,4,5,6.3,0.0,43,112,No,News,6.8,6,No,70.2,5,1.97,No,No,Yes,Low
STU-01646,54,Female,Nursing,6.4,3.1,255.0,1,73,2,1,16.0,6.3,31,112,No,Entertainment,0.0,5,Yes,73.2,1,1.78,Yes,Yes,Yes,Low
STU-01647,42,Other,Electrical Engineering,8.2,0.7,549.0,8,87,4,3,16.0,5.1,63,112,Yes,News,6.8,2,No,80.2,3,2.4,Yes,No,No,Medium
STU-01648,55,Male,Computer Science,6.7,0.1,348.0,3,90,3,3,2.8,7.6,41,38,No,Social Media/Trends,2.3,8,Yes,94.1,5,2.25,No,No,No,Low
STU-01649,46,Other,Culinary Arts,7.5,2.2,335.0,7,98,10,4,9.8,7.6,72,0,Yes,News,4.5,8,No,42.0,3,2.4,No,Yes,Yes,Low
STU-01650,51,Male,Sports Science,7.4,3.1,136.0,4,64,5,2,3.6,5.9,80,-5,No,Gaming,2.3,8,Yes,72.9,3,2.77,No,Yes,Yes,Low
STU-01651,39,Female,Visual Communication Design,6.7,1.8,109.0,1,98,4,1,4.5,2.1,24,0,Yes,News,6.8,8,Yes,90.2,5,2.38,Yes,No,No,High
STU-01652,24,female,Nursing,6.3,3.7,173.0,7,88,8,3,9.8,0.4,45,38,Yes,Education,6.8,9,Yes,100.0,6,2.48,No,No,No,Medium
STU-01654,50,Male,Computer Science,6.7,5.0,140.0,2,87,2,2,2.8,1.7,25,0,Yes,Entertainment,4.5,7,Yes,88.9,9,2.39,Yes,No,Yes,Medium
STU-01658,21,Female,Law,8.4,2.0,329.0,2,80,3,2,15.1,,54,0,No,Education,6.8,3,Yes,71.9,7,2.43,Yes,Yes,No,Low
STU-01659,50,Male,Biology/Science,6.1,2.4,327.0,5,70,1,1,8.9,0.0,33,38,No,Education,0.0,6,Yes,71.6,1,2.53,No,No,Yes,Low
STU-01660,57,Other,Other Program,7.1,0.5,27.0,8,97,7,4,8.1,5.5,15,38,Yes,News,9.1,7,Yes,,6,2.83,Yes,Yes,No,Low
STU-01661,35,Male,Computer Science,5.0,4.9,330.0,8,111,2,6,8.1,0.0,6,112,Yes,Social Media/Trends,6.8,6,Yes,78.8,2,2.05,Yes,No,No,Low
STU-01663,62,Female,Law,7.8,8.2,285.0,5,91,9,4,10.7,5.5,41,75,Yes,Gaming,9.1,3,Yes,72.8,6,3.04,Yes,Yes,No,Medium
STU-01664,33,Other,Medicine,6.2,0.6,449.0,5,93,10,4,15.1,0.8,42,112,,Social Media/Trends,2.3,5,Yes,82.1,0,2.2,No,No,No,Low
STU-01665,45,Male,Visual Communication Design,5.2,6.3,275.0,2,92,8,2,1.0,1.3,19,150,Yes,Entertainment,4.5,2,No,85.2,4,3.1,Yes,Yes,Yes,High
STU-01666,33,Other,Culinary Arts,9.0,3.0,239.0,9,79,3,4,6.3,7.6,19,150,No,Gaming,0.0,10,Yes,62.8,6,2.27,No,No,No,Low
STU-01667,34,Female,Other Program,8.0,2.5,59.0,6,111,10,2,3.6,2.9,48,38,No,Gaming,9.1,2,Yes,87.7,5,2.99,No,No,No,High
STU-01669,56,Male,Electrical Engineering,7.9,2.7,309.0,5,106,6,2,1.9,5.1,9,150,No,Gaming,2.3,5,Yes,75.4,0,2.3,No,No,Yes,Low
STU-01670,57,Other,Nursing,6.6,1.8,,5,110,5,4,6.3,7.2,0,75,No,Gaming,2.3,2,No,60.8,5,2.52,No,Yes,Yes,Low
STU-01672,30,Other,Sports Science,6.3,4.2,213.0,8,107,3,3,4.5,1.3,9,75,Yes,Gaming,2.3,7,Yes,69.2,6,2.43,No,No,Yes,Medium
STU-01673,48,Female,Education,5.9,3.3,260.0,6,94,9,4,13.4,5.5,13,75,No,Entertainment,,9,Yes,69.0,5,2.19,Yes,Yes,No,Low
STU-01674,25,Male,Sports Science,7.6,3.5,216.0,4,91,4,4,5.4,8.0,17,0,,Gaming,9.1,8,No,89.8,5,2.26,Yes,No,No,Low
STU-01675,51,Male,Other Program,5.3,2.5,105.0,3,61,5,4,6.3,0.4,35,112,No,Gaming,4.5,6,No,72.0,1,2.4,No,No,No,Low
STU-01676,25,Male,Nursing,6.1,0.8,146.0,6,89,7,3,9.8,6.3,8,38,No,Education,6.8,8,Yes,88.1,5,2.44,Yes,Yes,No,Low
STU-01677,43,Male,Culinary Arts,3.5,1.5,306.0,10,95,4,8,14.2,6.7,23,150,Yes,News,11.4,8,Yes,76.2,2,2.6,Yes,No,Yes,Low
STU-01678,51 yrs,Male,Other Program,6.8,3.8,70.0,1,79,7,3,10.7,0.0,48,0,Yes,Gaming,0.0,1,No,71.3,1,2.39,No,No,Yes,High
STU-01679,64,Other,Sports Science,6.8,2.2,285.0,6,71,2,4,1.0,7.6,11,0,Yes,Education,9.1,8,Yes,93.4,7,2.16,Yes,Yes,No,Medium
STU-01680,22,Female,Biology/Science,8.7,0.9,301.0,1,95,8,1,4.5,2.1,109,150,Yes,News,2.3,3,No,65.9,1,2.72,Yes,No,Yes,High
STU-01681,61,Other,Computer Science,7.3,5.4,376.0,1,115,10,2,5.4,0.8,69,0,No,News,13.6,5,No,80.8,3,2.55,Yes,Yes,Yes,High
STU-01682,50,Female,Law,6.9,1.5,506.0,4,93,8,3,12.5,3.4,0,0,Yes,Social Media/Trends,18.2,10,Yes,81.7,5,2.73,Yes,No,No,Medium
STU-01683,64,Other,Computer Science,6.8,2.3,358.0,3,96,2,2,8.9,1.7,34,38,No,Gaming,6.8,6,Yes,69.5,2,2.24,No,No,Yes,Medium
STU-01684,23,Male,Law,4.8,0.4,525.0,10,97,3,9,8.1,5.1,59,150,Yes,Social Media/Trends,18.2,7,Yes,74.1,3,2.6,Yes,Yes,Yes,Low
STU-01686,23,Female,Education,4.2,1.4,370.0,10,114,4,8,8.1,,3,150,No,Education,,8,Yes,81.1,4,2.67,Yes,No,Yes,Low
STU-01687,27,Other,Fine Arts,6.2,1.1,174.0,5,91,1,5,5.4,2.1,22,150,No,Entertainment,4.5,3,No,100.0,4,2.78,No,No,No,Medium
STU-01689,55,Male,Electrical Engineering,6.7,3.4,517.0,3,80,3,3,3.6,4.6,35,150,Yes,,2.3,7,Yes,76.4,2,2.09,No,Yes,Yes,Medium
STU-01690,25,Male,Medicine,8.0,4.1,262.0,5,74,1,4,6.3,8.0,51,112,No,News,4.5,1,No,76.9,4,2.55,Yes,No,No,Low
STU-01692,25,Other,Education,4.2,0.7,451.0,8,92,1,8,8.9,7.2,11,112,No,Gaming,11.4,9,Yes,,3,2.17,Yes,Yes,Yes,Low
STU-01693,55,Male,Education,6.8,1.7,206.0,6,60,4,2,13.4,7.6,54,38,,Gaming,2.3,3,No,78.9,3,2.62,Yes,No,No,Medium
STU-01694,39,Female,Biology/Science,6.5,1.7,497.0,6,69,9,3,16.0,3.8,15,75,Yes,Gaming,0.0,4,Yes,87.9,0,2.39,No,No,No,High
STU-01695,61,Female,Sports Science,7.9,4.4,285.0,9,63,4,5,8.1,,83,150,Yes,News,4.5,6,Yes,95.5,4,2.71,No,Yes,Yes,Medium
STU-01696,50,Female,Biology/Science,7.7,1.7,290.0,4,72,3,1,14.2,3.8,20,0,No,Social Media/Trends,2.3,7,Yes,78.0,6,1.9,No,Yes,No,Medium
STU-01699,22,Male,Culinary Arts,7.0,5.7,146.0,6,74,3,3,7.2,4.2,71,150,No,News,4.5,7,Yes,83.7,4,2.12,No,No,No,Low
STU-01700,63,Male,Fine Arts,5.7,2.2,180.0,4,105,5,4,7.2,7.6,40,38,Yes,Education,2.3,8,Yes,79.8,2,2.33,No,Yes,No,Low
STU-01701,61,Male,Education,7.1,1.2,174.0,1,72,3,3,8.9,0.8,50,38,No,Education,0.0,8,No,78.2,4,1.73,No,Yes,Yes,Low
STU-01702,43,Male,Law,6.4,1.3,284.0,3,84,9,3,11.6,0.8,1,112,Yes,Social Media/Trends,6.8,6,No,82.2,6,2.64,Yes,No,No,High
STU-01703,63,Male,Information Systems,6.2,4.4,120.0,4,104,5,4,5.4,2.9,40,0,Yes,Education,4.5,7,No,78.2,3,2.78,Yes,Yes,No,High
STU-01704,35,Female,Fine Arts,7.9,0.2,148.0,4,103,4,3,8.9,0.0,56,150,No,News,9.1,6,Yes,64.3,4,2.5,Yes,Yes,Yes,Low
STU-01705,54,Other,Visual Communication Design,7.9,5.9,273.0,5,61,2,3,15.1,5.9,67,150,No,Gaming,4.5,6,Yes,99.2,5,1.99,Yes,Yes,Yes,Low
STU-01706,59,Other,Biology/Science,6.6,0.9,349.0,3,107,6,4,10.7,5.1,60,0,No,Gaming,6.8,6,Yes,90.0,2,2.23,Yes,Yes,No,Low
STU-01707,55,Female,Other Program,5.5,4.4,52.0,10,116,5,4,2.8,6.7,50,150,Yes,Education,0.0,4,Yes,79.5,5,2.56,Yes,Yes,No,Medium
STU-01711,31,Female,Other Program,5.9,2.5,76.0,5,112,8,4,3.6,4.2,46,0,Yes,Social Media/Trends,4.5,1,No,85.5,1,2.86,No,No,Yes,High
STU-01712,28,Female,Education,7.0,2.0,246.0,9,110,9,5,12.5,,50,112,Yes,Education,2.3,8,Yes,79.8,4,2.11,No,No,No,Low
STU-01715,40,Other,Biology/Science,8.1,4.5,404.0,8,63,2,5,16.0,2.1,45,0,No,Gaming,2.3,9,Yes,77.9,3,1.93,No,Yes,Yes,Low
STU-01716,63,Other,Fine Arts,7.1,3.0,93.0,9,108,1,5,16.0,5.9,39,75,Yes,News,4.5,9,No,81.5,3,1.9,Yes,No,Yes,Low
STU-01718,45,Female,Fine Arts,7.3,0.4,275.0,8,61,5,3,8.9,5.5,35,75,No,News,2.3,6,Yes,74.3,4,2.34,Yes,Yes,Yes,Low
STU-01719,53,Other,Culinary Arts,6.3,3.9,289.0,7,75,4,6,16.0,3.4,0,38,Yes,Social Media/Trends,4.5,4,No,83.5,3,2.24,Yes,Yes,Yes,Medium
STU-01720,27,female,Medicine,5.8,2.8,535.0,6,99,9,4,1.9,0.4,50,75,Yes,Education,6.8,8,Yes,62.6,7,1.89,Yes,Yes,Yes,Low
STU-01721,60,Female,Culinary Arts,6.0,6.5,133.0,3,79,3,3,13.4,6.3,37,75,No,Entertainment,13.6,4,Yes,85.9,3,2.47,Yes,Yes,No,Low
STU-01722,30,FEMALE,Computer Science,6.2,3.0,210.0,5,116,5,4,2.8,2.9,62,112,Yes,Gaming,4.5,1,No,,5,2.73,No,Yes,No,Medium
STU-01723,23,Female,Sports Science,7.1,2.8,289.0,4,88,9,4,8.9,6.3,0,38,No,Entertainment,13.6,10,Yes,79.0,4,2.64,Yes,Yes,Yes,Low
STU-01724,23,Male,Education,7.9,3.4,177.0,5,118,1,5,9.8,7.2,33,112,Yes,Education,4.5,8,Yes,69.4,1,2.39,No,No,Yes,Medium
STU-01725,33,Female,Biology/Science,7.5,3.1,301.0,10,110,10,4,14.2,5.1,39,75,No,Education,9.1,3,No,88.4,0,2.52,Yes,No,Yes,Medium
STU-01727,55,Male,Biology/Science,4.8,2.0,513.0,10,119,5,8,14.2,2.9,0,38,,Gaming,4.5,4,No,78.6,4,2.26,No,Yes,No,Low
STU-01728,52,Female,Sports Science,5.0,2.3,144.0,1,119,6,3,10.7,2.5,1,0,Yes,Entertainment,2.3,5,No,84.6,1,2.17,Yes,No,No,Medium
STU-01729,49,Other,Biology/Science,7.5,1.6,540.0,7,111,5,4,13.4,5.5,6,75,No,Education,13.6,2,Yes,82.9,2,2.8,Yes,Yes,Yes,Medium
STU-01731,29,Female,Fine Arts,4.0,1.0,454.0,9,102,4,9,8.9,6.3,14,75,No,Gaming,18.2,10,Yes,71.6,2,2.79,Yes,Yes,Yes,Low
STU-01732,38,Female,Biology/Science,5.3,3.9,375.0,2,81,7,2,4.5,5.1,67,75,Yes,Gaming,4.5,3,No,76.0,3,2.89,No,No,No,Low
STU-01733,25,Other,Computer Science,5.5,5.9,305.0,7,93,9,4,15.1,3.4,16,150,No,Education,2.3,10,No,89.1,3,1.88,Yes,No,No,Low
STU-01734,31,Female,Computer Science,7.2,1.7,,3,90,1,1,15.1,0.4,19,150,No,News,4.5,7,Yes,75.6,1,2.51,No,Yes,Yes,High
STU-01735,29,Male,Other Program,8.0,3.7,118.0,7,109,5,4,6.3,0.0,29,75,Yes,News,2.3,9,Yes,69.0,6,2.24,Yes,Yes,Yes,Medium
STU-01736,38,Male,Electrical Engineering,5.8,5.4,404.0,10,78,2,6,5.4,5.9,42,38,Yes,Education,4.5,7,No,91.5,7,2.56,Yes,No,No,Low
STU-01737,33,Female,Biology/Science,4.5,0.8,465.0,9,107,2,8,16.0,7.6,72,75,No,News,11.4,10,Yes,92.4,6,2.34,Yes,Yes,Yes,Low
STU-01738,49,Other,Sports Science,4.1,3.4,246.0,10,68,10,5,3.6,1.3,0,38,Yes,Entertainment,4.5,5,Yes,72.2,4,2.52,No,No,Yes,Low
STU-01740,53,Male,Law,8.0,6.7,261.0,6,85,8,3,8.1,0.4,63,150,Yes,Gaming,2.3,5,No,64.6,0,2.67,No,No,No,High
STU-01741,54,Other,Electrical Engineering,7.0,2.6,559.0,6,105,1,4,7.2,6.7,20,112,Yes,Entertainment,9.1,5,No,72.2,6,1.92,Yes,No,Yes,Medium
STU-01742,39,Male,Medicine,9.8,2.3,473.0,4,114,10,1,4.5,5.9,51,112,No,Social Media/Trends,4.5,3,No,88.7,4,2.12,No,Yes,No,Low
STU-01743,19,Male,Sports Science,7.2,6.0,106.0,9,95,6,4,6.3,2.9,14,150,Yes,Entertainment,11.4,7,Yes,71.4,4,2.4,Yes,No,Yes,Medium
STU-01744,27,Other,Electrical Engineering,6.4,1.6,412.0,1,113,7,4,16.0,2.9,9,75,,Entertainment,4.5,8,Yes,72.6,3,1.69,No,Yes,Yes,Low
STU-01746,48,Other,Sports Science,6.0,3.8,111.0,8,65,3,5,1.0,5.1,0,112,Yes,Gaming,2.3,5,Yes,85.9,1,2.53,No,Yes,No,High
STU-01747,44,Other,Information Systems,7.1,4.0,205.0,10,62,6,7,15.1,1.7,52,38,No,Education,6.8,4,Yes,100.0,2,2.6,Yes,No,No,Low
STU-01749,24,Female,Computer Science,6.5,0.7,107.0,4,72,1,4,2.8,6.7,30,75,No,Education,6.8,7,Yes,64.9,6,2.82,Yes,No,Yes,Low
STU-01750,43,Other,Education,4.8,2.0,228.0,2,75,6,2,14.2,5.1,68,38,Yes,Entertainment,2.3,9,Yes,58.6,4,2.03,Yes,No,No,Low
STU-01751,28,Female,Law,7.3,5.2,587.0,10,78,4,5,10.7,2.9,33,38,Yes,Education,4.5,8,Yes,87.4,6,2.22,Yes,Yes,Yes,Low
STU-01752,44,Other,Medicine,7.3,6.0,510.0,10,86,8,5,2.8,5.9,2,112,Yes,Education,4.5,5,Yes,,6,1.95,Yes,Yes,No,Low
STU-01753,24,Other,Biology/Science,7.0,4.5,448.0,1,79,1,1,4.5,5.5,12,112,No,Entertainment,0.0,7,Yes,63.7,5,2.13,No,No,Yes,Medium
STU-01754,41,Other,Medicine,6.0,1.5,592.0,3,89,6,4,8.1,0.0,7,112,Yes,Gaming,4.5,8,No,85.1,3,2.81,No,Yes,No,Medium
STU-01756,44,Other,Sports Science,7.8,1.9,98.0,6,84,4,3,8.9,6.7,60,150,Yes,Entertainment,2.3,7,No,75.8,4,2.32,No,No,Yes,Low
STU-01758,57,Male,Culinary Arts,5.7,5.2,267.0,7,104,10,4,11.6,0.8,47,112,Yes,Entertainment,2.3,8,No,79.2,3,2.59,No,No,No,Low
STU-01761,35,Other,Other Program,6.9,7.7,281.0,8,117,8,5,10.7,3.4,2,150,Yes,Gaming,4.5,5,Yes,77.0,3,2.5,Yes,No,Yes,High
STU-01762,27,Female,Medicine,4.9,0.4,276.0,4,104,8,4,3.6,4.6,31,0,No,Gaming,2.3,4,No,78.6,5,2.64,Yes,No,Yes,Medium
STU-01763,34,Male,Culinary Arts,7.2,1.2,246.0,6,75,4,2,8.9,2.1,48,150,Yes,Education,6.8,8,No,80.2,5,2.33,No,Yes,No,Low
STU-01764,39,Female,Electrical Engineering,7.5,0.5,424.0,9,101,8,6,8.1,2.1,44,112,No,News,2.3,6,Yes,88.8,9,2.66,No,No,Yes,Low
STU-01766,48,FEMALE,Culinary Arts,6.0,3.5,169.0,3,76,10,4,8.9,5.1,60,150,No,Entertainment,6.8,1,No,89.2,2,2.65,Yes,No,No,Low
STU-01767,40,Male,Computer Science,10.0,0.8,285.0,4,101,2,2,1.9,5.1,28,38,Yes,Education,2.3,8,No,70.9,11,2.55,No,Yes,Yes,Medium
STU-01768,41,FEMALE,Fine Arts,8.3,2.3,53.0,6,96,10,2,8.1,5.5,36,75,Yes,Education,2.3,2,No,70.1,3,2.9,No,Yes,No,Medium
STU-01769,56,Female,Other Program,6.5,4.3,253.0,4,68,8,2,11.6,2.9,0,38,Yes,Social Media/Trends,2.3,10,Yes,72.1,6,2.09,No,No,No,Low
STU-01770,63,male,Education,6.0,2.9,239.0,4,108,2,3,6.3,0.4,0,150,No,Gaming,0.0,7,Yes,93.9,3,2.36,No,No,No,High
STU-01771,45,Female,Visual Communication Design,6.4,0.2,260.0,7,104,2,6,5.4,3.8,0,75,No,Social Media/Trends,2.3,6,No,90.5,1,2.36,No,No,No,Low
STU-01772,36,Female,Information Systems,7.6,1.1,252.0,4,103,1,3,8.1,6.3,0,38,No,News,2.3,6,No,86.6,6,2.24,No,No,No,Low
STU-01773,19,Other,Information Systems,8.1,3.5,311.0,10,67,3,3,8.1,3.8,75,38,Yes,Social Media/Trends,4.5,1,No,91.8,5,2.48,Yes,No,No,High
STU-01775,23,Other,Fine Arts,7.3,5.2,174.0,8,85,8,4,13.4,3.4,0,112,Yes,Education,2.3,4,No,71.0,3,2.37,No,No,No,Medium
STU-01776,20,Other,Nursing,8.4,4.6,158.0,6,62,6,5,1.9,1.7,58,38,No,Entertainment,6.8,6,No,89.9,6,2.49,Yes,Yes,Yes,Low
STU-01777,39,Other,Medicine,6.4,4.4,449.0,9,87,4,4,2.8,3.4,27,0,Yes,Entertainment,2.3,4,No,89.8,2,2.62,Yes,No,Yes,High
STU-01778,26,Female,Fine Arts,7.8,2.4,64.0,8,118,5,4,3.6,5.1,50,75,Yes,Entertainment,,4,Yes,73.6,7,2.13,No,No,Yes,Low
STU-01779,34,Other,Other Program,5.7,0.8,531.0,10,105,2,9,14.2,6.7,21,75,No,News,15.9,10,Yes,51.9,3,2.22,Yes,Yes,Yes,Low
STU-01780,49,Other,Information Systems,6.3,5.2,280.0,8,95,1,5,16.0,2.9,77,0,No,Gaming,2.3,4,Yes,69.7,0,1.81,No,No,No,Low
STU-01781,34,Other,Fine Arts,6.8,0.5,248.0,3,92,1,2,1.9,3.8,97,150,No,Social Media/Trends,2.3,5,No,84.5,6,2.4,No,No,No,Low
STU-01782,36,Male,Information Systems,5.9,5.0,102.0,8,96,4,6,6.3,2.9,27,-5,Yes,Entertainment,6.8,5,No,65.6,2,2.31,Yes,No,No,Medium
STU-01783,32,Male,Computer Science,6.7,1.2,136.0,4,119,10,4,3.6,0.4,58,38,Yes,Social Media/Trends,4.5,4,No,75.7,3,2.56,Yes,No,No,Medium
STU-01784,54,Female,Computer Science,5.0,2.9,368.0,1,93,6,2,14.2,2.1,11,38,No,Social Media/Trends,15.9,7,No,87.7,4,2.13,Yes,No,No,Medium
STU-01785,56,Female,Computer Science,5.9,1.8,310.0,10,118,9,3,3.6,5.9,36,75,Yes,Social Media/Trends,0.0,5,No,91.3,3,2.06,No,Yes,Yes,Low
STU-01786,32,female,Computer Science,5.8,1.6,345.0,9,118,3,10,13.4,4.6,36,150,Yes,Gaming,11.4,6,Yes,76.5,7,2.29,Yes,No,Yes,Low
STU-01787,52,Other,Law,7.8,1.5,434.0,2,89,9,4,10.7,4.6,37,150,Yes,Gaming,4.5,4,No,81.5,6,2.39,Yes,Yes,No,High
STU-01788,49,Female,Nursing,7.0,0.2,,3,105,4,3,13.4,2.5,33,150,No,Gaming,11.4,9,Yes,73.7,4,2.28,Yes,No,No,Low
STU-01789,26,Female,Other Program,6.3,5.0,59.0,10,74,9,5,4.5,0.4,19,0,No,Entertainment,6.8,6,Yes,100.0,3,3.09,Yes,No,No,Low
STU-01790,24,Female,Visual Communication Design,5.9,0.1,175.0,8,79,1,5,8.1,5.9,68,112,Yes,Entertainment,2.3,3,No,96.9,2,2.58,Yes,No,No,Low
STU-01791,30,Female,Culinary Arts,8.6,1.0,101.0,5,65,4,1,4.5,1.7,18,112,No,News,6.8,5,No,82.3,1,2.76,No,No,No,High
STU-01792,38,Other,Education,7.1,2.6,212.0,5,62,5,3,11.6,7.2,59,112,Yes,Education,0.0,9,Yes,83.4,7,2.17,No,Yes,Yes,Low
STU-01794,21,Male,Sports Science,8.6,6.8,284.0,4,118,2,2,5.4,4.6,37,150,Yes,News,2.3,2,Yes,62.9,2,2.44,No,Yes,No,High
STU-01795,33,Other,Electrical Engineering,6.4,3.8,541.0,5,74,2,4,21.6,5.1,21,75,No,News,11.4,3,No,74.0,4,3.34,Yes,No,Yes,Medium
STU-01796,44,Female,Nursing,6.9,3.3,133.0,9,80,5,6,12.5,6.7,4,0,,Education,11.4,6,Yes,80.0,5,2.57,Yes,No,No,Low
STU-01797,30,Male,Biology/Science,6.8,1.5,405.0,2,106,9,3,5.4,0.8,33,150,Yes,Education,0.0,6,Yes,72.6,2,2.33,No,Yes,No,High
STU-01798,60,Other,Culinary Arts,6.5,3.2,,7,69,4,5,9.8,5.5,64,38,Yes,Education,9.1,3,No,97.2,2,2.95,Yes,No,Yes,High
STU-01799,43,Female,Culinary Arts,6.4,1.2,,9,64,2,5,9.8,1.3,25,150,Yes,Social Media/Trends,2.3,1,No,80.2,3,2.61,No,No,Yes,High
STU-01800,42,Female,Fine Arts,7.2,5.1,89.0,10,80,9,5,13.4,0.0,35,112,No,Education,6.8,2,No,87.1,5,2.38,Yes,No,No,Low
STU-01801,38,Other,Biology/Science,7.0,3.2,384.0,6,101,4,3,14.2,6.3,23,112,,Gaming,2.3,5,No,71.7,3,2.21,No,Yes,Yes,Low
STU-01802,32,Female,Electrical Engineering,6.8,3.8,325.0,7,64,10,4,1.0,3.4,43,75,Yes,Entertainment,2.3,5,Yes,76.8,2,2.91,No,No,No,High
STU-01803,18,Other,Nursing,8.3,2.6,225.0,8,109,2,4,12.5,1.7,0,150,No,Social Media/Trends,,5,No,79.0,4,2.31,No,Yes,No,High
STU-01804,43,Male,Electrical Engineering,7.4,3.6,416.0,6,98,7,5,14.2,2.5,34,75,No,Education,6.8,5,No,81.9,5,2.37,Yes,No,Yes,Low
STU-01805,35,Male,Medicine,6.7,2.2,361.0,6,102,2,3,1.0,3.8,21,38,No,Education,0.0,6,No,74.9,3,2.19,Yes,Yes,Yes,Low
STU-01806,58,Other,Medicine,6.6,0.2,573.0,4,77,4,4,8.9,2.9,59,0,No,News,0.0,7,No,96.4,0,2.47,Yes,Yes,No,Medium
STU-01807,59,Female,Fine Arts,5.2,2.0,295.0,7,70,2,6,13.5,1.7,31,75,No,Entertainment,2.3,6,No,96.5,7,2.01,No,Yes,No,Low
STU-01808,35,Other,Other Program,7.1,4.3,242.0,7,72,6,3,7.2,2.1,25,150,No,Gaming,2.3,7,Yes,69.0,5,2.07,No,Yes,Yes,Low
STU-01809,25,Female,Law,5.5,4.9,308.0,2,119,7,2,1.9,4.6,32,150,No,Education,6.8,8,No,,7,2.67,Yes,Yes,No,Low
STU-01810,54,Female,Culinary Arts,7.0,1.9,308.0,3,99,5,2,7.2,1.3,14,0,,Entertainment,2.3,7,Yes,81.8,4,1.96,Yes,Yes,No,Medium
STU-01811,20,FEMALE,Fine Arts,6.2,5.1,,5,75,5,3,13.4,6.3,25,38,No,News,0.0,5,No,75.0,3,1.92,Yes,No,Yes,Low
STU-01812,58,Other,Fine Arts,6.5,6.2,57.0,10,79,7,4,16.0,8.0,79,150,No,Entertainment,9.1,5,Yes,73.9,4,2.79,Yes,Yes,Yes,Low
STU-01813,50,Female,Medicine,6.7,1.2,306.0,6,74,7,3,14.2,6.3,65,38,Yes,Entertainment,0.0,6,No,74.7,5,1.9,No,Yes,No,Low
STU-01814,33,Female,Computer Science,6.2,6.9,161.0,3,73,10,4,8.1,3.8,25,112,Yes,News,0.0,7,No,73.7,5,2.26,No,No,Yes,Medium
STU-01815,27,Other,Electrical Engineering,3.2,1.0,592.0,8,90,4,9,14.2,3.4,47,75,No,Gaming,13.6,7,No,71.9,4,2.42,Yes,No,No,Low
STU-01816,27,Male,Visual Communication Design,6.1,3.9,223.0,9,99,2,5,2.8,5.5,55,112,No,Entertainment,0.0,4,No,83.7,5,2.29,No,No,No,Low
STU-01817,29,Male,Information Systems,7.0,3.7,375.0,8,109,4,4,3.6,1.3,47,112,Yes,Education,6.8,8,Yes,65.9,6,2.16,Yes,No,No,Low
STU-01818,27,Other,Information Systems,5.0,2.4,,1,106,10,2,11.6,5.1,39,75,Yes,News,6.8,6,Yes,82.4,1,2.48,No,No,No,High
STU-01819,52,Male,Information Systems,6.7,3.2,349.0,10,90,8,7,2.8,6.7,18,38,No,Gaming,0.0,7,No,87.3,2,2.25,Yes,No,Yes,Low
STU-01820,24,Female,Nursing,7.7,2.1,200.0,2,119,1,2,14.2,8.0,34,150,,Education,6.8,7,Yes,75.5,2,2.37,Yes,No,Yes,Low
STU-01821,21,Female,Sports Science,7.5,2.5,265.0,5,84,7,3,14.2,5.1,81,150,Yes,Gaming,4.5,9,Yes,63.4,5,1.94,No,Yes,No,Medium
STU-01822,61,Male,Computer Science,6.6,2.4,305.0,2,111,5,3,13.4,0.4,52,112,No,Social Media/Trends,2.3,5,No,82.4,0,1.9,No,No,No,Low
STU-01823,62,Female,Law,6.6,4.1,,9,101,4,5,6.3,8.0,12,150,No,News,9.1,10,Yes,90.4,8,2.86,Yes,No,Yes,Low
STU-01824,42,Other,Information Systems,6.9,2.3,261.0,10,79,4,4,2.8,2.9,44,112,Yes,Gaming,2.3,9,No,63.1,5,1.95,Yes,Yes,Yes,Medium
STU-01825,29,FEMALE,Visual Communication Design,7.1,2.3,100.0,6,112,2,3,2.8,7.2,35,38,Yes,Education,2.3,8,No,97.1,7,2.34,No,Yes,Yes,Low
STU-01826,40,Female,Education,8.0,1.4,297.0,10,66,2,4,10.7,5.1,55,38,No,Entertainment,0.0,10,Yes,65.1,9,1.78,No,No,Yes,Low
STU-01828,46,Male,Education,6.4,3.5,109.0,1,68,8,1,3.6,8.0,55,150,No,Social Media/Trends,2.3,6,No,87.6,4,2.17,No,No,No,Low
STU-01829,23,Other,Law,6.6,4.3,469.0,4,72,8,4,2.8,0.8,31,150,No,,0.0,7,Yes,77.4,4,2.04,No,No,No,Low
STU-01830,21,Other,Law,5.7,1.0,412.0,10,115,1,9,8.9,5.5,79,75,No,Gaming,13.6,9,Yes,,5,2.27,Yes,Yes,No,Low
STU-01833,34,Other,Information Systems,6.0,8.4,376.0,9,83,1,4,9.8,8.0,26,0,Yes,Social Media/Trends,15.9,3,Yes,98.1,1,3.12,Yes,No,No,High
STU-01834,44,Male,Sports Science,5.7,1.7,162.0,7,108,2,4,8.1,1.3,71,75,Yes,News,2.3,6,Yes,74.6,8,1.82,Yes,Yes,No,Low
STU-01837,40,male,Visual Communication Design,9.0,5.1,293.0,2,104,4,1,8.1,6.7,31,150,No,News,0.0,4,Yes,69.1,5,1.96,No,No,Yes,Low
STU-01838,18,Other,Education,8.7,0.0,,2,64,3,2,14.2,8.0,56,75,Yes,Entertainment,4.5,7,No,86.5,3,2.29,Yes,No,Yes,Medium
STU-01839,19,Other,Culinary Arts,7.6,1.2,268.0,2,104,3,1,14.2,8.0,73,150,Yes,Gaming,6.8,2,No,90.2,0,2.65,No,No,No,Medium
STU-01840,61,Other,Medicine,7.1,6.6,598.0,2,93,3,3,2.8,5.9,70,112,Yes,Gaming,11.4,10,Yes,70.6,6,2.73,Yes,Yes,Yes,Medium
STU-01841,51,Other,Visual Communication Design,7.1,1.8,234.0,8,117,6,5,9.8,7.2,7,75,No,Gaming,9.1,5,Yes,73.9,4,2.66,Yes,Yes,No,Low
STU-01842,39,Female,Culinary Arts,6.4,1.1,287.0,10,109,1,5,2.8,,62,38,No,Social Media/Trends,4.5,7,Yes,58.6,5,2.53,No,Yes,Yes,Low
STU-01843,58,Male,Information Systems,8.4,3.1,222.0,9,97,7,6,6.3,0.4,60,75,Yes,Education,9.1,5,No,76.7,6,2.08,Yes,Yes,No,High
STU-01844,58,Other,Nursing,5.8,2.4,,7,76,4,4,6.3,3.4,58,112,Yes,Education,2.3,5,Yes,87.3,1,2.05,No,No,Yes,Low
STU-01846,34,FEMALE,Visual Communication Design,5.9,2.5,167.0,7,89,7,5,16.0,8.0,12,75,Yes,Gaming,4.5,2,No,95.7,5,2.36,Yes,No,No,High
STU-01847,27,Female,Law,6.4,1.5,568.0,10,73,10,6,9.8,3.4,79,38,No,Social Media/Trends,0.0,8,Yes,86.2,1,2.24,No,Yes,No,Low
STU-01849,20,Other,Education,7.8,2.1,89.0,10,81,3,5,6.3,4.2,28,75,Yes,Education,6.8,10,Yes,52.2,7,1.79,Yes,Yes,No,Low
STU-01850,43,Female,Visual Communication Design,7.0,0.9,294.0,9,115,7,3,11.6,4.6,37,75,No,Education,6.8,6,No,73.9,3,2.55,Yes,No,Yes,Low
STU-01851,55,Female,Computer Science,5.9,5.4,118.0,7,67,7,4,10.7,3.8,19,75,No,Gaming,0.0,6,No,66.0,0,1.97,No,No,No,Low
STU-01852,42,Other,Electrical Engineering,5.1,1.9,584.0,10,119,3,8,14.2,3.4,46,112,No,Social Media/Trends,20.5,9,Yes,83.7,1,2.45,No,Yes,Yes,Low
STU-01853,33,Female,Visual Communication Design,6.1,3.3,187.0,10,66,3,5,16.0,0.4,45,112,Yes,Social Media/Trends,6.8,5,Yes,65.1,3,2.44,Yes,No,Yes,Low
STU-01854,37,Other,Information Systems,4.6,1.4,465.0,9,103,1,10,8.1,4.2,20,75,No,Education,13.6,10,Yes,88.8,3,2.63,Yes,Yes,Yes,Low
STU-01855,31,Other,Fine Arts,7.9,2.4,297.0,4,69,5,2,10.7,5.9,21,112,Yes,Gaming,4.5,7,Yes,81.6,4,2.38,No,Yes,No,Medium
STU-01857,33,Other,Other Program,6.8,3.0,15.0,8,104,3,6,4.5,0.8,62,-5,Yes,Gaming,2.3,4,Yes,100.0,2,2.78,Yes,No,Yes,High
STU-01861,33,Male,Fine Arts,7.4,1.8,97.0,2,115,8,2,4.5,5.9,57,150,Yes,Gaming,4.5,10,Yes,57.4,3,2.05,No,No,No,Low
STU-01862,19,Male,Biology/Science,7.1,3.6,262.0,8,68,6,4,11.6,0.8,40,150,No,Social Media/Trends,0.0,8,Yes,96.3,6,2.12,No,No,Yes,Low
STU-01863,55,Male,Education,5.8,2.2,83.0,6,83,7,4,16.0,6.3,109,38,Yes,Social Media/Trends,,4,Yes,83.0,2,2.71,Yes,No,No,Medium
STU-01864,37,Male,Other Program,7.0,5.3,209.0,3,89,1,2,12.5,2.5,28,150,Yes,Education,0.0,4,No,89.6,1,2.27,No,Yes,No,High
STU-01865,26,MALE,Visual Communication Design,8.9,3.7,160.0,2,68,4,1,1.9,8.0,82,38,No,Entertainment,2.3,3,No,86.6,3,2.44,No,No,Yes,Medium
STU-01866,44,Male,Information Systems,7.6,3.0,235.0,6,69,8,4,4.5,,72,112,No,Gaming,4.5,6,Yes,79.9,7,2.33,Yes,Yes,Yes,Low
STU-01867,55,Female,Education,5.8,5.1,90.0,6,107,3,3,2.8,0.0,20,150,Yes,Social Media/Trends,2.3,4,No,92.1,6,2.74,No,No,No,High
STU-01868,46,Male,Medicine,7.1,3.3,334.0,4,113,8,2,6.3,7.2,54,75,Yes,News,4.5,3,Yes,87.5,4,2.79,No,Yes,No,Medium
STU-01870,38,Other,Education,8.6,1.6,244.0,6,68,8,6,6.3,5.1,0,150,Yes,Education,6.8,7,No,83.7,3,2.18,Yes,No,Yes,Medium
STU-01871,53,Other,Fine Arts,7.0,0.3,110.0,9,101,2,4,8.1,5.1,87,112,Yes,Gaming,0.0,7,Yes,75.9,2,2.64,No,Yes,Yes,Low
STU-01872,24,Male,Biology/Science,8.1,5.7,264.0,3,80,5,2,3.6,3.4,42,75,Yes,Social Media/Trends,0.0,3,Yes,87.0,0,2.6,No,No,No,High
STU-01873,50,Male,Electrical Engineering,6.8,7.7,378.0,8,94,6,6,10.7,4.6,25,75,Yes,News,13.6,6,Yes,63.2,3,2.33,Yes,No,Yes,Medium
STU-01874,57,Female,Computer Science,7.6,3.0,387.0,5,107,3,4,2.8,7.6,19,38,No,Education,0.0,4,No,95.9,1,2.47,No,Yes,No,Medium
STU-01875,31,FEMALE,Sports Science,5.0,0.4,370.0,9,102,4,9,11.6,7.2,21,75,No,Gaming,15.9,5,Yes,83.9,1,2.55,Yes,Yes,No,Low
STU-01876,58,Other,Culinary Arts,7.1,1.1,122.0,1,73,2,1,1.0,0.0,66,150,No,,0.0,1,No,79.3,2,2.93,No,Yes,Yes,High
STU-01877,31,Other,Other Program,8.1,2.6,73.0,10,90,8,6,2.8,8.0,37,38,Yes,Education,13.6,7,Yes,63.2,3,2.36,Yes,No,No,Low
STU-01878,47,Male,Fine Arts,6.1,2.9,282.0,8,116,10,3,15.1,0.8,60,38,Yes,News,6.8,6,No,72.8,7,2.2,Yes,No,Yes,Low
STU-01880,48,Other,Fine Arts,7.7,2.6,66.0,7,91,2,4,13.4,6.7,65,150,,Gaming,2.3,8,Yes,78.1,3,2.31,No,No,Yes,Low
STU-01881,40,Other,Culinary Arts,6.6,2.9,339.0,7,95,10,3,7.2,6.7,51,0,Yes,Entertainment,4.5,5,Yes,74.7,5,2.49,No,Yes,Yes,Medium
STU-01882,33,Other,Fine Arts,7.1,1.1,170.0,7,86,2,4,15.1,4.6,31,75,No,Gaming,2.3,4,Yes,75.2,3,2.6,No,Yes,Yes,Medium
STU-01883,22,MALE,Computer Science,9.0,4.1,342.0,8,74,10,3,11.6,6.7,48,38,No,Social Media/Trends,9.1,7,No,80.3,3,2.5,Yes,Yes,Yes,Medium
STU-01884,21,Male,Fine Arts,6.9,2.8,88.0,8,98,9,5,5.4,2.1,29,150,No,Social Media/Trends,11.4,5,No,84.6,4,3.16,Yes,No,Yes,Medium
STU-01885,32,Male,Other Program,7.8,2.9,,6,76,10,3,13.4,,80,112,No,Social Media/Trends,15.9,4,No,78.0,1,2.97,Yes,Yes,Yes,Low
STU-01887,25,Other,Computer Science,6.6,4.0,196.0,7,69,7,3,8.1,6.7,20,0,No,Education,4.5,8,Yes,76.1,5,2.84,No,No,No,Low
STU-01888,29,Male,Law,7.9,0.4,518.0,10,109,10,4,11.6,5.9,60,150,,Education,2.3,5,Yes,77.8,1,2.03,No,Yes,Yes,Low
STU-01889,35,Female,Biology/Science,7.6,0.6,257.0,2,81,2,2,7.2,5.9,14,150,Yes,Gaming,13.6,2,No,91.2,2,3.33,No,No,No,High
STU-01891,48,Female,Culinary Arts,8.0,4.3,126.0,2,80,2,1,8.1,,47,112,No,Social Media/Trends,2.3,1,No,93.0,3,2.71,No,Yes,Yes,Low
STU-01892,63,Female,Education,6.4,0.7,79.0,9,91,4,4,13.4,6.7,31,75,No,Education,2.3,1,No,88.6,0,2.12,No,Yes,Yes,Low
STU-01894,41,Male,Other Program,9.3,1.5,84.0,10,108,5,6,10.7,1.7,58,112,No,Social Media/Trends,13.6,7,No,89.9,6,2.69,Yes,No,Yes,Low
STU-01895,62,Other,Computer Science,6.1,3.0,371.0,10,106,7,4,4.5,3.8,0,0,Yes,Entertainment,4.5,6,Yes,72.2,3,2.13,No,Yes,No,High
STU-01896,22,FEMALE,Culinary Arts,6.0,0.9,197.0,4,118,10,4,5.4,2.5,6,38,Yes,Entertainment,2.3,5,Yes,64.9,5,2.49,No,Yes,No,Medium
STU-01897,50,Male,Nursing,5.9,5.1,381.0,1,103,4,3,6.3,,39,0,Yes,Entertainment,2.3,10,Yes,65.2,3,2.27,No,Yes,No,Low
STU-01898,23,Female,Information Systems,4.7,0.9,335.0,10,91,1,8,9.8,3.4,39,75,Yes,Social Media/Trends,9.1,8,Yes,76.3,3,2.59,Yes,No,Yes,Low
STU-01899,41,Other,Electrical Engineering,9.5,2.9,415.0,4,107,4,1,7.2,1.7,39,150,No,Education,0.0,6,Yes,77.7,7,2.22,No,Yes,No,Medium
STU-01900,48,Male,Visual Communication Design,5.2,4.2,212.0,7,66,10,4,5.4,2.1,3,112,No,Education,0.0,9,Yes,77.2,2,2.21,No,Yes,No,Low
STU-01901,43,Female,Education,5.4,4.0,279.0,8,72,6,4,1.0,5.9,21,38,No,Gaming,4.5,6,Yes,,2,2.31,Yes,No,No,Low
STU-01902,20,Female,Sports Science,7.2,8.0,136.0,8,83,2,6,8.9,,55,0,Yes,Social Media/Trends,11.4,5,No,84.4,2,2.66,Yes,Yes,No,Low
STU-01903,22,Other,Nursing,7.3,7.9,313.0,5,85,2,2,8.1,,47,0,No,News,2.3,5,Yes,,3,3.03,No,Yes,No,Low
STU-01904,51,Male,Information Systems,6.6,4.1,317.0,2,86,7,4,1.9,1.7,41,0,Yes,News,0.0,8,Yes,78.1,1,2.4,No,No,No,Medium
STU-01905,44,Male,Electrical Engineering,5.6,1.4,,1,68,1,2,12.5,5.1,26,112,Yes,Gaming,2.3,9,Yes,79.3,2,1.77,No,Yes,No,Low
STU-01906,23,Other,Law,5.9,2.6,583.0,6,92,8,4,7.2,5.1,26,112,Yes,Gaming,2.3,10,Yes,,7,1.9,No,No,No,Low
STU-01908,46,Male,Culinary Arts,4.3,1.7,317.0,8,108,3,10,10.7,2.5,0,75,No,Gaming,11.4,9,Yes,83.0,5,2.51,Yes,Yes,No,Low
STU-01909,28,female,Fine Arts,7.8,1.7,103.0,3,110,7,4,15.1,0.0,0,75,No,News,4.5,10,Yes,100.0,2,1.85,Yes,Yes,Yes,Low
STU-01910,41,Male,Medicine,6.1,5.8,574.0,9,114,4,5,1.0,5.9,0,112,Yes,Social Media/Trends,11.4,6,No,82.2,2,2.75,Yes,Yes,Yes,Medium
STU-01911,23,Male,Computer Science,7.6,3.6,122.0,3,69,9,1,15.1,2.5,23,150,Yes,Gaming,9.1,4,No,95.1,8,2.29,Yes,Yes,Yes,High
STU-01912,54,Male,Biology/Science,7.1,1.5,524.0,1,110,8,3,3.6,5.5,1,75,No,Gaming,13.6,10,Yes,82.6,5,2.63,Yes,Yes,Yes,Low
STU-01913,56,Other,Sports Science,6.7,1.9,74.0,8,64,3,6,2.8,7.2,15,0,No,Education,6.8,4,No,80.6,3,2.86,Yes,Yes,No,Medium
STU-01914,43,Male,Computer Science,8.4,2.1,137.0,7,100,6,3,2.8,2.1,16,112,No,Gaming,6.8,5,Yes,74.3,2,2.34,Yes,No,Yes,Low
STU-01915,38,Male,Law,6.1,5.0,527.0,6,70,8,4,8.9,5.9,29,150,Yes,,11.4,5,Yes,82.1,6,2.91,Yes,Yes,No,High
STU-01917,27,Other,Fine Arts,6.3,4.2,103.0,1,81,5,2,14.2,2.5,44,150,No,Education,4.5,5,Yes,86.7,2,2.2,No,Yes,Yes,Low
STU-01918,41,FEMALE,Culinary Arts,8.3,3.5,173.0,8,111,1,5,3.6,0.4,76,112,No,Entertainment,13.6,3,No,76.4,4,2.6,Yes,Yes,Yes,Low
STU-01919,22,male,Computer Science,6.8,2.3,169.0,9,107,3,4,2.8,3.8,33,0,Yes,Education,2.3,2,No,93.1,6,2.66,Yes,Yes,No,High
STU-01920,38,Other,Electrical Engineering,8.2,1.6,399.0,10,62,9,3,8.9,0.4,49,112,Yes,Entertainment,2.3,5,No,92.7,0,2.5,No,Yes,No,Medium
STU-01921,23,Female,Electrical Engineering,6.7,4.7,557.0,10,101,9,6,10.7,8.0,25,112,No,Education,6.8,7,Yes,86.4,0,2.65,Yes,Yes,Yes,Low
STU-01922,52,Male,Computer Science,6.1,1.2,189.0,5,86,5,4,6.3,3.8,32,0,Yes,Education,2.3,2,No,58.4,0,2.72,No,Yes,No,Medium
STU-01923,45,Female,Law,5.1,0.2,313.0,8,105,2,10,13.4,6.7,30,75,No,Entertainment,15.9,8,Yes,69.5,6,2.48,Yes,No,Yes,Low
STU-01924,26,FEMALE,Information Systems,6.0,3.7,396.0,5,70,1,4,2.8,1.3,0,0,No,Gaming,4.5,10,No,94.7,2,2.38,No,Yes,Yes,Low
STU-01926,37,MALE,Law,4.7,0.6,319.0,8,86,10,5,2.8,4.2,67,112,No,Social Media/Trends,0.0,4,No,84.7,5,2.4,No,Yes,No,Low
STU-01928,36,Other,Nursing,5.8,1.4,468.0,9,92,1,10,13.4,6.3,61,75,No,Social Media/Trends,15.9,9,Yes,75.3,6,2.36,Yes,Yes,No,Low
STU-01929,61,Other,Nursing,6.5,1.5,319.0,5,96,7,3,2.8,,54,38,No,Social Media/Trends,4.5,7,Yes,74.2,5,2.47,No,No,No,Low
STU-01930,21,Male,Education,6.8,0.9,129.0,5,70,6,3,5.4,7.6,9,150,Yes,Social Media/Trends,2.3,7,Yes,76.7,5,1.91,No,Yes,No,Low
STU-01931,36,Female,Information Systems,8.8,2.8,289.0,2,85,8,1,9.8,1.7,69,150,No,Entertainment,,3,No,69.1,3,2.53,Yes,No,No,High
STU-01932,41,Other,Visual Communication Design,5.6,0.1,400.0,10,111,2,9,13.4,6.7,63,112,No,News,18.2,4,No,82.6,2,2.81,Yes,Yes,Yes,Low
STU-01933,38,Female,Other Program,5.7,4.7,223.0,2,71,10,3,15.1,5.1,24,75,Yes,Education,11.4,8,Yes,95.3,6,1.98,Yes,Yes,No,Medium
STU-01934,41,Male,Medicine,8.1,3.1,315.0,10,110,1,4,4.5,4.6,41,112,No,Education,2.3,6,Yes,80.1,1,2.79,No,Yes,Yes,Medium
STU-01935,35,Female,Law,6.2,1.1,344.0,10,111,2,5,6.3,1.3,6,0,No,Entertainment,4.5,8,No,84.7,5,2.29,No,Yes,No,Low
STU-01936,49,Other,Medicine,6.3,1.5,252.0,10,94,1,2,12.5,1.7,30,112,No,News,0.0,10,Yes,71.3,7,2.33,No,Yes,Yes,Low
STU-01937,54 yrs,Other,Computer Science,5.6,1.4,270.0,9,83,8,6,5.4,0.4,7,75,,Entertainment,4.5,6,No,80.6,6,2.56,No,Yes,No,Low
STU-01938,36,Male,Visual Communication Design,3.9,1.1,183.0,8,64,10,7,5.4,5.5,16,38,No,Gaming,4.5,1,No,85.5,0,2.82,No,No,Yes,Medium
STU-01940,41,Female,Law,6.4,3.2,480.0,6,104,8,6,15.1,6.3,44,38,Yes,News,0.0,7,Yes,86.7,3,2.04,No,No,No,Low
STU-01941,29,Female,Information Systems,7.5,1.4,382.0,5,89,6,3,2.8,0.4,36,75,Yes,News,4.5,5,Yes,82.8,0,2.7,No,Yes,Yes,High
STU-01942,63,Female,Electrical Engineering,8.1,6.4,384.0,5,78,1,4,6.3,1.3,8,112,Yes,Entertainment,2.3,6,Yes,77.0,3,2.07,No,Yes,No,Medium
STU-01943,18,Male,Information Systems,8.5,2.5,395.0,1,115,9,2,10.7,5.9,0,0,Yes,Social Media/Trends,0.0,6,No,83.8,5,2.28,No,Yes,Yes,High
STU-01944,20,Female,Computer Science,7.8,2.9,382.0,8,84,9,4,16.0,2.1,40,38,Yes,Gaming,,1,No,100.0,1,2.93,No,No,Yes,High
STU-01945,34,MALE,Computer Science,8.4,3.2,307.0,7,110,2,2,8.9,5.1,49,112,No,Education,0.0,5,Yes,78.7,3,2.28,Yes,Yes,No,Medium
STU-01946,27,MALE,Other Program,6.5,2.0,13.0,3,85,10,2,10.7,3.4,22,150,Yes,News,6.8,7,No,79.5,5,2.7,Yes,Yes,No,High
STU-01947,20,Male,Visual Communication Design,5.3,1.6,352.0,9,102,3,10,8.9,8.0,41,150,Yes,Education,18.2,3,No,85.7,1,2.77,Yes,Yes,Yes,Low
STU-01948,46,Male,Biology/Science,8.8,1.7,524.0,6,100,3,4,8.1,4.6,58,112,No,Entertainment,2.3,5,Yes,94.7,5,2.52,No,No,No,Medium
STU-01949,41,Male,Law,5.3,0.9,499.0,5,61,10,4,2.8,0.0,12,75,Yes,Education,4.5,4,No,93.7,2,2.51,No,No,No,High
STU-01950,30,Female,Sports Science,7.6,1.8,234.0,3,85,1,3,1.0,1.3,10,75,Yes,Education,4.5,4,Yes,81.6,3,2.5,No,No,No,High
STU-01951,30,Other,Information Systems,7.3,4.8,355.0,1,61,10,1,1.0,2.1,8,112,Yes,News,0.0,3,No,70.2,4,2.64,No,No,No,High
STU-01952,64,Female,Electrical Engineering,6.1,5.8,550.0,4,105,2,5,10.7,2.9,58,75,Yes,Education,13.6,5,Yes,76.4,3,2.8,Yes,No,No,Medium
STU-01953,40,Male,Computer Science,7.3,4.5,366.0,4,106,7,4,4.5,6.7,110,112,Yes,Entertainment,4.5,5,No,,0,2.62,Yes,Yes,No,High
STU-01955,34,Other,Medicine,4.0,2.7,567.0,9,117,3,10,8.9,6.3,26,112,No,Social Media/Trends,20.5,7,Yes,100.0,3,2.84,No,No,Yes,Low
STU-01956,49,Male,Culinary Arts,7.4,0.6,343.0,8,118,6,3,2.8,5.9,78,75,Yes,Education,2.3,6,Yes,90.6,6,2.14,No,No,No,Medium
STU-01958,60,Male,Electrical Engineering,6.7,1.0,419.0,6,117,1,3,3.6,8.0,0,112,No,Gaming,2.3,8,Yes,63.6,3,2.25,No,No,No,Low
STU-01959,57,Male,Nursing,6.2,3.7,276.0,5,113,5,2,21.6,2.9,24,150,No,,4.5,2,No,77.8,2,2.3,Yes,Yes,No,Low
STU-01960,23,Male,Fine Arts,8.5,4.5,61.0,6,119,2,3,13.4,3.4,28,112,No,,9.1,10,Yes,77.4,4,2.33,Yes,Yes,No,Low
STU-01962,41,Other,Medicine,5.8,2.3,378.0,5,93,10,5,7.2,4.6,51,0,Yes,News,6.8,6,Yes,,6,2.24,Yes,Yes,No,Medium
STU-01963,29,Other,Education,6.5,3.0,112.0,5,83,6,3,15.1,2.9,59,75,No,Social Media/Trends,6.8,8,Yes,68.9,4,1.76,Yes,No,Yes,Low
STU-01964,59,Female,Computer Science,6.0,3.2,339.0,1,99,3,4,13.4,4.2,40,75,No,Education,6.8,7,No,83.4,4,2.51,Yes,No,No,Low
STU-01966,19,Male,Sports Science,7.8,0.8,148.0,7,99,4,6,3.6,3.4,45,0,Yes,Education,4.5,6,No,87.7,4,2.22,Yes,Yes,No,Medium
STU-01967,58,FEMALE,Computer Science,6.7,2.0,147.0,3,85,2,2,8.9,2.1,9,75,Yes,Entertainment,4.5,7,Yes,86.6,3,2.67,No,No,No,High
STU-01968,31,MALE,Visual Communication Design,6.8,3.2,297.0,7,73,3,5,16.0,5.1,59,38,Yes,Entertainment,13.6,10,Yes,81.7,6,1.91,Yes,No,No,Low
STU-01970,41,MALE,Computer Science,6.1,7.9,,3,91,10,1,9.8,,30,38,Yes,Education,0.0,6,Yes,86.3,4,2.27,No,No,Yes,Low
STU-01971,35,Female,Visual Communication Design,6.7,4.0,256.0,5,66,9,3,3.6,2.5,48,150,No,Social Media/Trends,2.3,4,No,73.2,1,2.27,No,Yes,No,High
STU-01973,53,Other,Nursing,7.2,1.7,232.0,5,92,1,2,10.7,3.4,24,38,No,News,2.3,7,Yes,91.2,3,2.1,Yes,No,Yes,Medium
STU-01974,29,Male,Medicine,7.1,1.6,362.0,10,114,2,6,7.2,2.1,32,0,No,Gaming,2.3,3,No,69.9,4,1.94,No,No,No,Low
STU-01975,27,Female,Electrical Engineering,7.3,0.3,313.0,4,115,3,3,10.7,1.3,25,38,Yes,Gaming,11.4,10,Yes,65.5,9,1.95,Yes,Yes,No,Medium
STU-01976,53,Female,Sports Science,6.6,0.6,254.0,7,75,6,4,10.7,4.2,56,112,Yes,Social Media/Trends,0.0,7,Yes,74.9,4,2.0,No,Yes,No,Low
STU-01977,18,female,Medicine,8.0,2.3,579.0,10,73,3,6,8.399999999999999,2.9,80,150,Yes,Social Media/Trends,11.4,9,No,81.4,5,2.22,Yes,Yes,No,Low
STU-01979,37,Female,Visual Communication Design,3.0,0.6,323.0,9,96,1,8,8.1,,37,112,No,News,9.1,4,Yes,95.5,4,2.47,No,No,Yes,Low
STU-01980,54,Other,Culinary Arts,7.1,4.2,264.0,4,92,9,3,13.4,0.0,30,75,No,,2.3,7,No,62.2,4,1.91,No,Yes,No,Low
STU-01981,40,Other,Medicine,8.3,3.3,393.0,9,63,8,5,3.6,5.1,32,150,Yes,News,0.0,4,Yes,92.3,1,2.48,No,Yes,Yes,Medium
STU-01982,43,Male,Biology/Science,8.1,4.0,447.0,4,87,2,3,8.9,3.4,36,38,No,Social Media/Trends,11.4,8,Yes,64.8,5,2.12,Yes,No,No,Low
STU-01983,41,Female,Computer Science,5.5,4.6,371.0,7,109,2,4,3.6,7.6,20,38,No,News,0.0,8,Yes,79.1,5,2.4,No,No,Yes,Low
STU-01984,28,Other,Law,5.8,2.4,559.0,5,81,6,5,2.8,0.8,15,0,Yes,Gaming,6.8,4,No,85.7,4,2.24,Yes,No,Yes,Medium
STU-01985,33 yrs,Female,Nursing,7.6,6.7,143.0,7,109,3,3,1.9,2.5,0,75,No,Entertainment,0.0,6,No,,3,2.55,Yes,No,No,Medium
STU-01986,18,Female,Sports Science,9.4,0.9,108.0,7,67,8,5,10.7,8.0,68,150,Yes,Education,11.4,8,Yes,66.6,1,2.17,Yes,Yes,Yes,Medium
STU-01990,47,Other,Education,4.9,0.8,245.0,2,115,4,4,13.4,1.3,5,75,No,Social Media/Trends,2.3,10,Yes,71.5,3,2.3,No,Yes,Yes,Low
STU-01991,46,Female,Law,4.2,2.8,405.0,4,68,7,4,11.6,0.4,19,150,Yes,Entertainment,4.5,6,No,92.5,7,2.47,Yes,Yes,No,Medium
STU-01992,26,Other,Sports Science,6.0,0.2,296.0,5,89,3,1,8.1,1.3,39,0,Yes,News,6.8,1,No,100.0,2,2.79,Yes,Yes,Yes,High
STU-01993,22,Male,Culinary Arts,7.8,5.0,203.0,5,75,4,3,11.6,2.5,18,0,Yes,Gaming,4.5,5,No,67.5,3,2.67,Yes,No,No,Medium
STU-01994,19,Female,Other Program,7.0,6.5,2.0,2,72,10,3,8.9,6.3,43,0,No,News,,5,No,81.4,4,2.77,Yes,No,No,Medium
STU-01995,35,male,Biology/Science,7.4,3.4,365.0,2,74,4,4,3.6,8.0,0,75,Yes,Entertainment,2.3,6,No,69.1,0,2.44,No,No,No,Medium
STU-01996,24,Male,Information Systems,5.8,4.4,286.0,2,110,9,4,8.9,5.9,0,112,Yes,Gaming,6.8,4,No,71.5,3,2.58,Yes,Yes,Yes,High
STU-01997,51,male,Visual Communication Design,6.4,2.4,103.0,8,77,7,4,2.8,8.0,60,75,No,Gaming,2.3,8,Yes,94.0,4,2.49,Yes,No,No,Low
STU-01998,20,Other,Sports Science,7.8,0.3,65.0,3,77,8,1,10.7,8.0,84,0,No,Education,0.0,2,Yes,71.1,3,2.06,No,No,No,Low
STU-01999,26,Other,Nursing,6.3,2.0,276.0,3,115,4,3,6.3,3.4,0,0,No,Gaming,2.3,6,No,74.5,7,2.42,Yes,No,Yes,Low
STU-02000,46,Other,Electrical Engineering,8.2,4.2,491.0,3,71,2,4,8.9,2.9,12,0,Yes,Gaming,4.5,4,Yes,70.4,1,2.45,Yes,Yes,No,High
STU-02001,43,Female,Visual Communication Design,4.7,2.7,199.0,3,99,6,2,15.1,1.3,0,38,No,Education,0.0,8,Yes,87.0,1,1.61,No,Yes,Yes,Low
STU-02002,55,Female,Education,7.0,5.2,130.0,9,80,8,3,5.4,0.8,39,150,Yes,Education,2.3,5,No,75.7,4,2.34,No,No,Yes,Low
STU-02003,45,Other,Sports Science,4.5,0.0,392.0,9,98,1,9,14.2,3.8,80,75,No,Entertainment,9.1,10,Yes,56.3,5,1.72,Yes,Yes,Yes,Low
STU-02004,56,Female,Other Program,5.0,1.9,248.0,1,85,3,3,10.7,,38,112,No,Social Media/Trends,4.5,7,Yes,95.9,6,2.1,No,No,Yes,Low
STU-02005,35,Female,Law,5.6,3.3,598.0,1,92,10,4,7.2,7.6,23,150,,Entertainment,11.4,3,No,80.5,5,2.72,Yes,No,Yes,High
STU-02006,33,Male,Medicine,5.1,0.9,452.0,10,108,1,10,10.7,7.6,28,112,No,News,13.6,3,No,94.7,0,2.76,Yes,Yes,No,Low
STU-02007,36,Female,Nursing,8.0,0.6,119.0,8,89,3,4,7.2,3.8,22,75,No,News,13.6,6,Yes,96.9,4,2.96,Yes,No,No,Low
STU-02008,63,Male,Nursing,8.2,3.4,161.0,9,85,1,4,11.6,5.9,47,112,No,Social Media/Trends,22.7,3,No,91.1,3,3.01,Yes,No,No,Low
STU-02009,31,Female,Medicine,7.2,3.7,402.0,8,110,8,6,8.1,4.6,28,0,No,Gaming,4.5,6,No,95.9,9,2.11,Yes,No,No,Low
STU-02011,58,Male,Culinary Arts,8.6,1.3,393.0,1,94,1,1,4.5,2.9,21,112,No,,6.8,6,No,89.5,7,2.71,Yes,No,No,High
STU-02012,54,male,Culinary Arts,6.2,4.8,119.0,3,118,10,4,4.5,7.2,48,150,Yes,Social Media/Trends,,3,Yes,72.4,1,2.6,No,Yes,No,Low
STU-02013,56,Other,Other Program,5.3,2.5,193.0,6,101,8,3,10.7,2.5,12,0,Yes,Gaming,2.3,4,No,91.5,5,2.63,Yes,No,Yes,Medium
STU-02014,21,Other,Information Systems,3.7,2.1,,10,112,1,8,15.1,5.1,43,-5,No,Education,11.4,6,No,66.0,2,2.3,Yes,No,Yes,Low
STU-02015,34,Other,Education,7.3,4.4,175.0,4,117,6,2,15.1,3.8,48,38,No,Social Media/Trends,9.1,4,Yes,80.5,3,2.18,Yes,No,Yes,Medium
STU-02016,38,Female,Biology/Science,7.7,2.4,332.0,6,81,8,3,8.1,5.5,41,112,No,Education,,4,Yes,77.5,2,2.69,No,No,Yes,High
STU-02017,60,Other,Electrical Engineering,5.7,2.0,261.0,2,92,7,3,8.9,5.9,55,75,Yes,News,0.0,5,No,65.8,6,2.01,No,Yes,No,Low
STU-02018,44,Female,Information Systems,7.5,4.3,396.0,8,61,7,5,8.1,7.2,52,38,Yes,Social Media/Trends,4.5,3,No,82.7,0,2.48,Yes,Yes,Yes,High
STU-02019,57,Female,Other Program,5.3,1.7,12.0,7,94,5,3,1.9,3.8,45,112,,Education,0.0,5,No,70.4,3,2.39,No,Yes,No,High
STU-02021,45,FEMALE,Nursing,6.8,2.0,267.0,3,61,1,2,14.2,2.9,75,0,Yes,Social Media/Trends,9.1,4,No,75.4,4,2.81,Yes,No,No,High
STU-02022,45,Other,Biology/Science,7.1,2.8,314.0,4,89,5,2,10.7,3.8,16,0,Yes,Gaming,6.8,10,Yes,72.2,5,2.03,Yes,Yes,No,Medium
STU-02024,33,Male,Other Program,6.8,5.9,160.0,8,116,1,4,12.5,5.5,1,112,No,Education,0.0,1,No,94.3,4,2.55,Yes,No,No,Medium
STU-02025,37,Male,Fine Arts,4.4,0.3,,10,116,3,8,11.6,8.0,39,75,Yes,News,11.4,8,Yes,,8,2.73,No,No,Yes,Low
STU-02026,55,Male,Medicine,8.3,0.9,459.0,9,106,9,6,14.2,2.9,16,112,No,News,4.5,7,Yes,72.5,5,2.11,No,No,No,Low
STU-02027,58,Male,Information Systems,6.4,1.4,326.0,3,101,6,3,14.2,1.3,46,150,Yes,Gaming,0.0,6,No,89.7,7,1.83,No,Yes,Yes,Medium
STU-02028,30,Other,Medicine,7.1,5.8,431.0,9,93,9,5,7.2,,13,38,No,News,2.3,5,Yes,94.4,3,2.28,No,Yes,Yes,Low
STU-02029,58,Male,Culinary Arts,6.0,4.4,262.0,9,105,2,5,13.4,4.2,0,112,Yes,Education,0.0,7,Yes,66.4,7,2.14,No,Yes,Yes,Low
STU-02030,40,Female,Computer Science,7.8,0.9,299.0,4,101,3,2,9.8,3.8,33,75,Yes,Social Media/Trends,9.1,6,No,81.6,1,2.67,Yes,No,Yes,Low
STU-02031,21,Female,Biology/Science,8.2,4.0,441.0,9,82,9,7,1.0,5.1,55,75,Yes,Entertainment,6.8,6,Yes,97.7,7,2.8,No,No,No,Medium
STU-02032,59,Male,Nursing,6.8,2.8,143.0,5,65,6,3,15.1,4.6,10,75,No,Gaming,0.0,6,Yes,89.6,8,2.14,No,No,Yes,Low
STU-02033,47,Female,Fine Arts,5.1,4.5,296.0,9,64,6,6,13.4,2.1,40,150,Yes,Education,,6,No,85.7,3,2.66,Yes,No,Yes,Low
STU-02034,39,Male,Fine Arts,4.2,2.3,586.0,8,99,4,9,8.1,5.5,0,112,No,Education,15.9,4,No,76.0,4,2.94,No,Yes,Yes,Low
STU-02036,63,Male,Medicine,7.6,3.1,289.0,9,72,8,3,3.6,4.6,17,112,No,Education,4.5,8,Yes,76.0,5,2.38,Yes,Yes,No,Low
STU-02037,50,Other,Fine Arts,7.3,3.6,189.0,5,73,10,1,12.5,7.2,60,75,Yes,Entertainment,4.5,2,Yes,70.9,7,2.41,No,No,Yes,Medium
STU-02040,32,Other,Fine Arts,4.1,2.2,318.0,8,111,4,8,8.1,2.9,57,112,No,Education,9.1,10,Yes,70.6,3,2.23,Yes,Yes,No,Low
STU-02041,47,Male,Culinary Arts,5.0,1.0,436.0,8,105,3,9,16.0,6.3,3,112,No,Entertainment,20.5,6,Yes,100.0,4,2.67,No,Yes,No,Medium
STU-02042,46,Female,Biology/Science,7.5,2.8,300.0,3,107,7,3,11.6,7.6,50,0,Yes,Social Media/Trends,0.0,2,No,84.9,5,2.34,No,Yes,No,High
STU-02044,36,Other,Law,6.3,3.4,588.0,5,84,10,4,1.0,2.5,75,150,Yes,Education,6.8,10,Yes,67.9,9,2.34,No,Yes,Yes,Medium
STU-02046,51,MALE,Fine Arts,7.2,5.6,194.0,9,108,1,5,14.2,2.5,32,112,Yes,News,4.5,3,No,,2,2.35,Yes,Yes,Yes,Medium
STU-02047,59,Male,Visual Communication Design,6.3,1.6,,5,110,10,4,15.1,2.5,88,38,Yes,Social Media/Trends,6.8,7,Yes,78.4,4,2.01,Yes,No,No,Low
STU-02048,43,Female,Law,5.5,6.2,476.0,6,96,2,5,2.8,2.5,58,150,No,News,4.5,8,Yes,74.0,4,2.53,Yes,No,No,Low
STU-02049,40,Female,Sports Science,6.8,2.2,216.0,4,100,3,5,13.4,6.7,59,0,Yes,Education,9.1,9,Yes,71.4,5,1.78,Yes,Yes,Yes,Low
STU-02051,52,Other,Electrical Engineering,5.8,1.3,384.0,6,106,10,3,6.3,4.6,0,38,No,Gaming,9.1,8,No,70.0,6,2.56,Yes,Yes,No,Medium
STU-02053,31,Other,Law,7.8,1.0,394.0,9,79,3,5,9.8,7.6,51,150,No,Entertainment,0.0,8,Yes,61.4,5,1.93,No,Yes,No,Low
STU-02054,60,Male,Visual Communication Design,7.2,5.3,200.0,5,70,8,2,12.5,2.5,14,150,No,Social Media/Trends,2.3,10,Yes,55.7,5,1.8,No,No,Yes,Low
STU-02056,62,Male,Education,7.7,2.2,161.0,10,67,1,7,2.8,6.3,10,150,No,Entertainment,11.4,4,No,67.5,4,2.45,Yes,No,No,Medium
STU-02057,31,Male,Biology/Science,7.5,1.4,258.0,4,92,6,2,9.8,1.3,32,112,No,Education,6.8,6,No,78.8,3,2.09,Yes,No,No,Low
STU-02058,24,Other,Fine Arts,6.9,4.9,170.0,3,65,6,1,10.7,3.4,23,38,No,Education,11.4,6,Yes,78.5,3,2.61,Yes,Yes,No,Medium
STU-02059,27,Male,Law,8.1,3.6,326.0,2,74,9,3,1.9,4.6,27,0,No,News,2.3,4,Yes,78.0,8,2.78,No,Yes,Yes,Medium
STU-02061,59,Male,Sports Science,7.5,1.0,105.0,5,115,8,4,1.9,3.4,25,112,Yes,News,6.8,4,Yes,60.8,4,2.44,Yes,No,No,High
STU-02062,60,Female,Sports Science,7.1,1.0,87.0,5,116,3,4,1.9,5.9,63,150,No,Social Media/Trends,6.8,6,No,75.4,4,2.53,Yes,Yes,No,Medium
STU-02063,32,Male,Other Program,6.8,7.3,71.0,7,65,1,3,11.6,0.8,50,0,Yes,Gaming,6.8,6,No,85.0,6,2.07,No,Yes,Yes,Low
STU-02064,31,Other,Education,6.6,2.7,116.0,3,95,3,1,15.1,4.6,26,150,No,Education,13.6,5,No,85.9,3,2.18,No,Yes,Yes,Medium
STU-02065,19,Female,Fine Arts,7.2,3.4,192.0,1,101,8,1,14.2,2.9,1,112,No,Entertainment,6.8,1,No,64.0,2,2.15,Yes,Yes,Yes,High
STU-02066,46,Male,Visual Communication Design,4.4,3.9,296.0,2,91,3,5,5.4,2.1,55,75,No,Gaming,2.3,2,No,82.6,5,2.34,Yes,Yes,Yes,Low
STU-02067,39,Male,Nursing,7.7,4.1,149.0,9,75,7,5,1.0,2.5,51,0,Yes,Gaming,2.3,6,No,73.3,1,2.57,No,No,No,Low
STU-02068,19,Male,Culinary Arts,6.4,5.3,118.0,8,84,6,2,4.5,3.4,19,150,No,Entertainment,2.3,5,No,69.8,3,2.45,Yes,No,Yes,Low
STU-02069,19,Other,Electrical Engineering,6.0,5.5,458.0,3,101,6,4,12.5,2.9,57,38,No,Education,2.3,5,Yes,92.7,4,1.92,Yes,No,No,Low
STU-02070,56,Other,Computer Science,6.2,3.9,353.0,5,82,1,1,9.8,1.3,34,112,No,Education,4.5,5,No,84.8,4,2.79,Yes,No,No,Medium
STU-02071,43,Male,Medicine,7.7,2.5,499.0,2,97,3,2,10.7,5.5,55,0,Yes,Education,9.1,6,Yes,94.4,3,2.16,Yes,No,No,Medium
STU-02072,18,Male,Information Systems,7.3,0.4,292.0,4,102,9,4,6.3,3.8,11,112,No,Social Media/Trends,9.1,7,Yes,74.4,1,2.55,Yes,Yes,No,Medium
STU-02073,36,Male,Education,5.9,2.2,154.0,3,92,8,3,3.6,5.9,50,150,No,Gaming,0.0,7,No,81.9,5,2.49,No,Yes,No,Low
STU-02074,37,Male,Other Program,4.4,0.9,379.0,8,91,1,8,11.6,2.9,56,75,No,News,15.9,10,Yes,75.4,7,2.19,Yes,No,Yes,Low
STU-02075,41,male,Sports Science,4.3,2.4,535.0,8,111,4,8,8.9,5.9,27,112,Yes,News,11.4,5,No,90.2,3,3.26,Yes,Yes,No,Low
STU-02076,64,Female,Electrical Engineering,7.8,3.4,484.0,4,83,9,2,3.6,8.0,48,0,No,Entertainment,2.3,6,Yes,85.8,3,2.66,No,No,No,Low
STU-02078,53,Other,Biology/Science,7.6,3.0,287.0,5,64,7,3,1.9,5.9,17,150,Yes,Gaming,4.5,7,Yes,75.7,2,2.05,Yes,No,No,Medium
STU-02079,25,Female,Nursing,7.9,4.4,193.0,1,107,8,1,1.0,4.6,31,150,Yes,Entertainment,11.4,4,No,100.0,5,2.71,Yes,No,No,High
STU-02080,47,Male,Sports Science,4.6,0.7,,8,117,4,10,10.7,7.6,13,150,No,Education,11.4,4,Yes,70.4,4,2.97,Yes,Yes,Yes,Low
STU-02081,54,Female,Nursing,5.3,7.9,258.0,3,76,9,2,15.1,0.8,44,150,No,Social Media/Trends,4.5,5,Yes,81.1,4,1.98,Yes,No,Yes,Low
STU-02082,39,Other,Fine Arts,7.8,4.8,296.0,1,92,10,3,14.2,4.6,47,75,Yes,Social Media/Trends,2.3,8,No,86.5,10,2.11,No,No,Yes,Medium
STU-02083,47,male,Visual Communication Design,5.6,4.6,106.0,1,111,6,2,1.9,2.1,36,112,No,News,6.8,6,Yes,85.8,5,2.57,No,Yes,Yes,Low
STU-02084,48,Female,Education,5.7,0.4,208.0,1,74,8,2,2.8,8.0,64,112,No,Education,4.5,4,No,81.3,5,2.37,Yes,Yes,No,Low
STU-02086,51,Male,Visual Communication Design,9.9,6.9,123.0,2,84,6,1,1.9,0.0,58,150,Yes,Gaming,4.5,5,No,75.8,4,2.06,Yes,No,No,High
STU-02087,41,Other,Fine Arts,6.7,0.8,149.0,2,112,8,1,11.6,3.8,0,38,No,Gaming,0.0,1,No,90.5,4,2.15,Yes,No,Yes,Medium
STU-02089,28,Other,Nursing,8.5,4.3,109.0,1,62,6,2,1.9,6.3,0,75,Yes,Entertainment,6.8,8,Yes,59.8,3,2.27,Yes,Yes,Yes,High
STU-02090,38,Other,Electrical Engineering,5.2,2.9,334.0,9,110,6,3,6.3,,49,112,No,News,2.3,3,No,69.6,6,2.13,Yes,No,No,Low
STU-02091,47,Female,Visual Communication Design,5.9,0.1,330.0,8,93,1,9,11.6,3.4,13,75,Yes,News,20.5,5,Yes,85.2,6,2.66,Yes,Yes,Yes,Medium
STU-02092,43,Male,Law,7.8,2.7,471.0,3,64,4,2,11.6,5.5,45,150,Yes,Education,2.3,5,No,69.0,2,2.37,No,No,No,Low
STU-02093,44,Female,Electrical Engineering,8.1,7.3,512.0,3,105,7,3,5.4,8.0,45,38,,Social Media/Trends,4.5,4,No,76.3,7,2.66,Yes,No,Yes,Medium
STU-02094,41,Other,Education,8.3,2.5,205.0,7,101,4,5,13.5,1.7,60,38,Yes,Social Media/Trends,13.6,6,Yes,82.2,4,2.73,Yes,No,No,High
STU-02096,59,Other,Computer Science,7.0,1.8,312.0,8,78,8,4,2.8,5.9,38,112,Yes,Social Media/Trends,6.8,7,Yes,85.1,1,2.71,Yes,No,Yes,Medium
STU-02097,43,Other,Fine Arts,6.8,3.6,231.0,8,81,7,6,11.6,7.2,52,112,No,Entertainment,11.4,8,Yes,82.1,7,2.41,Yes,No,No,Low
STU-02098,40,Other,Biology/Science,6.9,4.1,567.0,10,85,9,8,1.0,0.0,15,38,No,Social Media/Trends,11.4,3,Yes,96.0,1,2.62,Yes,No,No,Medium
STU-02099,23,Other,Fine Arts,7.6,4.6,264.0,8,63,6,4,11.6,6.7,70,112,Yes,Social Media/Trends,6.8,8,Yes,79.2,3,2.13,Yes,No,Yes,Low
STU-02101,44,Female,Medicine,7.9,1.6,315.0,6,64,5,3,7.2,8.0,48,150,Yes,News,9.1,3,No,94.8,1,3.02,Yes,No,No,Medium
STU-02102,27 yrs,Female,Computer Science,8.5,1.1,292.0,8,111,4,4,5.4,6.7,59,150,Yes,Gaming,0.0,7,Yes,83.5,2,2.12,No,No,No,Medium
STU-02103,59,Female,Law,6.8,4.0,399.0,5,67,7,3,13.4,,32,38,No,Entertainment,11.4,1,No,70.7,3,2.43,Yes,No,No,Low
STU-02104,48,Other,Law,7.4,7.0,488.0,4,77,1,3,6.3,1.7,43,0,Yes,Entertainment,2.3,9,Yes,62.6,7,2.63,No,Yes,No,Medium
STU-02106,62 yrs,Male,Visual Communication Design,7.2,6.1,,5,63,5,4,5.4,5.1,62,112,,Social Media/Trends,,7,Yes,76.7,4,2.43,Yes,No,No,Medium
STU-02107,53,Other,Sports Science,4.1,3.2,270.0,10,87,7,5,9.8,1.3,0,38,Yes,Education,2.3,8,Yes,,6,1.86,No,No,No,Low
STU-02109,38,Other,Law,8.1,0.5,480.0,5,83,4,3,1.0,7.6,35,150,Yes,Gaming,2.3,6,No,,1,2.0,Yes,No,No,Low
STU-02110,50,Female,Sports Science,4.9,3.2,112.0,5,84,3,3,9.8,2.9,27,112,Yes,Education,2.3,4,No,87.7,2,2.45,No,Yes,Yes,High
STU-02111,38,Female,Education,6.5,2.9,38.0,7,86,2,5,16.0,7.6,40,0,No,Gaming,6.8,7,Yes,84.7,2,2.57,Yes,Yes,Yes,Medium
STU-02112,35,Male,Culinary Arts,4.5,1.9,447.0,10,101,3,8,12.5,7.2,31,75,No,Gaming,15.9,10,Yes,68.4,4,2.07,No,Yes,Yes,Low
STU-02113,26,Male,Education,5.6,0.5,372.0,10,100,3,9,10.7,3.4,59,112,No,Entertainment,11.4,8,Yes,92.9,5,2.2,Yes,Yes,Yes,Low
STU-02114,32,Other,Information Systems,8.2,6.3,208.0,8,76,3,3,14.2,0.0,0,38,No,Education,0.0,8,Yes,83.2,4,2.01,No,No,Yes,Low
STU-02115,41,Other,Medicine,6.5,1.2,389.0,4,78,10,2,11.6,2.5,26,150,Yes,Entertainment,9.1,3,No,80.3,0,2.86,Yes,Yes,No,High
STU-02116,42,Other,Medicine,8.2,0.9,321.0,4,90,4,2,10.7,2.1,44,38,No,Gaming,,4,No,73.6,2,2.4,Yes,No,No,Medium
STU-02117,42,Male,Other Program,6.6,4.3,95.0,5,68,8,2,7.2,3.8,53,38,Yes,Entertainment,4.5,5,No,67.2,1,2.55,No,Yes,No,Medium
STU-02118,43,Other,Medicine,5.6,1.2,319.0,2,91,10,1,13.4,5.1,54,75,Yes,Entertainment,0.0,5,No,78.3,6,2.04,Yes,Yes,No,Low
STU-02119,32,Other,Visual Communication Design,8.0,2.7,171.0,5,104,1,3,5.4,0.0,30,150,Yes,Gaming,2.3,9,Yes,77.5,8,2.12,Yes,No,No,Low
STU-02120,23,Male,Nursing,6.4,6.5,218.0,7,119,3,5,1.0,,74,38,,Gaming,0.0,6,Yes,66.5,5,1.82,No,Yes,Yes,Low
STU-02121,54,Female,Computer Science,5.5,5.1,,9,83,7,5,11.6,6.3,36,112,Yes,Education,6.8,2,No,82.8,0,2.24,Yes,No,No,Medium
STU-02122,60,Male,Fine Arts,6.5,0.9,216.0,7,99,2,6,16.0,3.4,53,38,No,Social Media/Trends,11.4,6,No,84.8,6,2.12,Yes,Yes,No,Low
STU-02123,22,Other,Visual Communication Design,4.0,1.0,305.0,8,111,2,10,16.0,5.5,8,150,No,Entertainment,20.5,9,Yes,100.0,7,2.63,No,No,Yes,Low
STU-02124,41,Male,Law,6.4,2.7,582.0,7,79,4,5,9.8,7.2,20,0,Yes,Social Media/Trends,4.5,9,Yes,77.7,5,2.03,Yes,No,No,Medium
STU-02125,58,Male,Computer Science,5.7,2.9,247.0,1,114,9,2,3.6,7.2,19,112,Yes,Entertainment,6.8,3,Yes,92.1,7,2.16,Yes,No,Yes,Low
STU-02126,38,Female,Electrical Engineering,5.7,0.2,574.0,9,96,4,6,9.8,5.9,64,112,No,Social Media/Trends,4.5,3,No,92.7,6,2.31,No,Yes,Yes,Low
STU-02127,35,Male,Culinary Arts,6.3,2.6,165.0,10,102,3,7,7.2,3.4,39,0,No,Education,6.8,5,Yes,82.4,1,2.38,No,Yes,No,Low
STU-02130,35,Male,Information Systems,7.1,3.6,321.0,10,61,4,5,9.8,2.9,28,38,No,Entertainment,6.8,10,Yes,61.5,7,2.01,Yes,Yes,No,Low
STU-02131,39,Female,Computer Science,8.3,8.3,386.0,10,106,7,3,16.0,8.0,36,38,Yes,Entertainment,0.0,5,Yes,77.5,2,2.33,Yes,Yes,No,Medium
STU-02132,36,Male,Other Program,5.3,0.2,267.0,4,117,5,5,10.7,0.8,49,75,Yes,Social Media/Trends,4.5,4,No,67.4,0,2.14,No,No,Yes,Low
STU-02133,47 yrs,Male,Sports Science,5.5,3.8,60.0,5,106,10,4,15.1,0.0,78,38,No,News,2.3,9,Yes,90.5,4,1.84,No,Yes,No,Low
STU-02136,55,Female,Other Program,7.0,2.9,,9,79,6,3,11.6,6.3,49,75,No,Entertainment,6.8,4,Yes,91.4,0,2.37,No,No,Yes,Low
STU-02138,43,female,Education,6.4,5.6,116.0,10,68,3,4,8.9,5.1,53,38,No,News,6.8,7,Yes,78.6,3,2.42,No,Yes,No,Low
STU-02139,35,Male,Information Systems,4.5,1.3,324.0,8,106,2,9,14.2,5.1,46,150,No,News,11.4,10,Yes,72.8,4,2.0,Yes,Yes,Yes,Low
STU-02140,59,Other,Visual Communication Design,6.8,5.3,,7,100,3,3,10.7,4.2,28,38,No,Gaming,13.6,8,Yes,88.3,5,2.25,Yes,Yes,No,Low
STU-02141,37,Male,Medicine,8.1,4.7,396.0,1,80,8,2,10.7,2.9,77,150,No,,2.3,1,No,89.7,0,2.88,Yes,Yes,Yes,High
STU-02142,18,Other,Law,6.4,3.0,484.0,3,91,10,5,12.5,5.5,19,150,Yes,Social Media/Trends,,6,Yes,69.3,4,2.02,Yes,No,Yes,Medium
STU-02143,47,Other,Visual Communication Design,6.1,1.4,163.0,1,114,3,1,16.0,5.1,106,150,Yes,,9.1,3,No,98.5,2,2.91,Yes,Yes,No,High
STU-02144,46,Female,Information Systems,5.5,2.9,371.0,3,111,7,2,12.5,0.0,5,150,No,Entertainment,,7,Yes,81.1,6,2.26,Yes,Yes,Yes,Medium
STU-02145,35,Female,Sports Science,7.2,0.0,73.0,2,79,4,1,8.9,5.1,36,112,Yes,News,4.5,6,Yes,85.6,4,2.78,Yes,Yes,No,High
STU-02146,47,MALE,Sports Science,4.7,0.2,570.0,9,91,2,10,14.2,2.1,87,150,Yes,Social Media/Trends,18.2,4,No,72.9,2,2.6,Yes,No,Yes,Medium
STU-02147,59,Female,Computer Science,8.6,7.8,253.0,3,82,10,2,10.7,6.3,39,150,No,Education,2.3,9,No,69.5,7,1.9,No,Yes,No,Low
STU-02148,43,Male,Sports Science,6.2,2.8,105.0,2,98,7,2,3.6,1.7,15,150,Yes,Gaming,2.3,2,No,89.6,5,2.62,No,Yes,No,High
STU-02149,57,Other,Fine Arts,5.8,3.0,135.0,5,79,2,4,8.1,0.8,55,112,No,Social Media/Trends,11.4,7,Yes,88.0,4,2.88,Yes,Yes,No,Low
STU-02152,37,Female,Information Systems,6.0,3.0,237.0,1,64,2,2,2.8,2.1,83,150,No,News,0.0,10,Yes,87.4,7,2.35,No,Yes,Yes,Low
STU-02153,48,Female,Other Program,7.0,6.6,,5,71,1,4,12.5,2.5,16,150,Yes,Education,4.5,8,Yes,76.5,2,2.11,No,Yes,No,Medium
STU-02154,30,Other,Visual Communication Design,6.0,3.5,72.0,7,118,2,2,8.9,1.7,9,150,Yes,Gaming,2.3,3,Yes,77.4,0,2.37,No,No,No,Medium
STU-02159,23,Male,Information Systems,7.6,5.0,333.0,5,83,1,3,1.0,2.1,21,0,No,,2.3,3,No,86.0,2,2.84,No,Yes,Yes,Medium
STU-02160,48,Female,Education,7.3,1.4,57.0,7,93,3,3,3.6,2.1,62,-5,No,News,4.5,5,No,84.9,2,2.65,Yes,Yes,No,Medium
STU-02161,29,Female,Law,6.5,6.5,349.0,10,119,10,4,16.0,8.0,43,75,Yes,Education,6.8,7,Yes,73.1,3,2.3,Yes,No,No,Low
STU-02163,33,Female,Fine Arts,5.4,3.7,85.0,9,65,6,4,9.8,3.8,0,150,No,Social Media/Trends,4.5,6,No,76.7,3,2.31,No,No,No,Medium
STU-02164,40,Other,Education,5.7,4.7,31.0,5,91,7,2,7.2,2.1,51,75,No,Social Media/Trends,9.1,8,Yes,77.5,1,3.43,Yes,No,No,Low
STU-02165,32,Female,Visual Communication Design,8.0,1.8,286.0,7,68,6,5,8.9,7.6,57,150,Yes,Gaming,6.8,6,Yes,79.0,4,2.62,Yes,Yes,No,Medium
STU-02167,25,Female,Fine Arts,5.9,2.5,133.0,5,94,7,1,8.9,1.3,62,75,No,Gaming,4.5,5,No,90.8,2,2.66,No,No,No,Low
STU-02168,46,Other,Electrical Engineering,4.7,3.3,477.0,6,97,2,6,13.4,5.5,0,150,Yes,Gaming,4.5,2,No,76.5,2,2.77,No,No,No,High
STU-02169,18,Female,Law,6.4,1.1,350.0,2,106,9,1,1.0,0.8,31,75,No,Social Media/Trends,13.6,9,Yes,73.6,4,2.74,Yes,Yes,No,Low
STU-02170,33,Male,Education,6.9,4.3,86.0,1,63,1,3,14.2,6.7,40,0,No,News,2.3,6,No,85.5,5,1.86,No,Yes,Yes,Low
STU-02171,50,Other,Fine Arts,7.4,4.4,223.0,10,79,7,4,14.2,2.1,36,112,Yes,Education,0.0,3,No,82.4,0,2.44,No,Yes,Yes,Medium
STU-02172,50,Other,Medicine,6.2,3.1,530.0,9,113,1,5,7.2,1.7,0,150,No,News,2.3,8,No,73.6,3,2.22,Yes,No,Yes,Low
STU-02173,42,male,Culinary Arts,7.1,0.7,322.0,1,66,2,2,15.1,7.2,7,150,Yes,Education,2.3,6,Yes,90.4,0,2.26,Yes,No,Yes,High
STU-02174,24,Male,Other Program,8.2,0.5,276.0,10,73,8,4,1.0,4.6,2,112,Yes,Education,4.5,6,No,70.8,1,2.51,Yes,No,No,High
STU-02175,26,Other,Education,5.9,1.8,253.0,5,82,5,4,15.1,6.3,29,38,No,Entertainment,6.8,9,No,76.6,10,2.29,Yes,No,Yes,Low
STU-02178,48,Other,Culinary Arts,6.3,1.1,280.0,10,111,9,7,3.6,2.1,60,38,Yes,Entertainment,0.0,5,No,79.4,2,2.64,No,Yes,Yes,Low
STU-02179,30,male,Nursing,5.0,1.1,448.0,8,98,3,8,12.5,6.7,0,112,No,Entertainment,15.9,7,Yes,91.8,3,2.02,Yes,Yes,No,Low
STU-02180,31,Male,Information Systems,3.0,0.3,547.0,10,117,4,10,9.8,7.2,23,150,Yes,Education,15.9,5,Yes,80.8,1,3.07,No,Yes,No,Low
STU-02181,25,Female,Electrical Engineering,7.8,4.0,272.0,1,119,7,1,4.5,3.8,7,75,Yes,News,9.1,9,No,,4,2.46,Yes,Yes,No,Medium
STU-02182,29,Other,Culinary Arts,4.7,2.6,517.0,9,95,4,8,16.0,7.6,43,112,No,Social Media/Trends,20.5,5,Yes,79.5,0,2.52,Yes,No,Yes,Low
STU-02184,62,Female,Biology/Science,6.7,6.3,462.0,5,115,6,2,10.7,4.6,29,75,No,News,4.5,6,Yes,72.5,7,2.61,No,No,Yes,Medium
STU-02186,44,Female,Nursing,7.6,2.2,108.0,2,75,6,2,9.8,0.8,0,38,No,Education,0.0,4,No,76.6,1,2.2,No,No,No,Medium
STU-02187,64,Female,Biology/Science,5.7,3.4,473.0,1,84,5,3,16.0,6.3,35,150,Yes,Entertainment,11.4,7,No,73.4,6,2.22,Yes,No,Yes,Low
STU-02188,36,Other,Electrical Engineering,5.7,1.5,527.0,8,95,2,8,8.9,2.1,13,112,No,Social Media/Trends,11.4,5,Yes,86.7,4,3.25,Yes,Yes,Yes,Medium
STU-02189,32,female,Information Systems,6.5,4.3,100.0,4,95,8,3,16.0,6.3,62,112,No,Education,9.1,10,Yes,,5,1.99,Yes,Yes,No,Low
STU-02191,33,Other,Sports Science,7.6,4.8,113.0,6,105,5,3,6.3,4.2,46,75,Yes,News,0.0,10,Yes,70.1,6,1.5,No,No,Yes,Medium
STU-02194,36,Female,Culinary Arts,7.1,5.3,129.0,2,92,10,3,13.4,5.5,44,150,Yes,Education,2.3,9,Yes,83.5,5,2.14,No,Yes,No,Low
STU-02196,33,Other,Culinary Arts,7.3,4.4,278.0,7,102,8,4,15.1,7.6,56,38,No,Entertainment,13.6,9,Yes,88.0,8,2.24,Yes,Yes,No,Low
STU-02198,39,Other,Education,6.9,4.1,136.0,5,108,6,2,9.8,3.8,0,-5,,Entertainment,4.5,6,No,85.1,3,2.35,Yes,Yes,Yes,Medium
STU-02199,40,Female,Sports Science,7.3,1.9,128.0,8,67,7,4,4.5,8.0,76,38,No,,6.8,8,Yes,74.8,4,2.55,Yes,Yes,No,Low
STU-02200,32,Female,Information Systems,8.1,0.8,285.0,5,105,9,3,9.8,1.3,42,75,Yes,Entertainment,6.8,4,No,67.0,0,2.48,Yes,Yes,No,Medium
STU-02202,53,Female,Education,6.2,2.4,142.0,1,62,8,3,8.9,5.9,21,38,No,Social Media/Trends,4.5,4,Yes,71.8,2,2.02,Yes,No,Yes,Low
STU-02203,34,Female,Computer Science,5.0,0.9,350.0,10,103,3,10,13.4,7.2,57,112,No,Entertainment,20.5,6,Yes,89.5,3,2.13,No,Yes,Yes,Low
STU-02204,51,Female,Law,7.2,2.4,469.0,5,99,6,4,16.0,1.7,55,150,Yes,Entertainment,2.3,6,Yes,,5,2.45,No,No,No,High
STU-02205,46,Female,Nursing,6.0,5.1,159.0,8,62,8,3,8.1,2.5,32,150,No,News,0.0,8,Yes,96.5,8,2.69,No,Yes,Yes,Low
STU-02206,55,Female,Visual Communication Design,7.7,3.7,233.0,7,98,8,3,6.3,4.6,29,0,No,News,6.8,1,No,87.3,2,2.69,Yes,No,Yes,Medium
STU-02209,37,Male,Information Systems,8.0,3.4,315.0,5,116,8,3,13.4,0.8,20,0,No,Social Media/Trends,0.0,6,No,71.4,3,2.4,No,No,Yes,Medium
STU-02211,32,Other,Sports Science,8.2,1.6,,10,88,5,4,12.5,7.6,37,112,No,Education,2.3,9,Yes,76.1,7,2.2,No,No,No,Low
STU-02212,20,Male,Computer Science,6.9,2.8,271.0,9,98,1,5,8.1,3.4,40,0,Yes,News,2.3,3,Yes,,2,2.68,No,No,No,Medium
STU-02213,29,Female,Information Systems,8.3,5.3,138.0,4,64,2,1,16.0,7.6,74,150,No,Entertainment,2.3,1,No,84.7,1,2.23,No,Yes,Yes,Medium
STU-02215,46,Other,Computer Science,5.5,2.2,137.0,9,115,10,6,9.8,0.0,51,112,No,Education,6.8,6,Yes,72.1,2,2.44,Yes,Yes,No,Low
STU-02217,42,Female,Sports Science,6.6,3.8,128.0,5,81,10,3,11.6,7.6,4,0,No,Education,4.5,6,Yes,94.8,4,2.77,Yes,Yes,No,Medium
STU-02218,51,Male,Education,8.3,1.4,17.0,10,61,6,5,6.3,7.2,72,150,Yes,Gaming,4.5,7,Yes,80.6,1,2.17,No,Yes,No,Low
STU-02219,41,Male,Fine Arts,8.5,5.7,250.0,10,71,10,4,3.6,5.5,62,75,Yes,Entertainment,6.8,6,No,82.6,3,2.18,Yes,Yes,No,Medium
STU-02221,53,Male,Sports Science,7.6,3.6,189.0,10,77,6,4,5.4,3.4,76,75,Yes,Social Media/Trends,4.5,9,Yes,69.0,2,2.27,No,No,Yes,Medium
STU-02222,27,Male,Medicine,6.8,6.5,291.0,4,103,4,2,3.6,1.7,0,38,Yes,Entertainment,4.5,4,Yes,78.2,5,2.43,No,Yes,No,High
STU-02224,49,MALE,Biology/Science,5.2,1.6,435.0,8,119,2,8,13.4,2.9,32,112,No,Entertainment,18.2,7,Yes,,1,1.97,Yes,No,Yes,Low
STU-02225,51,Other,Computer Science,4.5,1.6,317.0,4,66,8,5,1.9,,31,75,Yes,Entertainment,0.0,7,Yes,68.6,2,2.61,No,Yes,No,Low
STU-02226,62,Male,Law,4.9,5.1,311.0,8,80,2,3,16.0,2.5,44,0,No,News,0.0,9,Yes,72.7,4,1.95,No,No,No,Low
STU-02227,25,Male,Biology/Science,6.2,2.5,527.0,10,108,10,5,14.2,0.4,0,38,Yes,News,4.5,7,Yes,84.5,4,2.45,Yes,No,Yes,Medium
STU-02229,36,Other,Visual Communication Design,6.7,5.9,292.0,1,108,6,2,7.2,4.6,51,150,No,Education,4.5,6,Yes,93.5,4,2.66,No,No,No,Medium
STU-02230,62,Male,Nursing,7.9,2.0,133.0,6,113,5,4,13.4,4.6,85,0,No,Gaming,15.9,2,No,96.5,4,2.46,Yes,No,No,High
STU-02231,46,Female,Law,5.6,1.6,449.0,10,104,1,9,11.6,2.9,29,75,No,Education,11.4,5,Yes,,6,2.9,Yes,Yes,Yes,Low
STU-02233,38,Male,Biology/Science,4.3,3.3,553.0,8,101,4,10,13.4,6.7,60,150,No,Social Media/Trends,13.6,7,Yes,73.4,5,2.7,Yes,Yes,No,Low
STU-02234,50,Male,Other Program,6.9,0.9,125.0,8,92,4,5,1.9,,83,0,Yes,Gaming,9.1,1,No,80.7,0,2.74,Yes,No,No,High
STU-02235,63,Male,Electrical Engineering,7.9,3.7,384.0,5,102,7,2,9.8,1.7,53,112,Yes,Social Media/Trends,2.3,8,Yes,76.0,7,2.26,Yes,Yes,Yes,Medium
STU-02236,29,Female,Electrical Engineering,7.6,3.6,497.0,7,85,9,4,12.5,8.0,12,38,Yes,News,6.8,3,No,90.4,5,2.91,No,No,No,Medium
STU-02237,44,Male,Other Program,6.0,4.7,40.0,4,73,1,4,3.6,0.4,23,75,Yes,Entertainment,2.3,8,Yes,90.3,4,2.51,Yes,Yes,No,Medium
STU-02238,44,Other,Law,7.7,2.4,427.0,1,86,10,1,32.099999999999994,0.4,30,0,No,News,9.1,6,Yes,82.6,1,2.36,No,No,No,Low
STU-02239,27,Female,Education,6.2,3.6,65.0,1,107,6,1,10.7,6.3,50,150,Yes,Gaming,15.9,5,Yes,70.5,0,2.27,Yes,No,No,Low
STU-02240,60,Male,Law,5.6,4.9,333.0,4,99,1,2,9.8,2.9,30,38,Yes,Gaming,0.0,4,No,85.2,5,2.59,No,Yes,Yes,High
STU-02241,50,Other,Computer Science,6.4,1.3,391.0,5,89,3,4,1.0,5.5,30,0,No,News,2.3,7,Yes,76.1,3,2.15,Yes,Yes,Yes,Low
STU-02242,54 yrs,Other,Information Systems,4.6,3.8,275.0,9,119,1,6,13.4,2.1,11,38,,Gaming,0.0,2,No,,4,2.67,No,No,No,High
STU-02243,44,Male,Information Systems,7.5,2.6,,2,64,1,3,11.6,3.4,16,0,No,Entertainment,0.0,5,No,78.4,5,2.46,No,No,Yes,Low
STU-02244,26,Female,Medicine,7.1,1.0,295.0,4,83,9,3,15.1,0.0,46,75,Yes,Gaming,0.0,1,No,93.8,0,2.23,No,Yes,Yes,High
STU-02245,37,female,Sports Science,7.2,1.7,112.0,1,110,9,3,12.5,0.8,32,112,No,Gaming,11.4,4,Yes,100.0,4,2.94,Yes,Yes,Yes,Medium
STU-02246,51,Female,Other Program,7.4,1.4,2.0,9,112,4,5,2.8,4.2,66,150,Yes,Social Media/Trends,6.8,6,No,69.3,4,2.49,No,Yes,No,Low
STU-02247,30,Male,Other Program,6.1,3.1,236.0,8,60,4,5,4.5,,101,38,Yes,News,2.3,4,No,58.3,0,2.67,No,No,Yes,Low
STU-02248,28,MALE,Information Systems,7.1,2.7,252.0,2,110,1,3,12.5,2.1,3,75,Yes,Gaming,0.0,6,Yes,67.7,3,1.99,No,Yes,No,High
STU-02249,36,Male,Visual Communication Design,4.0,0.1,542.0,8,90,3,10,9.8,8.0,84,150,No,News,18.2,6,Yes,91.6,4,3.18,Yes,Yes,No,Low
STU-02250,34,Male,Medicine,5.8,3.0,377.0,1,97,9,3,11.6,5.1,31,75,Yes,Gaming,0.0,6,No,88.7,3,2.47,No,Yes,Yes,High
STU-02251,28,Other,Law,6.5,2.0,435.0,9,62,3,5,10.7,3.8,31,112,No,Social Media/Trends,2.3,5,Yes,66.3,6,2.04,No,No,Yes,Low
STU-02252,20,Other,Other Program,6.9,0.2,140.0,2,112,4,3,4.5,5.9,0,112,No,Entertainment,4.5,8,Yes,,9,2.22,Yes,Yes,No,Low
STU-02253,28,Male,Other Program,7.4,4.6,270.0,3,108,7,3,11.6,5.1,0,75,Yes,Education,2.3,8,Yes,77.6,5,1.64,No,Yes,No,Medium
STU-02254,18,Other,Culinary Arts,5.8,3.9,160.0,4,100,6,2,5.4,5.1,66,0,No,Education,0.0,6,Yes,78.6,4,2.39,No,Yes,No,Low
STU-02255,47,Other,Fine Arts,5.1,7.5,205.0,6,68,2,3,9.8,1.3,56,0,Yes,Gaming,6.8,4,No,80.6,7,2.74,No,Yes,Yes,Medium
STU-02257,36,Female,Culinary Arts,7.1,5.3,129.0,2,92,10,3,13.4,5.5,44,150,Yes,Education,2.3,9,Yes,83.5,5,2.14,No,Yes,No,Low
STU-02258,49,Female,Information Systems,6.2,3.7,118.0,2,90,6,1,3.6,0.0,55,38,Yes,Gaming,0.0,5,No,70.8,4,1.96,No,No,No,Low
STU-02259,48,Other,Law,6.2,6.7,565.0,2,114,3,2,9.8,2.1,45,150,No,Education,2.3,5,No,75.6,6,1.93,No,Yes,Yes,Low
STU-02260,58,female,Computer Science,4.6,3.7,,10,74,1,8,4.5,7.2,86,0,No,Gaming,9.1,2,No,88.1,2,2.74,Yes,No,Yes,Low
STU-02261,35,Other,Biology/Science,7.5,1.5,527.0,9,70,9,3,10.7,4.2,24,112,Yes,Gaming,0.0,8,Yes,88.1,3,1.85,No,No,No,Low
STU-02263,60,Male,Other Program,8.0,3.4,191.0,5,79,4,3,9.8,6.7,48,150,No,News,2.3,1,No,92.6,1,2.48,No,Yes,Yes,High
STU-02265,53,Other,Sports Science,6.3,3.1,,7,93,6,1,8.1,,73,0,No,News,6.8,8,Yes,70.7,3,2.21,Yes,No,No,Low
STU-02266,42,Other,Education,4.3,0.4,309.0,8,105,2,9,9.8,3.8,55,75,No,Gaming,20.5,7,Yes,91.3,5,2.75,Yes,No,Yes,Low
STU-02267,32,Female,Visual Communication Design,7.4,3.2,113.0,4,105,8,3,8.9,6.3,18,0,No,News,6.8,6,No,82.7,4,2.16,Yes,Yes,No,Low
STU-02268,49,Female,Nursing,6.5,2.5,156.0,1,82,3,1,9.8,1.7,0,75,Yes,News,0.0,5,No,98.0,6,2.19,No,Yes,Yes,Medium
STU-02269,64,Female,Biology/Science,6.5,3.9,557.0,2,70,5,3,13.4,1.7,17,38,Yes,Gaming,6.8,5,No,79.3,2,2.63,Yes,No,No,Medium
STU-02270,29,Female,Sports Science,7.3,2.3,244.0,7,112,6,2,2.8,4.2,2,150,Yes,Education,9.1,2,No,69.6,6,2.83,Yes,Yes,No,Medium
STU-02271,47,MALE,Culinary Arts,7.1,2.3,221.0,3,63,6,2,14.2,2.5,47,150,No,News,2.3,7,Yes,72.6,4,2.28,No,Yes,Yes,Low
STU-02272,40,Other,Nursing,3.8,0.0,560.0,9,115,3,10,8.1,3.8,77,150,No,Gaming,15.9,5,Yes,98.3,3,2.96,Yes,No,No,Low
STU-02273,39,Female,Medicine,4.1,0.6,412.0,10,99,2,10,12.5,3.8,47,112,No,Education,13.6,6,Yes,79.8,4,2.53,Yes,Yes,Yes,Low
STU-02274,41,Other,Computer Science,6.1,2.3,361.0,10,61,4,7,15.1,2.1,22,38,No,Entertainment,6.8,3,No,81.9,2,2.78,Yes,No,Yes,High
STU-02275,54,Other,Other Program,6.7,4.8,121.0,9,70,8,3,4.5,7.6,62,0,No,News,4.5,8,No,86.0,5,2.78,No,Yes,Yes,Low
STU-02277,57,Other,Culinary Arts,5.9,1.1,194.0,5,113,10,3,15.1,3.8,52,150,Yes,Education,9.1,8,Yes,85.0,0,2.43,Yes,Yes,Yes,Medium
STU-02278,22,Female,Information Systems,5.3,1.6,311.0,9,115,4,8,8.1,8.0,10,75,No,Education,15.9,8,Yes,93.9,2,2.77,Yes,Yes,Yes,Low
STU-02279,33,Male,Electrical Engineering,6.0,0.2,577.0,5,103,1,4,1.9,,0,38,Yes,Gaming,2.3,7,Yes,91.2,5,2.5,No,No,No,Medium
STU-02280,52,Male,Biology/Science,7.7,1.7,,9,92,10,1,10.7,6.7,28,150,Yes,Gaming,0.0,4,Yes,89.1,0,2.35,No,No,No,Medium
STU-02281,33,Male,Sports Science,3.9,0.0,494.0,10,101,2,9,16.0,2.9,34,150,No,News,9.1,8,No,86.9,4,2.26,Yes,Yes,Yes,Low
STU-02282,20,Male,Sports Science,7.9,2.8,280.0,5,83,7,4,16.0,5.1,9,38,No,News,4.5,10,Yes,68.0,7,1.71,No,No,Yes,Low
STU-02284,47,male,Medicine,4.1,1.6,403.0,9,112,3,9,8.1,3.4,29,150,No,News,18.2,7,Yes,,4,2.93,Yes,No,Yes,Low
STU-02285,45,Male,Nursing,5.5,3.2,334.0,2,91,8,4,9.8,0.0,50,150,No,Entertainment,13.6,3,No,92.0,4,2.89,Yes,Yes,No,Medium
STU-02287,53,Female,Sports Science,8.1,6.2,,5,106,5,3,14.2,5.9,29,0,Yes,Gaming,2.3,5,No,75.0,2,2.37,Yes,Yes,No,Medium
STU-02288,56,Male,Education,7.4,1.1,109.0,7,114,2,4,8.1,5.1,35,150,Yes,,0.0,8,Yes,62.7,6,2.02,No,Yes,No,Low
STU-02289,33,FEMALE,Other Program,6.4,5.5,120.0,1,115,10,1,1.9,0.0,22,112,No,News,2.3,7,No,,4,2.1,No,Yes,Yes,High
STU-02290,31,Other,Law,3.7,0.7,360.0,10,106,3,10,8.9,8.0,29,75,No,Education,9.1,8,Yes,85.2,4,2.63,Yes,No,No,Low
STU-02291,21,Female,Culinary Arts,8.5,3.5,325.0,9,60,2,2,11.6,6.7,3,0,Yes,Social Media/Trends,4.5,5,Yes,,7,2.98,No,Yes,Yes,Medium
STU-02293,53,Male,Electrical Engineering,8.0,4.4,574.0,10,84,3,5,1.9,2.1,9,0,No,Social Media/Trends,4.5,10,Yes,59.1,5,1.96,Yes,Yes,No,Low
STU-02294,36,Male,Other Program,7.9,0.8,228.0,7,67,5,3,9.8,4.2,11,112,Yes,News,6.8,1,No,75.5,6,2.27,Yes,No,No,High
STU-02295,48,Female,Culinary Arts,7.5,1.9,164.0,1,90,8,1,14.2,8.0,67,0,Yes,Entertainment,4.5,4,Yes,83.3,0,2.44,Yes,No,No,Low
STU-02296,64,Other,Electrical Engineering,7.1,6.0,490.0,7,99,8,4,7.2,2.9,48,112,No,Gaming,4.5,10,Yes,70.6,0,1.96,Yes,No,No,Low
STU-02298,36,Other,Medicine,8.1,0.7,548.0,1,66,10,2,15.1,2.9,74,0,Yes,Education,6.8,3,Yes,98.5,2,2.41,Yes,No,No,High
STU-02299,26,Other,Nursing,5.2,1.8,431.0,10,101,4,10,9.8,5.9,42,112,Yes,Education,9.1,3,Yes,69.1,1,2.71,Yes,Yes,No,Low
STU-02301,58,Male,Nursing,5.6,2.7,325.0,3,119,1,1,5.4,4.6,50,75,Yes,Gaming,0.0,6,Yes,61.2,5,2.45,No,Yes,Yes,Medium
STU-02302,21,Other,Sports Science,7.4,2.5,142.0,6,118,1,3,6.3,7.2,47,75,No,News,11.4,4,No,87.1,4,2.69,Yes,No,Yes,Medium
STU-02304,28,Female,Electrical Engineering,4.2,0.0,422.0,8,118,3,10,13.4,8.0,24,150,Yes,Education,20.5,6,Yes,62.7,4,2.79,Yes,Yes,Yes,Low
STU-02305,50,Female,Culinary Arts,5.3,1.6,258.0,1,92,9,2,7.2,6.7,51,150,No,Education,4.5,7,Yes,76.8,5,2.11,No,Yes,No,Low
STU-02306,47,Male,Law,7.5,0.2,397.0,1,92,1,2,12.5,1.7,34,0,No,Education,2.3,5,Yes,67.4,1,2.14,No,No,Yes,Low
STU-02307,44,Other,Culinary Arts,7.7,1.2,248.0,8,92,8,2,10.7,3.4,15,0,Yes,News,4.5,6,No,90.2,7,2.28,No,No,No,High
STU-02308,32,Other,Culinary Arts,4.4,3.0,475.0,9,117,2,8,12.5,6.3,41,75,No,Gaming,18.2,6,Yes,84.1,5,2.51,Yes,Yes,Yes,Low
STU-02309,20,Male,Culinary Arts,5.2,0.1,371.0,8,112,2,8,13.4,2.1,52,150,No,Education,11.4,2,No,86.0,4,2.63,Yes,Yes,No,Low
STU-02310,26,Male,Visual Communication Design,7.3,3.5,113.0,5,63,2,3,10.7,4.6,45,38,No,Education,2.3,4,Yes,68.4,3,2.08,Yes,No,No,Low
STU-02311,46,Male,Culinary Arts,6.5,5.2,201.0,9,108,8,6,9.8,7.6,38,0,No,Education,4.5,5,Yes,100.0,4,2.63,No,No,Yes,Low
STU-02312,42,Female,Electrical Engineering,4.3,1.6,534.0,8,105,4,10,9.8,3.8,41,150,Yes,News,9.1,4,No,,5,3.26,No,No,Yes,Medium
STU-02315,58,Male,Biology/Science,6.8,2.5,491.0,2,68,10,2,3.6,1.3,52,150,No,Entertainment,0.0,10,No,90.5,7,2.16,No,No,No,Low
STU-02316,36,Other,Electrical Engineering,7.8,2.0,368.0,7,114,4,4,12.5,2.5,71,0,Yes,Education,0.0,2,No,76.9,3,2.43,No,No,No,High
STU-02317,29,Other,Information Systems,5.4,0.6,540.0,9,101,1,9,15.1,4.2,42,75,No,Gaming,9.1,9,Yes,69.3,6,2.05,No,Yes,Yes,Low
STU-02318,41,Male,Fine Arts,6.2,5.1,192.0,4,73,7,3,8.9,2.9,54,150,Yes,Entertainment,11.4,9,Yes,71.1,5,2.57,Yes,No,No,Low
STU-02319,27,Male,Computer Science,9.9,1.7,328.0,6,75,8,4,13.4,2.5,24,150,No,Gaming,6.8,1,No,82.1,4,2.51,Yes,No,No,High
STU-02320,52,Male,Visual Communication Design,8.0,1.3,153.0,7,101,2,4,5.4,0.0,40,0,No,News,11.4,1,No,67.7,6,3.02,Yes,Yes,Yes,Medium
STU-02321,34,Other,Nursing,8.3,2.9,242.0,10,114,1,5,5.4,0.0,13,0,Yes,Education,9.1,4,Yes,72.6,3,2.63,Yes,Yes,No,High
STU-02323,60,Female,Law,6.9,0.4,341.0,10,75,9,4,8.9,8.0,29,75,No,Social Media/Trends,4.5,1,No,75.8,3,3.36,Yes,No,No,Medium
STU-02324,27,MALE,Law,7.0,5.2,324.0,2,104,5,2,14.2,2.5,18,0,Yes,News,0.0,1,Yes,68.3,4,2.1,Yes,No,Yes,Medium
STU-02325,51,Male,Computer Science,4.0,2.7,265.0,10,62,3,5,4.5,3.4,98,0,Yes,Education,0.0,7,No,78.5,6,2.32,No,No,No,Low
STU-02326,30,male,Electrical Engineering,4.1,0.6,388.0,9,90,1,10,13.4,2.5,19,150,No,Social Media/Trends,11.4,10,Yes,91.0,9,2.48,No,Yes,Yes,Low
STU-02327,47,Female,Education,7.3,4.7,291.0,10,112,7,6,10.7,4.6,40,75,Yes,News,2.3,7,Yes,86.3,5,2.38,Yes,No,Yes,Medium
STU-02329,30,Male,Culinary Arts,7.5,4.5,155.0,3,69,5,3,11.6,6.3,85,150,No,Social Media/Trends,4.5,5,No,81.1,1,2.29,No,Yes,No,Low
STU-02330,47,Female,Law,7.4,2.7,257.0,2,103,1,1,12.5,2.9,25,0,No,Social Media/Trends,6.8,5,No,71.9,2,1.8,Yes,No,Yes,Medium
STU-02332,32,Other,Visual Communication Design,3.5,0.6,466.0,9,97,2,8,13.4,2.5,3,112,No,Social Media/Trends,20.5,6,Yes,77.6,6,2.7,Yes,No,Yes,Low
STU-02333,49,Female,Other Program,6.9,2.8,,2,73,8,2,7.2,4.6,30,112,Yes,Social Media/Trends,2.3,5,No,87.1,3,2.44,Yes,No,Yes,High
STU-02334,43,Other,Education,7.5,3.0,135.0,5,80,3,4,3.6,4.2,48,112,No,Entertainment,2.3,4,Yes,73.4,4,1.98,No,No,Yes,Low
STU-02336,23,Male,Visual Communication Design,9.0,3.2,63.0,4,118,1,3,12.5,0.0,54,38,Yes,Social Media/Trends,11.4,9,Yes,76.6,5,2.48,Yes,Yes,No,Medium
STU-02337,20,Male,Biology/Science,7.4,2.8,549.0,1,112,4,2,16.0,2.5,51,112,Yes,Entertainment,6.8,7,No,70.0,1,1.88,No,No,Yes,Medium
STU-02338,34,Female,Nursing,6.8,1.7,268.0,7,86,5,5,9.8,,44,150,No,,2.3,8,No,71.4,8,2.25,No,No,No,Low
STU-02339,43,Male,Visual Communication Design,6.0,7.0,238.0,10,100,9,5,15.1,1.3,46,0,No,News,2.3,6,No,76.2,4,2.04,Yes,No,Yes,Low
STU-02340,47,Female,Biology/Science,6.0,5.6,562.0,1,101,5,3,10.7,7.2,14,75,No,Education,6.8,9,Yes,76.9,2,2.55,Yes,No,Yes,Low
STU-02341,43,Other,Biology/Science,5.6,0.6,368.0,10,107,1,9,9.8,2.1,22,75,Yes,News,9.1,6,Yes,86.4,3,2.37,Yes,No,Yes,High
STU-02342,33,Female,Information Systems,6.6,4.5,354.0,5,116,5,3,15.1,3.4,46,150,No,Education,9.1,4,No,79.1,3,2.61,Yes,No,Yes,Low
STU-02343,32,female,Fine Arts,7.0,4.3,51.0,1,108,2,2,13.4,0.4,4,-5,Yes,Social Media/Trends,9.1,5,Yes,,3,2.13,Yes,No,Yes,High
STU-02344,54,Other,Computer Science,5.9,3.4,381.0,10,72,3,5,7.2,1.3,25,150,No,Entertainment,4.5,8,Yes,67.3,3,2.18,No,No,No,Low
STU-02347,63,Female,Medicine,7.0,4.3,492.0,2,111,2,3,15.1,4.2,34,38,No,Education,6.8,5,Yes,70.4,0,2.47,Yes,Yes,No,Medium
STU-02348,44,MALE,Computer Science,7.6,6.4,378.0,9,69,9,4,10.7,0.8,76,75,No,Social Media/Trends,2.3,7,Yes,86.1,4,2.56,Yes,No,No,Low
STU-02349,48,Other,Nursing,5.3,2.2,209.0,7,82,8,4,12.5,5.5,82,0,No,Gaming,0.0,2,No,88.7,0,2.19,No,Yes,No,Low
STU-02350,58,Male,Education,7.5,2.0,281.0,2,97,4,1,4.5,8.0,64,38,No,News,4.5,6,No,100.0,5,2.31,Yes,Yes,No,Low
STU-02352,40,MALE,Information Systems,7.5,4.6,386.0,8,63,8,5,6.3,0.4,0,75,No,Entertainment,2.3,7,Yes,85.8,4,2.5,No,Yes,No,High
STU-02353,31,Other,Education,5.1,1.7,126.0,8,81,3,4,9.8,5.1,48,38,Yes,Gaming,0.0,6,Yes,100.0,6,2.96,No,No,Yes,Low
STU-02354,30,Female,Computer Science,7.5,5.5,181.0,2,104,2,1,8.9,8.0,17,0,Yes,Entertainment,0.0,10,Yes,91.2,6,2.15,No,No,No,Medium
STU-02355,51,Other,Information Systems,7.0,4.3,212.0,9,93,8,4,8.1,2.9,42,75,No,Social Media/Trends,4.5,6,Yes,66.4,5,1.78,No,No,Yes,Low
STU-02356,24,Male,Information Systems,8.3,4.9,271.0,3,64,4,1,7.2,6.3,20,150,Yes,Social Media/Trends,0.0,9,Yes,85.3,3,1.86,No,No,No,High
STU-02357,37,Male,Culinary Arts,7.0,2.1,141.0,5,103,6,3,1.9,7.2,14,75,No,News,0.0,2,No,82.0,3,2.68,No,Yes,Yes,Medium
STU-02358,24,Other,Law,6.4,3.8,418.0,6,64,9,5,1.0,0.0,102,150,No,Education,0.0,2,No,82.9,4,2.82,Yes,No,No,Low
STU-02359,36,Female,Education,5.4,0.1,423.0,8,107,1,9,10.7,7.6,41,75,No,Education,13.6,5,Yes,,2,2.99,Yes,Yes,No,Low
STU-02360,44,Male,Law,7.1,5.5,501.0,9,61,5,5,2.8,4.6,40,75,Yes,News,6.8,7,Yes,77.8,4,2.53,Yes,No,No,Low
STU-02361,55,Male,Nursing,5.6,0.4,352.0,5,106,1,2,8.1,0.8,67,38,Yes,,0.0,3,No,76.9,0,2.74,No,Yes,Yes,High
STU-02363,28 yrs,Female,Education,7.5,2.1,151.0,1,82,2,1,8.9,0.4,42,0,,Gaming,2.3,8,No,65.7,6,2.56,No,No,No,Low
STU-02364,47,Other,Computer Science,6.1,1.5,229.0,7,114,4,3,3.6,8.0,92,112,Yes,Entertainment,4.5,5,Yes,78.6,7,2.55,No,Yes,No,Low
STU-02365,33,Other,Other Program,3.2,0.6,303.0,9,116,4,10,9.8,2.1,49,112,Yes,Gaming,13.6,2,No,98.8,2,2.31,Yes,Yes,Yes,Medium
STU-02366,22,Female,Other Program,8.4,5.1,,10,82,4,3,4.5,4.6,85,75,No,Education,6.8,4,No,66.4,4,2.25,Yes,Yes,Yes,Low
STU-02367,59,Other,Other Program,6.2,3.7,155.0,1,115,5,1,3.6,,18,38,Yes,Gaming,6.8,5,No,83.1,4,2.62,Yes,Yes,Yes,High
STU-02368,33,Female,Biology/Science,7.7,1.9,348.0,1,106,6,1,15.1,8.0,28,38,Yes,Education,0.0,9,Yes,85.9,3,1.79,No,No,No,Low
STU-02369,54,Other,Nursing,5.6,1.2,198.0,7,73,10,5,1.0,2.1,2,0,No,Education,9.1,7,Yes,93.7,3,2.59,Yes,Yes,Yes,Low
STU-02370,60,Other,Computer Science,6.0,5.7,259.0,1,87,5,3,1.9,1.7,64,112,No,Gaming,0.0,7,No,67.2,8,2.38,No,Yes,Yes,Low
STU-02371,53,Other,Other Program,5.2,6.6,76.0,3,107,10,3,15.1,3.8,22,75,Yes,Social Media/Trends,2.3,5,No,67.0,3,2.01,Yes,No,Yes,Medium
STU-02372,50,Other,Nursing,6.3,0.7,245.0,5,107,1,4,4.5,5.9,38,0,Yes,Social Media/Trends,2.3,7,Yes,76.9,4,1.81,No,No,Yes,Low
STU-02373,39,Male,Education,7.0,4.8,123.0,2,90,1,3,11.6,5.9,45,38,Yes,Entertainment,0.0,5,Yes,83.8,6,2.6,No,Yes,No,Low
STU-02374,34,Female,Visual Communication Design,6.5,5.7,,7,112,2,4,6.3,0.0,70,0,No,News,0.0,4,Yes,77.9,1,1.91,No,Yes,Yes,Low
STU-02375,28,Other,Education,6.0,2.8,130.0,2,94,7,2,8.1,5.5,42,112,Yes,Education,6.8,9,Yes,67.9,9,1.99,No,Yes,Yes,Low
STU-02376,25,Other,Medicine,7.2,3.9,580.0,9,79,10,6,2.8,,10,38,Yes,Entertainment,2.3,5,No,85.4,2,2.39,No,No,No,High
STU-02377,61,Female,Law,7.3,4.4,501.0,9,77,6,4,1.9,3.8,16,112,No,,4.5,5,Yes,88.6,1,2.72,No,No,Yes,Low
STU-02378,47,Other,Law,6.2,2.8,,7,66,7,5,12.5,0.4,75,112,Yes,Gaming,4.5,7,No,75.9,5,1.8,No,No,No,Low
STU-02379,36,Other,Computer Science,6.4,2.9,,6,115,2,4,12.5,0.0,52,150,No,,0.0,7,No,68.6,4,1.88,No,Yes,No,Low
STU-02381,41,Female,Electrical Engineering,7.1,8.4,456.0,3,81,1,4,13.4,1.7,53,112,No,Education,6.8,6,No,64.7,3,2.34,Yes,No,No,Low
STU-02382,39,Male,Computer Science,7.7,3.2,236.0,8,76,1,1,16.0,6.3,61,150,Yes,Social Media/Trends,2.3,1,No,,1,2.37,No,No,Yes,Medium
STU-02383,33,Female,Fine Arts,7.5,3.1,193.0,5,112,3,2,9.8,2.9,37,75,Yes,Social Media/Trends,9.1,5,No,69.7,4,2.15,Yes,No,No,Medium
STU-02384,54,Other,Education,5.8,3.1,12.0,9,92,3,4,5.4,0.0,7,150,Yes,Gaming,2.3,2,No,100.0,1,2.71,No,No,Yes,High
STU-02385,59,Female,Medicine,6.4,4.5,442.0,9,92,10,6,5.4,0.8,54,112,Yes,News,6.8,1,No,68.1,0,2.6,No,Yes,No,Medium
STU-02386,46,Other,Other Program,5.7,1.7,158.0,5,79,2,3,1.0,5.9,29,112,Yes,Gaming,4.5,5,Yes,87.1,2,3.1,No,Yes,Yes,Medium
STU-02387,63,Male,Fine Arts,6.8,5.1,233.0,8,71,10,6,15.1,,69,150,Yes,Gaming,4.5,3,No,75.6,2,2.52,Yes,No,Yes,High
STU-02388,49,Other,Computer Science,5.7,0.4,273.0,7,74,10,3,6.3,5.5,41,75,Yes,News,4.5,9,Yes,77.6,4,2.28,No,Yes,No,Low
STU-02389,29,Male,Nursing,5.9,3.8,147.0,4,92,3,4,8.9,1.7,34,150,No,Gaming,2.3,8,Yes,87.8,1,2.23,Yes,No,Yes,Low
STU-02390,18,Female,Visual Communication Design,6.1,3.9,77.0,10,60,2,6,5.4,5.1,21,75,No,News,2.3,9,Yes,75.3,2,2.4,No,Yes,Yes,Low
STU-02391,48,Other,Medicine,5.7,3.9,537.0,1,86,3,2,8.9,5.9,8,0,Yes,Gaming,0.0,9,Yes,77.7,2,1.82,No,No,No,Medium
STU-02392,26,Male,Visual Communication Design,6.7,2.9,79.0,4,67,6,1,5.4,7.6,56,38,No,Education,2.3,6,Yes,86.0,4,2.83,Yes,No,No,Low
STU-02393,34,Male,Education,8.0,3.8,26.0,6,67,8,2,4.5,8.0,16,75,Yes,News,2.3,7,Yes,79.8,6,2.2,No,Yes,No,Low
STU-02394,21,Female,Nursing,5.8,1.2,377.0,5,60,1,5,1.0,1.7,0,38,No,News,,5,No,90.1,4,2.59,No,No,Yes,Medium
STU-02395,42,female,Fine Arts,3.9,0.6,312.0,8,111,3,8,15.1,5.1,37,75,No,Gaming,9.1,5,No,75.1,3,2.22,Yes,No,Yes,Low
STU-02396,43,Male,Computer Science,8.1,3.3,222.0,2,117,9,2,13.4,6.7,26,75,Yes,Education,4.5,7,No,85.7,3,1.94,Yes,Yes,Yes,Medium
STU-02397,49,Female,Other Program,6.6,3.8,289.0,1,85,9,2,2.8,7.2,16,0,No,News,0.0,10,Yes,97.2,1,1.77,No,Yes,Yes,Low
STU-02398,62,Male,Other Program,7.6,2.2,101.0,10,84,6,7,3.6,1.3,23,75,Yes,Entertainment,6.8,2,No,,3,2.82,Yes,No,No,High
STU-02399,30,Other,Nursing,6.4,2.7,343.0,4,81,8,3,3.6,2.1,33,150,No,Education,0.0,7,Yes,71.1,7,1.88,No,Yes,No,Low
STU-02400,37,Other,Other Program,5.0,0.2,223.0,3,67,9,2,2.8,5.1,0,38,No,Gaming,2.3,6,Yes,61.7,4,2.07,Yes,No,No,Low
STU-02401,36,Female,Nursing,7.6,5.7,281.0,9,67,5,3,7.2,4.2,11,38,Yes,Entertainment,0.0,1,No,82.0,0,3.34,No,Yes,Yes,High
STU-02402,34,Other,Electrical Engineering,3.8,0.3,491.0,8,102,4,9,13.4,6.7,76,150,No,Social Media/Trends,18.2,7,Yes,81.9,2,2.62,Yes,Yes,No,Low
STU-02403,49,Other,Information Systems,3.4,0.5,598.0,10,102,3,8,8.9,5.5,26,112,No,Social Media/Trends,15.9,8,Yes,,2,2.23,Yes,Yes,Yes,Low
STU-02404,52,Other,Visual Communication Design,6.4,2.9,143.0,4,67,7,1,13.4,1.7,28,75,Yes,News,6.8,10,Yes,70.7,4,2.0,No,No,Yes,Low
STU-02405,28,Other,Information Systems,7.4,1.6,351.0,6,68,9,5,2.8,0.4,67,0,No,Social Media/Trends,2.3,10,No,69.4,5,1.77,No,Yes,Yes,Low
STU-02406,41,Male,Sports Science,5.0,0.3,415.0,9,94,1,10,14.2,3.8,48,150,No,Gaming,18.2,2,Yes,81.2,2,2.58,Yes,No,Yes,Medium
STU-02409,50,Male,Education,3.5,4.7,271.0,6,109,6,3,15.1,0.0,47,112,Yes,Entertainment,6.8,7,Yes,83.8,4,2.04,Yes,Yes,Yes,Low
STU-02410,57,Male,Electrical Engineering,7.2,7.5,,2,70,7,3,10.7,7.6,1,150,Yes,,4.5,8,No,89.2,5,2.6,No,No,No,Medium
STU-02412,18,Female,Computer Science,8.0,4.9,255.0,5,115,3,2,10.7,1.7,0,38,Yes,Entertainment,0.0,8,Yes,68.0,2,2.19,Yes,No,No,High
STU-02413,33,Female,Other Program,7.6,0.2,,8,62,9,5,10.7,1.7,41,38,Yes,Social Media/Trends,,7,No,81.6,5,1.82,No,No,Yes,Low
STU-02414,56,Other,Law,6.8,0.9,590.0,1,115,5,3,1.9,2.5,0,112,No,Education,9.1,5,Yes,77.4,8,2.63,Yes,No,Yes,High
STU-02415,21,Other,Information Systems,7.0,6.4,259.0,10,95,2,5,9.8,6.7,15,75,Yes,Education,0.0,4,No,93.6,1,2.32,No,Yes,Yes,High
STU-02416,53,Female,Electrical Engineering,6.5,3.0,392.0,1,64,5,2,9.8,2.1,44,0,No,News,6.8,8,Yes,78.1,2,2.33,Yes,Yes,No,Low
STU-02417,45,Other,Law,5.6,5.6,563.0,1,102,8,2,4.5,3.4,14,75,No,News,2.3,8,Yes,83.6,4,2.71,No,Yes,Yes,Medium
STU-02418,62,Other,Culinary Arts,4.2,0.6,376.0,2,114,6,4,6.3,3.8,90,0,No,,6.8,5,Yes,74.9,4,2.71,Yes,No,No,Low
STU-02419,47,Other,Education,6.5,6.0,78.0,4,66,6,3,11.6,4.6,11,150,No,News,13.6,9,Yes,89.8,4,2.62,Yes,No,No,Low
STU-02420,56,Other,Education,6.4,0.8,208.0,7,94,6,5,1.9,8.0,66,112,Yes,Entertainment,4.5,5,No,82.4,3,2.98,No,No,No,Medium
STU-02421,28,Other,Computer Science,5.8,1.7,320.0,10,86,4,5,9.8,1.7,47,112,No,Social Media/Trends,4.5,6,Yes,86.5,4,1.66,No,Yes,No,Low
STU-02422,43,Female,Sports Science,4.0,0.4,583.0,9,100,4,10,15.1,7.2,7,112,No,Entertainment,20.5,10,Yes,67.3,6,2.01,No,Yes,Yes,Low
STU-02423,51,male,Computer Science,8.1,2.5,103.0,5,71,7,2,12.5,3.8,48,75,Yes,News,6.8,10,Yes,78.6,5,2.49,Yes,No,Yes,Low
STU-02424,51,Male,Medicine,5.9,2.9,383.0,10,92,2,4,14.2,6.3,78,150,No,Gaming,0.0,3,No,98.3,4,2.75,No,No,Yes,Low
STU-02427,56,Female,Sports Science,7.1,2.3,117.0,3,114,7,2,1.0,3.8,34,75,No,News,0.0,9,Yes,71.3,5,2.3,No,No,Yes,Low
STU-02429,45,Female,Education,6.0,1.6,74.0,3,67,6,3,6.3,5.9,33,0,No,Entertainment,0.0,9,Yes,88.8,2,2.3,No,No,Yes,Low
STU-02430,59,Female,Information Systems,5.6,3.5,128.0,1,71,9,3,16.0,8.0,41,112,Yes,Social Media/Trends,4.5,8,No,69.8,7,1.89,No,Yes,No,Low
STU-02431,45,Other,Visual Communication Design,6.2,5.0,152.0,5,114,2,4,11.6,4.6,32,150,No,News,13.6,10,Yes,75.8,5,3.06,Yes,No,Yes,Low
STU-02432,23,Male,Sports Science,7.4,1.1,59.0,1,75,3,3,10.7,4.6,58,112,Yes,Education,0.0,5,No,76.5,3,1.71,No,Yes,Yes,Low
STU-02434,24,Female,Culinary Arts,7.4,0.1,348.0,1,111,2,1,13.4,6.7,32,112,Yes,Gaming,2.3,4,Yes,62.7,4,1.83,No,No,No,Medium
STU-02435,38,Female,Law,5.4,4.5,351.0,9,105,10,6,10.7,4.2,24,112,Yes,Social Media/Trends,4.5,10,Yes,61.9,6,1.99,Yes,No,Yes,Low
STU-02436,41,Other,Medicine,7.2,5.3,348.0,8,78,2,5,10.7,5.1,67,112,Yes,Gaming,4.5,7,Yes,100.0,6,2.53,No,Yes,No,Low
STU-02439,62,Female,Biology/Science,7.1,2.8,373.0,4,84,1,2,16.0,8.0,38,112,Yes,Social Media/Trends,0.0,10,Yes,74.2,6,1.5,No,No,No,Low
STU-02440,52,Other,Law,6.2,2.5,594.0,8,113,6,7,2.8,2.1,14,150,Yes,,4.5,4,No,84.6,5,3.01,No,Yes,No,Medium
STU-02441,59,Female,Visual Communication Design,7.2,1.0,282.0,1,105,10,1,2.8,0.8,59,112,Yes,News,0.0,4,Yes,84.2,5,2.24,Yes,No,Yes,High
STU-02442,56,Female,Visual Communication Design,6.0,5.5,100.0,7,91,7,2,8.1,1.3,46,38,Yes,Entertainment,0.0,6,No,72.8,5,1.94,No,Yes,No,Low
STU-02444,30,Male,Visual Communication Design,6.7,4.8,271.0,5,111,7,3,7.2,,12,0,No,Gaming,0.0,8,Yes,62.7,4,2.15,No,Yes,No,Medium
STU-02445,34,Male,Computer Science,5.7,4.2,206.0,7,94,2,6,2.8,2.9,50,150,Yes,Gaming,9.1,7,No,72.8,4,2.32,Yes,No,No,Medium
STU-02446,44,Other,Electrical Engineering,4.2,2.2,489.0,9,101,1,8,11.6,2.9,43,75,No,News,15.9,10,Yes,85.3,3,2.4,Yes,Yes,No,Low
STU-02447,35,Male,Culinary Arts,7.4,5.4,176.0,10,91,10,5,6.3,5.9,38,150,Yes,Social Media/Trends,4.5,4,No,,5,2.59,No,No,Yes,Medium
STU-02448,31,Male,Biology/Science,6.6,3.4,253.0,5,105,7,4,13.4,4.2,50,112,Yes,News,2.3,10,Yes,46.6,4,1.56,No,No,Yes,Low
STU-02449,41,Female,Computer Science,7.3,3.3,327.0,3,83,2,2,14.2,5.1,54,38,Yes,Social Media/Trends,2.3,4,No,86.5,6,2.59,No,No,Yes,High
STU-02450,39,Male,Culinary Arts,6.1,3.4,367.0,10,83,8,6,12.5,7.6,35,38,No,Social Media/Trends,0.0,5,No,79.1,8,2.25,No,Yes,Yes,Low
STU-02452,20,Male,Biology/Science,7.4,0.9,405.0,7,62,10,6,1.9,2.5,65,38,Yes,Gaming,11.4,5,Yes,85.2,1,2.32,Yes,No,No,High
STU-02453,50,MALE,Law,6.8,3.0,303.0,1,62,3,2,14.2,6.7,43,0,Yes,Education,11.4,6,Yes,67.2,3,1.84,Yes,No,No,Low
STU-02454,28,Other,Information Systems,5.5,5.3,240.0,3,83,4,3,8.1,1.3,28,112,No,Entertainment,2.3,4,No,,0,2.73,No,No,No,Low
STU-02455,21,Other,Biology/Science,8.5,2.8,301.0,7,105,5,4,13.4,1.7,80,38,No,Gaming,6.8,2,No,,2,2.78,Yes,Yes,Yes,High
STU-02457,58,Male,Medicine,6.5,0.8,332.0,3,76,2,3,5.4,2.9,0,75,Yes,News,2.3,7,Yes,66.7,1,2.1,Yes,Yes,Yes,Low
STU-02461,23,Female,Medicine,8.7,2.3,331.0,7,109,1,2,3.6,0.0,38,75,No,Gaming,2.3,6,Yes,70.6,6,2.27,No,No,Yes,Medium
STU-02462,64,Female,Visual Communication Design,6.1,5.5,231.0,9,80,4,6,16.0,8.0,43,0,Yes,Entertainment,,6,Yes,80.7,0,1.79,No,No,No,Low
STU-02464,19,Other,Education,8.3,4.9,235.0,9,75,4,4,13.4,1.7,17,38,No,Entertainment,4.5,4,No,75.1,2,2.83,Yes,No,Yes,High
STU-02465,27,Female,Other Program,8.1,2.6,20.0,4,75,8,2,7.2,1.3,30,112,No,Social Media/Trends,2.3,8,Yes,82.1,9,1.92,No,No,No,Low
STU-02466,39,Male,Biology/Science,7.2,6.8,593.0,9,84,1,6,8.1,6.3,33,112,Yes,Gaming,6.8,6,No,75.0,3,2.21,Yes,Yes,Yes,Medium
STU-02467,37,Other,Fine Arts,6.6,1.3,279.0,7,69,10,4,9.8,5.9,9,38,Yes,News,0.0,4,No,79.4,4,2.8,No,Yes,Yes,Medium
STU-02468,51,Female,Law,6.2,4.4,575.0,9,91,3,6,8.1,3.8,24,75,Yes,Education,4.5,5,Yes,80.9,7,2.12,No,No,No,Medium
STU-02469,19,Male,Information Systems,5.5,3.4,215.0,7,85,5,4,4.5,5.5,6,112,No,News,0.0,6,No,77.7,5,2.06,No,No,Yes,Low
STU-02470,21,Male,Information Systems,7.5,1.5,,9,65,8,5,6.3,7.2,26,112,No,,,10,Yes,90.0,3,2.25,Yes,No,Yes,Low
STU-02471,46,Male,Medicine,6.0,3.7,397.0,7,118,10,6,14.2,8.0,44,0,Yes,News,,9,Yes,67.1,4,2.11,Yes,Yes,No,Low
STU-02472,56,Male,Information Systems,8.0,1.2,249.0,4,78,3,1,8.9,3.4,42,150,Yes,Gaming,0.0,2,No,82.8,4,2.55,No,No,No,High
STU-02473,48,Female,Other Program,5.1,2.9,120.0,8,80,4,4,6.3,6.3,52,0,Yes,News,2.3,2,No,89.6,1,2.89,No,No,No,Medium
STU-02474,23,Female,Law,6.7,5.5,,9,68,6,5,6.3,7.2,15,150,No,News,0.0,2,No,89.6,3,2.48,No,Yes,No,Medium
STU-02475,56,Male,Electrical Engineering,6.6,2.7,475.0,8,84,3,5,8.1,2.9,1,38,No,News,4.5,9,Yes,70.1,5,2.24,No,Yes,No,Medium
STU-02476,48,Male,Education,8.1,1.9,86.0,2,71,7,1,15.1,5.1,46,112,Yes,News,6.8,6,Yes,94.2,4,2.59,Yes,Yes,No,High
STU-02477,24,Female,Information Systems,7.7,4.6,234.0,10,81,2,6,16.0,3.8,64,0,No,News,13.6,6,No,98.9,6,2.15,Yes,No,No,Low
STU-02479,19,Male,Culinary Arts,7.3,5.2,221.0,2,109,6,3,7.2,2.5,36,38,,Social Media/Trends,4.5,1,Yes,79.6,4,3.16,No,Yes,No,High
STU-02481,60,Other,Computer Science,6.0,5.7,259.0,1,87,5,3,1.9,1.7,64,112,No,Gaming,0.0,7,No,67.2,8,2.38,No,Yes,Yes,Low
STU-02482,23,Male,Electrical Engineering,8.2,3.2,465.0,7,62,4,4,15.1,5.9,89,0,No,Entertainment,2.3,8,Yes,65.5,3,1.92,No,Yes,No,Low
STU-02483,37,Female,Culinary Arts,7.4,4.7,368.0,1,63,8,2,1.9,,0,75,No,Gaming,13.6,6,Yes,85.6,2,2.71,Yes,No,No,Medium
STU-02484,19,Other,Other Program,9.8,6.3,291.0,9,71,9,4,1.0,2.9,8,75,Yes,Entertainment,11.4,7,No,100.0,3,2.88,Yes,Yes,Yes,High
STU-02486,38,Female,Information Systems,7.0,4.2,271.0,6,89,5,4,1.0,2.1,59,38,Yes,Social Media/Trends,,7,Yes,74.7,5,2.33,Yes,No,No,Low
STU-02488,20,Male,Information Systems,7.8,1.0,129.0,7,100,7,5,1.0,0.0,33,150,No,Education,11.4,7,Yes,73.8,7,2.84,Yes,Yes,No,Medium
STU-02489,24,MALE,Culinary Arts,8.3,1.0,305.0,3,74,10,2,6.3,6.7,29,-5,Yes,Gaming,0.0,10,Yes,86.1,1,2.03,No,Yes,No,Medium
STU-02490,30,Female,Fine Arts,5.6,4.7,,7,97,2,4,7.2,4.2,2,150,Yes,Entertainment,2.3,8,Yes,89.4,1,2.36,No,No,Yes,Low
STU-02491,25,Male,Biology/Science,5.8,5.4,379.0,5,75,5,3,2.8,4.2,53,150,No,News,0.0,5,Yes,93.1,4,2.65,No,Yes,No,Low
STU-02492,42,Male,Biology/Science,7.9,0.9,467.0,8,85,10,4,8.1,2.9,4,38,No,Entertainment,0.0,5,No,,1,2.43,No,No,Yes,Medium
STU-02494,45,Male,Biology/Science,6.6,3.5,434.0,10,82,2,7,1.9,6.7,31,38,Yes,Gaming,9.1,7,Yes,81.2,6,2.94,Yes,Yes,Yes,Medium
STU-02495,34,Female,Fine Arts,7.0,5.7,107.0,10,96,4,5,12.5,7.6,7,112,Yes,,9.1,4,Yes,73.4,3,2.11,No,No,No,Low
STU-02497,29,Other,Medicine,5.2,5.1,575.0,3,74,2,3,12.5,0.8,56,150,Yes,Gaming,0.0,5,Yes,99.7,4,2.36,Yes,No,Yes,Low
STU-02498,59,Female,Visual Communication Design,6.3,5.3,78.0,9,71,7,5,1.0,6.3,20,75,No,Entertainment,0.0,4,No,77.7,0,2.1,Yes,No,Yes,Low
STU-02499,44,Other,Education,6.4,2.6,123.0,6,119,9,5,2.8,0.4,68,0,Yes,News,15.9,4,Yes,87.1,4,2.49,Yes,No,No,High
STU-02500,57,Female,Biology/Science,7.6,1.8,358.0,1,77,1,2,1.0,3.8,57,112,Yes,Social Media/Trends,2.3,4,No,99.8,4,2.99,Yes,Yes,Yes,High
STU-02503,48,Male,Law,7.4,3.6,438.0,3,81,3,1,3.6,5.1,24,112,Yes,Education,0.0,10,Yes,78.3,5,1.67,No,Yes,Yes,Low
STU-02504,44,Other,Biology/Science,8.0,1.1,439.0,1,69,6,3,8.1,7.6,24,38,Yes,Entertainment,6.8,2,No,86.6,8,2.99,Yes,Yes,Yes,High
STU-02505,30,Female,Medicine,8.2,6.7,435.0,5,107,9,4,6.3,5.1,30,112,No,News,2.3,5,No,73.1,6,2.35,No,No,Yes,Low
STU-02506,24,Male,Other Program,7.7,1.2,121.0,2,64,8,3,6.3,0.4,70,0,Yes,News,0.0,7,Yes,72.1,5,2.46,No,No,Yes,Medium
STU-02508,35,Female,Computer Science,6.0,0.1,377.0,4,109,8,3,16.0,2.1,67,112,No,Social Media/Trends,2.3,5,No,65.8,3,2.2,No,No,No,Low
STU-02509,51,Male,Medicine,5.2,2.8,325.0,4,101,2,3,2.8,4.6,88,75,No,News,0.0,7,Yes,76.7,5,2.31,Yes,Yes,Yes,Low
STU-02510,18,Other,Nursing,6.4,0.9,113.0,5,102,5,3,10.7,0.4,57,0,No,Social Media/Trends,18.2,8,Yes,88.6,3,2.59,Yes,No,Yes,Low
STU-02511,43,Other,Sports Science,5.6,2.3,66.0,3,67,6,4,15.1,7.2,69,75,Yes,Gaming,,4,Yes,69.6,4,2.07,Yes,Yes,Yes,Low
STU-02512,41,Male,Computer Science,7.0,2.3,200.0,7,75,9,5,3.6,4.6,4,112,Yes,Social Media/Trends,2.3,2,No,91.0,2,2.49,Yes,No,Yes,High
STU-02513,52,Male,Information Systems,5.6,1.1,135.0,7,86,2,3,9.8,7.6,18,75,Yes,Entertainment,4.5,7,No,67.2,10,1.93,Yes,No,No,Low
STU-02515,53,Other,Fine Arts,8.6,0.8,144.0,2,90,9,2,3.6,5.5,49,150,Yes,Social Media/Trends,6.8,6,No,99.5,6,3.03,Yes,Yes,No,High
STU-02516,37,Other,Law,6.7,4.3,418.0,10,60,3,6,12.5,0.8,6,112,Yes,Education,9.1,10,Yes,97.0,6,2.08,Yes,No,No,Medium
STU-02518,60,Female,Electrical Engineering,5.8,0.1,304.0,8,103,2,5,8.1,4.6,75,75,No,Entertainment,6.8,4,No,80.4,1,1.87,Yes,No,No,Low
STU-02519,25,Other,Computer Science,5.0,0.8,574.0,10,117,4,9,16.0,5.1,30,150,No,News,9.1,6,No,44.3,8,1.85,Yes,Yes,No,Low
STU-02520,19,Other,Law,6.2,6.4,586.0,4,80,6,3,10.7,4.6,63,112,No,Entertainment,2.3,8,Yes,83.6,4,2.32,No,No,No,Medium
STU-02524,30,Other,Law,4.2,1.0,491.0,9,112,1,8,15.1,5.5,27,150,No,Entertainment,20.5,4,Yes,69.1,0,2.32,Yes,No,No,Low
STU-02525,40,Female,Electrical Engineering,6.2,3.4,272.0,2,105,8,3,4.5,2.9,41,38,No,Entertainment,6.8,5,No,70.7,4,2.12,Yes,No,No,Low
STU-02527,18,Female,Visual Communication Design,7.6,1.4,150.0,7,112,10,4,8.1,6.7,41,112,No,Social Media/Trends,9.1,5,Yes,68.3,3,2.59,Yes,No,Yes,Low
STU-02529,26,Female,Information Systems,8.3,1.8,221.0,6,102,8,3,16.0,7.2,52,0,No,News,2.3,6,No,98.4,2,1.68,No,No,Yes,Low
STU-02530,63,Female,Other Program,5.4,0.9,60.0,7,84,7,4,2.8,0.0,34,75,Yes,Education,0.0,3,No,80.4,0,2.23,No,Yes,Yes,High
STU-02532,18,Female,Sports Science,7.3,4.3,198.0,4,112,5,2,10.7,1.3,74,0,No,News,11.4,10,No,72.5,8,2.86,Yes,Yes,No,Low
STU-02533,64,Other,Visual Communication Design,7.7,3.5,80.0,10,119,2,4,9.8,6.3,24,150,Yes,Education,0.0,5,Yes,81.3,3,2.13,No,No,Yes,Low
STU-02534,44,Other,Computer Science,3.3,0.7,,9,119,3,8,10.7,5.9,22,112,Yes,Social Media/Trends,,9,Yes,88.6,3,2.26,Yes,No,No,Low
STU-02535,31,Male,Visual Communication Design,7.0,4.0,281.0,8,70,1,2,7.2,1.3,0,75,No,Entertainment,0.0,5,No,74.9,3,3.08,No,Yes,Yes,Low
STU-02537,21,Male,Electrical Engineering,7.3,2.1,297.0,3,60,2,3,12.5,0.8,47,38,Yes,Entertainment,2.3,8,No,73.0,3,2.47,Yes,Yes,Yes,Medium
STU-02538,55,Male,Fine Arts,6.7,5.2,,1,68,7,2,1.0,5.5,12,75,Yes,Education,0.0,7,No,78.6,6,2.12,No,Yes,No,Medium
STU-02539,37,Other,Nursing,6.9,1.9,164.0,3,83,1,3,4.5,0.0,43,38,No,Education,,4,No,72.6,1,2.53,Yes,Yes,Yes,Low
STU-02540,39,Other,Education,6.0,2.5,33.0,3,80,3,3,11.6,4.2,32,38,Yes,Gaming,11.4,7,Yes,82.9,4,2.31,Yes,Yes,No,Medium
STU-02541,36,Female,Biology/Science,6.7,4.8,371.0,8,98,10,4,18.9,3.8,60,38,No,Social Media/Trends,2.3,7,No,81.1,4,2.68,No,No,Yes,Low
STU-02542,22,Other,Fine Arts,8.2,6.4,67.0,9,77,2,4,6.3,5.1,11,0,,Entertainment,4.5,6,Yes,89.0,2,2.04,Yes,No,Yes,Medium
STU-02543,51,Male,Education,5.4,1.9,156.0,8,103,3,5,12.5,7.2,33,0,No,Social Media/Trends,11.4,9,Yes,,4,2.11,Yes,No,Yes,Low
STU-02544,33,FEMALE,Education,9.6,4.6,197.0,1,84,7,1,5.4,2.9,29,112,No,Education,0.0,9,Yes,55.6,6,2.36,No,No,No,Low
STU-02545,48,Female,Biology/Science,5.0,1.9,422.0,3,97,2,3,3.6,8.0,42,112,Yes,Entertainment,2.3,3,No,87.0,3,2.7,No,No,No,Medium
STU-02546,61,Male,Other Program,8.7,5.5,206.0,4,106,4,1,16.0,7.2,55,38,Yes,Education,2.3,5,Yes,93.5,8,2.31,No,No,Yes,Medium
STU-02547,34,Other,Electrical Engineering,6.8,2.3,590.0,1,69,1,2,8.1,3.8,89,38,No,Education,,3,No,79.9,4,2.82,No,Yes,No,Low
STU-02548,40,MALE,Computer Science,4.8,0.8,388.0,2,72,2,1,9.8,2.9,57,150,No,News,0.0,5,No,92.0,4,2.23,No,Yes,No,Low
STU-02549,22,MALE,Information Systems,5.9,3.5,151.0,4,62,6,4,9.8,7.6,20,38,Yes,Gaming,2.3,5,No,76.7,5,2.46,No,No,No,Medium
STU-02550,26,Male,Fine Arts,4.9,1.1,570.0,9,109,1,8,10.7,6.3,64,75,Yes,Entertainment,11.4,10,Yes,78.5,3,2.35,Yes,No,Yes,Low
STU-02551,39,Male,Nursing,6.9,2.1,139.0,8,107,8,4,15.1,8.0,27,38,Yes,Social Media/Trends,11.4,8,Yes,74.2,3,2.09,Yes,Yes,Yes,Low
STU-02552,48,Female,Information Systems,6.9,7.0,258.0,4,110,1,2,15.1,7.2,53,112,No,Entertainment,9.1,2,No,78.0,2,2.31,Yes,Yes,Yes,Low
STU-02554,64,Other,Other Program,8.0,2.8,265.0,2,63,1,1,10.7,7.6,18,150,Yes,Entertainment,2.3,6,Yes,,0,2.33,Yes,Yes,Yes,High
STU-02555,34,Other,Sports Science,8.4,3.8,278.0,2,106,4,3,40.2,3.4,43,112,Yes,Social Media/Trends,11.4,4,No,93.0,1,1.98,Yes,Yes,Yes,High
STU-02557,44,Other,Fine Arts,3.6,1.8,538.0,8,97,1,9,9.8,4.6,52,150,No,Gaming,20.5,3,No,100.0,4,3.09,No,No,Yes,Medium
STU-02558,24,Male,Education,4.9,2.1,,8,94,3,9,14.2,6.3,25,112,No,Education,9.1,7,No,89.9,3,2.42,Yes,Yes,Yes,Low
STU-02560,47,Male,Nursing,7.9,3.9,367.0,9,108,1,5,10.7,7.2,19,0,Yes,Entertainment,11.4,3,Yes,87.5,5,2.65,Yes,Yes,No,Medium
STU-02561,28,Female,Sports Science,5.1,1.1,444.0,9,104,2,9,8.1,4.2,71,150,Yes,Entertainment,18.2,7,Yes,79.0,2,2.45,Yes,No,Yes,Low
STU-02563,60,Other,Medicine,7.3,0.7,558.0,2,61,6,1,8.9,3.4,55,0,No,Education,,5,Yes,85.1,1,2.12,Yes,No,Yes,Medium
STU-02564,25,Other,Medicine,5.5,1.7,415.0,4,83,5,5,34.8,4.2,43,112,Yes,News,2.3,8,Yes,88.9,8,1.93,Yes,Yes,No,Low
STU-02565,64,Male,Biology/Science,6.6,1.9,327.0,7,107,10,3,14.2,5.1,72,75,No,Entertainment,2.3,5,No,75.9,6,2.66,No,Yes,No,Low
STU-02566,54,Male,Biology/Science,6.4,0.2,412.0,7,94,1,5,4.5,8.0,53,112,Yes,Entertainment,6.8,1,No,61.2,3,2.23,Yes,No,Yes,High
STU-02567,60,Male,Biology/Science,8.1,1.1,326.0,4,67,7,4,6.3,0.4,47,75,No,News,0.0,4,No,80.6,0,1.9,No,Yes,No,Low
STU-02568,53,Male,Medicine,6.7,5.1,472.0,8,90,5,5,9.8,3.4,96,75,No,Education,11.4,7,No,80.5,3,2.5,Yes,No,Yes,Low
STU-02569,22,Other,Computer Science,4.0,0.0,465.0,10,97,1,10,12.5,4.2,44,150,Yes,Entertainment,20.5,10,Yes,78.3,6,2.57,Yes,No,No,Low
STU-02570,28,Other,Electrical Engineering,7.1,2.3,456.0,6,60,4,4,2.8,4.6,35,0,No,News,9.1,8,Yes,,2,2.6,Yes,No,Yes,Medium
STU-02571,30,Female,Computer Science,6.7,7.0,165.0,10,82,3,5,9.8,0.4,58,75,Yes,Social Media/Trends,6.8,10,Yes,81.9,0,2.49,Yes,No,No,Low
STU-02572,59,Other,Information Systems,5.8,2.0,183.0,3,75,8,5,6.3,1.3,62,38,Yes,News,4.5,8,Yes,91.1,5,2.28,Yes,Yes,Yes,Medium
STU-02573,58,Other,Computer Science,6.5,4.5,348.0,2,102,2,4,1.9,1.7,37,38,No,Social Media/Trends,6.8,9,Yes,64.0,2,2.45,No,Yes,No,Low
STU-02575,25,Female,Electrical Engineering,7.1,2.1,318.0,3,96,8,4,6.3,5.9,40,0,No,News,6.8,7,Yes,91.1,1,2.4,Yes,No,Yes,Low
STU-02576,34,Other,Biology/Science,7.4,1.4,588.0,5,104,2,3,8.9,8.0,36,112,Yes,Social Media/Trends,4.5,9,No,94.5,4,2.38,Yes,Yes,Yes,Medium
STU-02577,40,Female,Biology/Science,7.9,1.5,560.0,2,88,9,4,13.4,0.4,38,75,No,News,4.5,6,Yes,72.5,3,2.0,No,Yes,No,Low
STU-02578,42,Female,Biology/Science,4.8,5.1,550.0,8,93,10,6,9.8,0.0,21,150,Yes,News,4.5,6,Yes,72.6,4,1.96,No,No,Yes,Medium
STU-02579,59,Other,Computer Science,6.1,1.6,238.0,10,85,1,5,8.9,3.8,18,112,No,Entertainment,6.8,10,Yes,58.4,5,1.51,Yes,Yes,Yes,Low
STU-02580,43,Male,Information Systems,7.4,5.7,251.0,7,77,4,5,2.8,3.4,0,75,No,Gaming,2.3,4,No,79.9,6,2.63,No,No,Yes,Medium
STU-02581,52,Female,Computer Science,5.8,3.6,334.0,3,83,7,1,10.7,3.4,70,0,No,Education,2.3,2,No,83.4,0,2.42,Yes,No,No,Low
STU-02582,36,Other,Information Systems,7.2,0.1,316.0,4,70,1,2,13.4,2.1,18,38,No,Gaming,2.3,5,Yes,68.3,4,2.09,Yes,No,No,Low
STU-02583,42,Female,Sports Science,8.0,3.5,130.0,9,116,7,4,6.3,6.7,0,-5,Yes,Entertainment,11.4,5,No,92.6,5,2.47,Yes,No,No,Medium
STU-02584,36,Female,Law,6.5,5.0,582.0,6,88,6,5,14.2,,20,112,Yes,Social Media/Trends,0.0,9,Yes,80.1,3,1.82,No,No,No,Low
STU-02585,40,Other,Information Systems,5.3,1.8,453.0,8,110,1,8,11.6,3.4,14,75,Yes,Education,9.1,6,Yes,68.1,7,2.66,Yes,No,Yes,Medium
STU-02586,55,Other,Sports Science,6.5,0.5,144.0,7,83,6,4,13.4,,74,75,No,Social Media/Trends,4.5,9,Yes,70.4,4,2.31,Yes,Yes,Yes,Low
STU-02588,25,Male,Nursing,7.2,3.2,141.0,7,78,10,4,1.0,1.3,47,0,Yes,Education,9.1,4,Yes,71.7,1,3.01,Yes,No,Yes,High
STU-02589,36,Male,Education,7.4,2.6,24.0,3,116,4,2,7.2,0.4,42,75,No,Gaming,0.0,3,No,95.1,6,2.32,No,Yes,Yes,High
STU-02590,40,FEMALE,Visual Communication Design,6.7,1.0,247.0,10,93,6,4,12.5,2.9,47,112,Yes,Gaming,2.3,5,No,84.1,5,2.19,No,Yes,Yes,Low
STU-02591,58,Female,Visual Communication Design,6.7,5.4,113.0,7,104,3,3,4.5,1.3,4,75,No,Social Media/Trends,2.3,7,Yes,92.1,8,2.48,No,Yes,Yes,Low
STU-02592,25,Female,Computer Science,5.9,2.1,283.0,5,104,9,3,7.2,8.0,45,112,Yes,Education,0.0,7,Yes,98.0,2,2.39,No,Yes,Yes,Medium
STU-02594,43,Other,Biology/Science,5.8,6.1,551.0,10,72,3,5,11.6,7.2,37,112,Yes,Entertainment,0.0,8,Yes,83.9,5,2.27,Yes,Yes,Yes,Low
STU-02595,57,Other,Nursing,8.2,2.1,129.0,1,78,9,1,6.3,1.3,48,150,No,Social Media/Trends,13.6,1,No,70.7,4,3.19,Yes,Yes,No,High
STU-02596,20,Male,Biology/Science,3.6,0.9,405.0,8,98,2,8,13.4,2.5,69,150,No,Entertainment,11.4,7,Yes,79.2,4,2.54,Yes,No,Yes,Low
STU-02597,61,Male,Medicine,6.2,2.1,528.0,2,103,3,3,4.5,5.1,0,38,,,0.0,7,Yes,75.6,5,2.87,Yes,Yes,No,Medium
STU-02598,20,Female,Computer Science,8.2,1.1,262.0,7,98,3,5,7.2,0.0,14,75,No,Social Media/Trends,2.3,6,No,70.8,2,2.68,Yes,No,No,Low
STU-02599,43,Other,Law,6.5,3.5,288.0,9,116,1,4,4.5,3.8,28,112,No,News,0.0,6,No,88.7,4,2.42,No,Yes,No,Low
STU-02600,32,Other,Culinary Arts,6.7,0.1,254.0,3,111,4,5,9.8,6.7,2,0,No,Entertainment,2.3,5,Yes,69.7,3,2.1,No,Yes,No,Low
STU-02601,51,Other,Sports Science,8.8,2.0,223.0,9,81,1,5,9.8,1.3,0,75,No,Entertainment,2.3,9,No,80.4,4,2.02,Yes,Yes,No,Medium
STU-02602,39,Female,Sports Science,4.8,2.3,450.0,9,109,3,9,10.7,2.9,63,150,No,Entertainment,20.5,4,Yes,60.5,3,2.67,Yes,Yes,Yes,Low
STU-02603,40,Female,Culinary Arts,6.8,3.7,311.0,9,79,3,6,4.5,5.9,36,112,,Gaming,9.1,10,Yes,73.3,4,2.36,Yes,Yes,Yes,Low
STU-02604,35,Other,Visual Communication Design,6.7,5.2,101.0,4,105,5,3,8.1,2.9,26,75,,Entertainment,4.5,7,No,87.8,7,2.2,Yes,Yes,Yes,Medium
STU-02605,32,Female,Computer Science,7.1,4.1,174.0,7,99,4,4,14.2,4.6,45,150,No,Social Media/Trends,0.0,5,No,85.6,5,2.24,No,Yes,No,Low
STU-02606,40,Other,Electrical Engineering,5.1,6.5,282.0,10,74,3,5,5.4,,21,38,No,News,9.1,7,No,91.0,4,2.42,Yes,No,Yes,Low
STU-02607,42,Female,Other Program,7.5,3.8,100.0,10,60,5,5,10.7,1.7,17,75,No,Social Media/Trends,6.8,8,Yes,84.0,4,2.42,Yes,Yes,No,Medium
STU-02608,18,Female,Information Systems,8.5,3.4,111.0,7,87,6,4,8.1,5.5,28,150,No,Social Media/Trends,4.5,4,Yes,55.8,2,2.25,Yes,No,Yes,Low
STU-02609,23,Other,Biology/Science,8.0,2.8,380.0,7,107,3,3,3.6,4.2,0,0,Yes,Social Media/Trends,2.3,7,Yes,61.4,6,2.21,Yes,No,Yes,Medium
STU-02610,48,Other,Education,8.0,3.0,288.0,3,102,1,4,5.4,3.8,51,150,No,Education,6.8,5,Yes,80.4,4,2.61,Yes,Yes,No,High
STU-02611,21,Female,Electrical Engineering,7.8,2.1,415.0,5,89,8,3,11.6,2.9,52,38,No,Social Media/Trends,2.3,2,No,54.7,4,2.39,No,Yes,Yes,Medium
STU-02612,19,Other,Other Program,8.2,1.5,293.0,5,74,7,3,6.3,1.3,75,150,No,Social Media/Trends,4.5,4,No,82.0,3,2.3,Yes,Yes,Yes,Medium
STU-02613,36,Female,Sports Science,5.7,3.2,181.0,1,71,6,2,3.6,0.0,0,150,Yes,Education,11.4,4,No,69.3,1,2.49,Yes,Yes,Yes,High
STU-02614,35,Female,Information Systems,6.4,1.8,339.0,7,77,9,5,4.5,6.3,28,150,Yes,Gaming,4.5,8,Yes,71.4,2,1.69,No,No,No,Low
STU-02615,50,Female,Education,4.8,3.0,175.0,3,94,4,3,11.6,0.4,29,0,No,Gaming,4.5,10,Yes,78.5,6,2.21,Yes,No,Yes,Low
STU-02616,64,Other,Biology/Science,6.3,4.5,355.0,5,76,6,3,9.8,6.3,0,112,Yes,Social Media/Trends,4.5,6,Yes,,6,2.23,No,Yes,No,High
STU-02617,26,Other,Fine Arts,6.5,1.7,251.0,6,85,5,5,11.6,6.7,32,112,Yes,Education,2.3,6,No,76.5,0,2.74,No,Yes,Yes,Medium
STU-02619,25,Male,Fine Arts,8.1,1.2,150.0,1,105,10,2,12.5,,91,75,Yes,News,6.8,9,Yes,80.0,4,2.08,Yes,Yes,Yes,Medium
STU-02621,33,Female,Education,6.1,1.7,0.0,3,77,3,3,15.1,2.1,60,38,Yes,Education,4.5,6,Yes,79.9,6,2.44,No,No,Yes,Medium
STU-02623,26,Other,Law,8.0,5.1,508.0,4,94,8,4,2.8,4.6,0,75,Yes,Social Media/Trends,6.8,7,Yes,98.5,4,2.03,Yes,Yes,No,High
STU-02624,34,Male,Information Systems,6.7,1.9,360.0,6,115,3,2,6.3,2.1,54,75,Yes,Social Media/Trends,0.0,7,Yes,77.1,4,1.88,No,No,Yes,Low
STU-02625,19,Other,Electrical Engineering,7.6,2.5,526.0,7,114,6,5,16.0,7.6,22,150,Yes,Social Media/Trends,2.3,7,No,96.1,7,2.33,No,Yes,No,High
STU-02626,60,Male,Law,6.6,4.1,329.0,2,82,9,1,5.4,8.0,0,75,Yes,Social Media/Trends,9.1,4,No,60.1,2,2.69,Yes,No,Yes,High
STU-02630,58,Male,Fine Arts,5.4,3.5,230.0,2,109,2,2,1.9,7.2,60,38,No,Social Media/Trends,2.3,8,No,81.1,4,2.61,Yes,No,Yes,Low
STU-02632,58,Male,Law,7.3,7.2,440.0,9,97,6,4,8.1,6.7,18,75,Yes,News,2.3,5,Yes,82.0,6,2.17,Yes,No,Yes,Medium
STU-02634,36,Female,Information Systems,6.2,6.6,,2,116,7,3,8.9,1.7,16,-5,No,Social Media/Trends,18.2,3,No,70.9,1,3.18,Yes,No,No,High
STU-02635,29,Male,Law,6.3,0.1,479.0,1,70,9,4,8.9,3.4,41,38,Yes,Social Media/Trends,11.4,5,No,78.1,2,2.12,Yes,Yes,No,High
STU-02636,28,Male,Computer Science,5.6,2.5,462.0,9,106,4,10,10.7,7.2,0,150,Yes,Entertainment,18.2,7,Yes,90.3,7,2.19,No,Yes,Yes,Low
STU-02637,53,Female,Culinary Arts,5.7,2.2,379.0,3,77,9,3,13.4,2.1,51,150,No,Education,6.8,4,Yes,63.0,4,1.98,Yes,No,Yes,Low
STU-02638,63,Female,Culinary Arts,7.2,5.9,141.0,10,109,7,5,14.2,0.4,33,75,No,Social Media/Trends,2.3,8,Yes,86.8,6,1.87,No,Yes,No,Low
STU-02639,60,Other,Information Systems,7.5,3.2,387.0,10,107,6,5,8.9,3.8,38,112,Yes,Social Media/Trends,0.0,2,No,89.6,5,2.7,No,No,Yes,High
STU-02640,28,Other,Culinary Arts,9.0,4.0,309.0,4,98,2,2,9.8,6.7,54,0,No,Education,4.5,1,No,91.7,2,2.59,Yes,No,Yes,High
STU-02641,63,Female,Education,6.6,3.8,112.0,9,62,4,4,4.5,0.0,48,0,No,Social Media/Trends,4.5,8,Yes,82.2,7,2.6,No,Yes,No,Low
STU-02642,27,Female,Other Program,8.2,3.9,162.0,9,86,5,5,13.4,8.0,44,0,No,Social Media/Trends,4.5,5,Yes,80.1,5,2.82,Yes,No,Yes,Low
STU-02644,26,Male,Information Systems,5.9,2.7,317.0,4,71,2,2,14.2,0.4,36,0,No,Gaming,4.5,5,No,75.9,3,2.0,No,Yes,Yes,Low
STU-02645,55,Other,Medicine,6.9,3.6,,10,61,3,5,4.5,8.0,16,0,No,Entertainment,0.0,7,Yes,80.1,4,2.49,No,No,No,Low
STU-02646,18,Female,Visual Communication Design,5.9,0.7,271.0,1,65,4,1,5.4,8.0,22,0,Yes,Entertainment,0.0,1,No,85.5,2,2.35,No,No,Yes,High
STU-02647,22,Female,Electrical Engineering,7.9,1.5,268.0,1,78,1,2,14.2,8.0,44,150,Yes,Gaming,6.8,4,No,57.8,3,2.43,Yes,No,No,Low
STU-02648,47,Other,Sports Science,6.2,3.5,296.0,10,97,2,4,7.2,0.4,17,150,No,Gaming,2.3,5,No,89.9,4,2.87,No,No,No,Low
STU-02649,18,Female,Nursing,7.8,0.4,172.0,2,106,6,1,8.1,2.1,37,0,No,Education,0.0,9,Yes,82.3,2,2.34,No,No,No,Low
STU-02650,18,Other,Computer Science,8.9,4.5,166.0,10,63,6,3,2.8,1.3,19,38,Yes,Education,4.5,7,Yes,74.5,4,2.07,No,Yes,No,Medium
STU-02651,52,Other,Information Systems,5.0,3.1,107.0,4,102,9,2,1.9,6.7,21,38,No,Entertainment,2.3,10,Yes,92.9,3,2.02,No,Yes,Yes,Low
STU-02652,22,Other,Medicine,8.3,2.3,577.0,7,78,9,5,4.5,7.6,0,0,Yes,Education,9.1,3,No,75.3,1,2.98,Yes,Yes,No,High
STU-02654,55,Other,Information Systems,5.4,4.7,205.0,2,64,7,1,10.7,2.1,33,112,No,Entertainment,4.5,5,Yes,80.9,3,2.42,No,No,Yes,Low
STU-02655,30,Male,Biology/Science,6.0,2.0,556.0,8,104,3,6,13.4,2.1,24,38,No,Social Media/Trends,0.0,7,Yes,83.6,3,1.79,No,No,Yes,Low
STU-02657,41,Other,Biology/Science,6.8,3.6,285.0,9,113,10,6,1.0,5.9,0,112,Yes,Gaming,0.0,9,Yes,74.9,4,2.67,No,No,No,Medium
STU-02658,30,Female,Other Program,7.9,6.5,58.0,9,89,3,5,4.5,5.5,10,38,Yes,News,4.5,7,No,80.8,5,2.76,No,Yes,Yes,Medium
STU-02659,56,Female,Computer Science,6.9,5.0,191.0,2,111,6,1,14.2,2.1,13,150,Yes,Entertainment,6.8,7,No,75.4,5,2.15,No,Yes,Yes,High
STU-02660,22,Male,Sports Science,9.0,5.2,270.0,8,96,2,4,1.0,7.6,44,112,Yes,Gaming,4.5,4,No,73.0,6,2.86,No,No,No,Medium
STU-02663,53,Male,Fine Arts,6.7,3.7,162.0,8,94,10,3,6.3,2.9,49,38,Yes,,0.0,3,No,97.0,1,2.7,No,No,No,Medium
STU-02664,23,Male,Other Program,5.3,1.4,485.0,10,118,2,8,8.9,6.3,2,150,No,Social Media/Trends,18.2,7,Yes,69.9,4,2.38,No,No,No,Low
STU-02665,20,Male,Medicine,8.0,2.1,314.0,4,63,8,2,2.8,2.1,58,75,Yes,News,13.6,8,Yes,86.1,3,2.48,Yes,No,Yes,Medium
STU-02668,34,Female,Other Program,6.1,0.1,247.0,4,116,8,3,5.4,4.2,0,150,Yes,Education,4.5,8,No,85.9,4,2.53,Yes,No,Yes,High
STU-02669,23,Female,Electrical Engineering,7.4,5.2,300.0,8,66,3,5,15.1,3.4,35,75,Yes,News,,5,Yes,,6,2.42,Yes,No,No,Medium
STU-02670,56,Female,Sports Science,5.9,3.2,136.0,10,65,6,4,2.8,1.3,22,38,Yes,Entertainment,2.3,9,Yes,74.8,1,1.85,Yes,Yes,No,Low
STU-02671,53,Male,Information Systems,6.4,4.8,178.0,8,100,4,5,9.8,0.8,40,150,Yes,Social Media/Trends,15.9,1,No,89.5,5,2.99,Yes,Yes,No,High
STU-02673,57,Female,Education,5.9,1.0,241.0,2,105,1,4,12.5,5.5,27,150,Yes,News,11.4,6,No,90.5,5,2.61,Yes,No,No,Medium
STU-02674,40,Male,Nursing,7.2,0.9,217.0,4,117,5,1,15.1,1.7,52,150,Yes,Education,,5,No,77.1,1,1.73,No,No,Yes,Medium
STU-02675,45,Female,Computer Science,5.2,4.7,242.0,6,113,3,5,5.4,2.1,53,112,No,News,0.0,6,No,91.9,8,2.35,No,Yes,Yes,Low
STU-02676,54,Female,Other Program,6.7,0.2,240.0,1,84,10,1,11.6,1.7,56,0,Yes,Gaming,6.8,7,No,44.4,1,1.83,Yes,Yes,No,Low
STU-02679,63,Male,Other Program,6.4,2.8,119.0,4,87,5,1,13.4,4.6,30,75,No,Gaming,2.3,3,Yes,98.6,3,2.31,No,Yes,No,Medium
STU-02680,23,MALE,Medicine,7.0,6.4,515.0,3,111,8,4,14.2,7.6,39,150,No,Education,0.0,7,Yes,64.3,7,2.33,Yes,Yes,No,Low
STU-02681,23,Other,Information Systems,6.8,2.3,113.0,10,92,5,4,16.0,5.9,21,150,No,Entertainment,6.8,3,No,66.7,4,1.97,No,Yes,No,Low
STU-02683,60,Other,Fine Arts,6.9,2.0,188.0,7,93,10,4,14.2,4.2,34,150,No,News,0.0,7,Yes,71.9,1,1.82,No,Yes,Yes,Low
STU-02684,37,Female,Fine Arts,3.4,0.8,402.0,8,97,1,9,16.0,7.6,40,150,No,Gaming,18.2,6,Yes,68.5,5,2.85,Yes,No,Yes,Low
STU-02685,20,Male,Visual Communication Design,7.8,2.9,130.0,8,70,1,5,1.9,6.3,60,38,No,Gaming,0.0,10,Yes,71.9,7,2.1,No,Yes,No,Low
STU-02686,34,Other,Other Program,7.4,4.5,164.0,6,82,3,3,9.8,0.4,31,38,No,,2.3,4,Yes,71.1,4,2.43,No,No,No,Medium
STU-02687,26,Male,Law,5.0,1.1,475.0,9,98,4,10,14.2,7.6,44,150,Yes,Education,15.9,2,No,92.2,0,2.28,Yes,Yes,Yes,Low
STU-02688,34,Other,Biology/Science,7.4,3.2,399.0,4,117,9,4,1.0,3.4,35,38,No,News,9.1,2,No,86.7,2,2.68,Yes,Yes,Yes,High
STU-02689,45,Female,Fine Arts,5.3,6.3,,9,82,2,4,1.9,2.1,24,0,Yes,Social Media/Trends,6.8,6,No,77.9,6,2.37,Yes,No,No,Low
STU-02690,35,Other,Law,7.1,5.3,500.0,7,88,5,2,14.2,7.6,37,75,Yes,Entertainment,4.5,9,Yes,65.6,4,1.75,Yes,Yes,No,Low
STU-02691,38,Other,Other Program,8.8,1.4,265.0,7,116,3,4,4.5,6.3,28,38,Yes,Gaming,6.8,6,Yes,74.3,6,2.13,Yes,Yes,No,Medium
STU-02692,58,Other,Electrical Engineering,5.2,3.1,256.0,4,75,8,3,7.2,4.6,37,112,No,Social Media/Trends,4.5,7,Yes,82.4,4,2.79,Yes,No,No,Medium
STU-02693,53,Female,Computer Science,6.8,1.9,374.0,4,110,7,2,6.3,4.6,51,38,No,News,0.0,6,No,93.1,3,2.23,Yes,No,No,Low
STU-02694,36,Male,Law,4.8,1.2,326.0,8,97,2,8,9.8,3.8,0,150,No,Social Media/Trends,11.4,5,Yes,97.4,8,2.55,Yes,Yes,Yes,Low
STU-02695,18,FEMALE,Information Systems,6.0,6.8,129.0,6,63,3,4,8.9,1.7,26,150,Yes,Education,6.8,6,No,97.1,3,2.57,Yes,Yes,No,High
STU-02696,63,Other,Law,6.4,5.5,574.0,5,105,8,4,15.1,,44,112,No,Entertainment,2.3,3,Yes,89.4,3,2.64,No,Yes,Yes,Low
STU-02697,27,Female,Law,8.5,3.0,585.0,2,96,4,3,3.6,4.2,20,150,No,Gaming,6.8,6,No,78.8,3,2.86,Yes,Yes,Yes,Medium
STU-02699,60,Other,Education,6.1,4.3,140.0,9,63,5,5,6.3,4.2,4,75,Yes,Entertainment,9.1,5,No,71.1,3,2.53,Yes,Yes,No,Medium
STU-02701,41,Male,Biology/Science,6.1,5.1,268.0,9,110,7,4,16.0,5.5,70,112,Yes,Entertainment,6.8,7,Yes,82.9,1,2.72,No,No,Yes,Low
STU-02702,51,Female,Sports Science,6.6,3.5,62.0,6,96,5,3,10.7,7.2,42,75,No,News,6.8,8,Yes,82.9,7,2.42,Yes,No,No,Low
STU-02703,27,female,Computer Science,8.6,1.5,239.0,10,103,2,4,10.8,2.9,14,150,Yes,Social Media/Trends,0.0,8,Yes,68.0,7,2.43,Yes,Yes,Yes,Medium
STU-02704,37,Male,Other Program,4.6,0.2,480.0,10,98,2,9,15.1,2.5,35,75,No,Gaming,18.2,4,Yes,85.1,3,2.75,Yes,No,Yes,Medium
STU-02705,32,Female,Other Program,7.2,3.8,140.0,7,97,7,3,10.7,3.8,16,150,Yes,Social Media/Trends,0.0,3,Yes,75.5,0,2.27,No,No,Yes,Medium
STU-02706,48,Female,Education,6.1,0.5,62.0,4,99,2,3,3.6,1.7,0,112,Yes,Entertainment,6.8,10,Yes,71.3,4,2.04,No,Yes,No,Medium
STU-02708,48,Male,Law,6.0,1.4,258.0,8,80,3,6,9.8,6.7,40,0,,Education,4.5,8,No,86.4,6,2.49,No,No,Yes,Low
STU-02709,52 yrs,Other,Sports Science,7.6,3.1,241.0,9,100,3,3,5.4,4.2,2,150,Yes,Entertainment,6.8,6,No,80.5,5,2.5,Yes,Yes,No,Medium
STU-02710,37,Other,Biology/Science,5.1,5.2,393.0,2,118,7,2,4.5,2.9,32,0,No,Gaming,0.0,9,No,89.7,5,2.55,No,No,Yes,Low
STU-02712,37,Male,Other Program,3.1,1.9,401.0,8,91,3,10,8.1,5.9,45,112,,News,15.9,4,Yes,76.5,5,2.58,Yes,No,Yes,Low
STU-02713,30,Female,Computer Science,8.3,0.5,388.0,2,109,3,2,7.2,0.0,30,0,No,News,4.5,6,No,93.7,5,2.67,No,No,No,High
STU-02714,33,Other,Computer Science,5.7,2.3,172.0,10,82,4,6,6.3,0.0,25,38,No,Gaming,9.1,3,No,86.0,1,2.5,Yes,Yes,No,High
STU-02715,25,male,Sports Science,5.4,0.4,77.0,1,85,2,2,1.9,5.1,36,112,No,News,2.3,1,No,74.5,1,2.74,No,No,No,Medium
STU-02716,38,Male,Nursing,8.0,1.5,128.0,6,86,10,4,1.0,4.2,52,112,No,Education,2.3,6,Yes,83.7,3,2.41,Yes,No,Yes,High
STU-02720,59,Female,Fine Arts,7.6,3.5,262.0,5,69,1,1,2.8,3.4,83,112,Yes,Social Media/Trends,2.3,7,No,77.2,4,2.49,No,No,Yes,Medium
STU-02721,41,Male,Fine Arts,6.4,6.0,151.0,6,77,9,3,4.5,7.2,25,75,Yes,Education,,8,No,89.1,8,2.46,Yes,Yes,No,Medium
STU-02723,22,Other,Law,7.9,4.0,358.0,9,104,10,5,1.0,6.7,42,150,No,Education,6.8,6,Yes,82.0,6,2.34,Yes,No,No,Low
STU-02724,63,Female,Fine Arts,7.3,3.3,185.0,5,74,2,4,11.6,3.4,60,75,No,Education,6.8,4,No,,5,2.48,Yes,Yes,No,Low
STU-02726,62,female,Law,5.7,6.4,459.0,5,81,3,4,13.4,0.4,44,150,Yes,Education,2.3,2,No,83.6,3,2.47,No,Yes,Yes,Low
STU-02727,41,Female,Visual Communication Design,7.8,3.6,173.0,9,66,5,6,3.6,0.0,0,112,No,Education,0.0,10,Yes,74.0,6,1.62,No,No,Yes,Low
STU-02728,18,Female,Education,6.9,3.9,267.0,2,96,2,1,7.2,2.1,67,75,No,Social Media/Trends,4.5,5,No,84.9,3,2.18,No,Yes,Yes,Low
STU-02729,30,Other,Information Systems,6.9,4.5,307.0,6,105,10,3,10.7,0.8,0,38,No,News,4.5,6,Yes,76.6,5,2.36,Yes,No,Yes,Low
STU-02730,45,Male,Information Systems,5.9,5.5,,1,87,2,1,8.1,4.2,0,150,No,Entertainment,11.4,9,Yes,76.7,6,2.68,Yes,Yes,Yes,Medium
STU-02731,23,Male,Law,8.6,1.8,410.0,6,69,1,3,2.8,2.5,72,112,Yes,Education,2.3,7,No,84.8,4,2.6,Yes,Yes,Yes,High
STU-02734,35,Female,Culinary Arts,4.8,0.5,571.0,10,113,4,9,13.4,5.9,1,150,No,Social Media/Trends,,5,No,99.0,6,1.89,Yes,No,Yes,Low
STU-02735,56,female,Nursing,6.1,3.7,362.0,10,111,1,5,9.8,4.6,37,150,No,Gaming,9.1,6,No,78.4,0,2.5,Yes,Yes,No,Low
STU-02736,45,Female,Education,7.3,1.0,39.0,8,102,1,4,12.5,4.6,31,112,Yes,Education,4.5,4,No,87.2,1,2.29,No,Yes,Yes,Medium
STU-02737,19,Female,Other Program,8.7,3.3,208.0,5,117,9,4,15.1,6.7,0,75,No,Gaming,2.3,10,Yes,79.9,6,2.14,No,No,No,Low
STU-02738,23,Female,Visual Communication Design,7.3,1.4,154.0,2,118,5,2,12.5,2.9,60,75,No,Gaming,,5,Yes,78.3,4,2.51,No,Yes,No,Medium
STU-02739,45,Other,Information Systems,7.4,5.2,115.0,10,71,7,5,8.1,6.7,64,112,Yes,News,4.5,7,Yes,79.4,6,1.81,Yes,No,No,Low
STU-02740,45,Male,Medicine,5.3,0.4,517.0,8,102,1,8,14.2,4.6,78,75,No,Social Media/Trends,15.9,2,No,73.0,2,2.92,No,No,Yes,Low
STU-02741,42,Male,Biology/Science,8.0,0.3,511.0,4,82,8,3,2.8,7.6,44,75,Yes,Social Media/Trends,6.8,6,Yes,74.9,5,2.45,Yes,No,No,Low
STU-02742,31,Other,Culinary Arts,3.3,0.2,510.0,9,117,4,9,12.5,3.4,51,112,No,Social Media/Trends,20.5,6,Yes,81.6,0,2.6,Yes,Yes,Yes,Low
STU-02744,29,Other,Nursing,7.1,5.5,196.0,8,72,8,4,10.7,3.8,24,75,Yes,News,0.0,7,Yes,66.5,3,1.92,No,No,Yes,Low
STU-02745,54,Other,Medicine,6.6,2.6,492.0,3,74,6,1,6.3,4.2,36,150,Yes,Entertainment,4.5,6,No,84.7,0,2.62,Yes,No,Yes,High
STU-02746,64,male,Nursing,7.9,2.6,284.0,4,112,6,1,8.1,0.4,45,0,Yes,Education,4.5,8,Yes,80.3,9,2.4,Yes,No,No,High
STU-02747,45,Female,Visual Communication Design,7.1,6.1,68.0,5,92,5,4,6.3,6.3,35,112,Yes,Gaming,4.5,7,No,70.6,6,2.17,No,Yes,No,Low
STU-02748,46,Other,Culinary Arts,6.3,6.7,,5,73,5,3,5.4,1.7,18,0,No,Education,0.0,6,Yes,80.9,5,2.26,No,No,No,Low
STU-02749,58,Female,Electrical Engineering,5.1,0.9,354.0,9,74,2,5,15.1,7.6,51,112,No,Social Media/Trends,11.4,7,No,96.9,4,2.2,Yes,No,Yes,Low
STU-02750,64,Female,Medicine,6.4,0.1,292.0,3,95,6,3,14.2,5.5,37,150,Yes,Social Media/Trends,6.8,6,No,90.7,5,2.14,Yes,No,No,Medium
STU-02752,41,Female,Medicine,7.5,2.3,288.0,5,82,5,3,1.0,7.6,57,0,Yes,Education,4.5,10,Yes,79.9,3,2.11,No,No,No,Low
STU-02753,19,Other,Other Program,6.6,4.6,219.0,5,104,8,3,11.6,1.7,19,0,Yes,Social Media/Trends,9.1,8,No,92.3,7,2.25,Yes,Yes,Yes,High
STU-02754,35,Male,Visual Communication Design,6.8,7.0,259.0,8,112,6,3,12.5,5.5,57,38,No,Education,0.0,1,No,77.7,2,2.82,No,No,No,Medium
STU-02755,29,Female,Culinary Arts,4.6,0.9,476.0,8,92,1,8,13.4,5.5,70,75,No,Gaming,13.6,5,Yes,72.5,4,2.86,No,No,Yes,Low
STU-02757,47,Other,Medicine,6.9,3.9,526.0,6,101,8,4,6.3,5.1,25,-5,Yes,News,9.1,5,Yes,75.1,4,2.72,Yes,Yes,Yes,High
STU-02758,23,Other,Computer Science,9.2,0.2,263.0,10,110,9,4,7.2,4.6,64,75,No,News,2.3,6,Yes,88.5,2,2.64,No,Yes,Yes,Medium
STU-02759,20,Female,Culinary Arts,6.2,2.4,150.0,8,60,5,3,4.5,1.7,37,112,No,Social Media/Trends,4.5,4,No,76.6,1,2.78,No,No,Yes,Low
STU-02760,23,Female,Other Program,3.7,2.6,,9,91,1,10,8.1,5.5,46,150,No,Entertainment,13.6,7,Yes,88.7,3,2.65,Yes,No,No,Low
STU-02762,44,Male,Biology/Science,7.0,3.7,479.0,9,113,7,4,12.5,1.7,3,38,Yes,Social Media/Trends,6.8,8,No,68.3,3,2.16,Yes,Yes,No,Medium
STU-02763,24,Other,Medicine,6.8,3.7,595.0,7,108,7,7,16.0,2.1,33,112,No,News,4.5,5,Yes,72.3,7,2.05,Yes,Yes,No,Low
STU-02766,60,Male,Sports Science,5.9,1.6,297.0,3,74,8,3,11.6,3.8,49,75,No,Entertainment,0.0,4,No,89.8,0,2.19,No,Yes,Yes,Low
STU-02768,56,Female,Fine Arts,7.2,3.3,,3,74,2,1,1.0,5.1,55,112,Yes,Education,11.4,2,No,94.9,3,2.93,Yes,Yes,Yes,High
STU-02769,28,Male,Information Systems,5.6,2.5,369.0,6,107,1,4,15.1,2.1,25,38,Yes,Gaming,6.8,10,Yes,81.9,7,2.16,Yes,No,No,Low
STU-02770,48,Male,Information Systems,8.0,0.3,143.0,8,107,3,3,14.2,2.1,37,75,Yes,Entertainment,0.0,5,No,61.6,5,2.42,No,Yes,No,Medium
STU-02771,56,FEMALE,Computer Science,7.7,1.9,,1,67,9,1,5.4,,70,0,No,Education,2.3,9,Yes,76.4,7,2.44,No,No,No,Low
STU-02772,33,Female,Fine Arts,4.1,2.3,167.0,3,73,5,3,10.7,6.7,31,75,Yes,News,0.0,1,No,93.9,1,2.78,No,Yes,Yes,Medium
STU-02774,43,Male,Other Program,6.8,5.0,92.0,4,79,2,5,8.1,0.0,40,0,Yes,News,2.3,4,No,87.9,3,2.61,No,Yes,No,High
STU-02775,38,Other,Nursing,8.5,5.5,132.0,7,105,4,4,2.8,0.8,53,112,Yes,Education,0.0,4,No,94.1,0,2.56,No,Yes,Yes,High
STU-02776,30,Female,Electrical Engineering,4.3,4.2,558.0,5,91,10,5,3.6,6.7,39,112,No,Gaming,2.3,7,Yes,,1,2.18,No,Yes,Yes,Low
STU-02777,54,Other,Electrical Engineering,5.3,4.7,465.0,6,75,2,6,48.0,1.7,45,38,Yes,Entertainment,13.6,3,No,83.4,0,2.64,Yes,No,No,High
STU-02778,36,Female,Information Systems,5.9,2.5,145.0,3,108,3,2,12.5,2.5,0,0,Yes,Entertainment,0.0,5,No,82.5,5,2.14,No,Yes,No,Medium
STU-02779,57,Male,Visual Communication Design,7.2,4.5,122.0,3,106,6,3,10.7,7.2,75,112,No,Social Media/Trends,2.3,7,No,96.1,7,2.56,Yes,No,No,Low
STU-02780,38,Male,Other Program,6.7,3.9,136.0,9,89,3,3,13.4,1.3,4,0,No,Social Media/Trends,0.0,6,Yes,86.7,4,2.0,No,Yes,Yes,Medium
STU-02781,42,Male,Nursing,5.0,4.1,181.0,4,95,2,4,7.2,2.9,16,38,Yes,Education,2.3,7,Yes,63.0,6,2.06,No,No,Yes,Medium
STU-02782,35,Female,Electrical Engineering,8.2,3.2,558.0,4,101,7,2,7.2,6.3,45,112,No,Entertainment,0.0,8,No,83.7,4,2.41,No,Yes,No,Medium
STU-02783,52,Male,Fine Arts,5.4,3.8,201.0,9,96,2,5,14.2,5.9,76,150,Yes,Entertainment,6.8,8,No,81.5,3,2.02,No,No,Yes,Low
STU-02784,60,Other,Information Systems,6.6,2.1,399.0,5,65,6,6,15.1,7.6,45,112,No,Social Media/Trends,2.3,4,Yes,64.0,3,1.99,Yes,Yes,Yes,Low
STU-02785,42,Female,Medicine,8.2,5.7,289.0,7,79,1,3,1.9,3.4,47,112,Yes,Social Media/Trends,6.8,7,No,73.9,0,2.2,Yes,Yes,Yes,Medium
STU-02786,57,Other,Education,5.2,3.4,232.0,7,99,2,6,12.5,5.5,0,75,Yes,Gaming,2.3,6,Yes,80.2,7,2.29,No,Yes,No,Low
STU-02788,34,Other,Sports Science,6.8,3.2,238.0,3,105,10,2,3.6,,102,38,No,Gaming,13.6,6,No,66.4,0,2.58,Yes,No,Yes,Medium
STU-02789,28,Male,Computer Science,6.9,5.1,316.0,6,82,5,3,13.4,0.0,50,38,No,Entertainment,13.6,1,No,80.6,1,2.93,Yes,Yes,No,High
STU-02790,29,Female,Electrical Engineering,7.7,2.9,594.0,9,68,10,4,8.9,6.3,69,38,No,Gaming,9.1,10,Yes,75.2,4,2.65,Yes,No,No,Low
STU-02791,44,Male,Education,3.2,0.4,384.0,10,97,2,8,13.4,,51,112,No,Gaming,13.6,8,Yes,83.3,5,1.86,Yes,Yes,Yes,Low
STU-02792,42,Other,Medicine,9.0,6.7,413.0,9,106,1,5,8.1,2.9,0,38,Yes,News,6.8,5,No,76.4,1,2.45,Yes,Yes,Yes,High
STU-02793,29,Other,Fine Arts,5.5,1.5,247.0,1,79,2,1,14.2,5.9,45,0,No,Entertainment,9.1,3,No,79.1,7,2.64,Yes,Yes,Yes,Medium
STU-02794,36,Female,Information Systems,6.8,4.2,227.0,8,60,4,6,13.4,7.2,36,0,Yes,News,0.0,2,No,65.8,3,2.1,No,Yes,Yes,Low
STU-02795,22,Other,Computer Science,8.2,3.0,103.0,10,100,10,7,9.8,4.6,15,0,Yes,Gaming,4.5,8,No,86.0,7,1.86,No,No,No,Medium
STU-02796,56,Other,Biology/Science,5.8,5.2,502.0,10,119,3,5,2.8,6.7,37,38,No,Social Media/Trends,4.5,8,Yes,82.6,2,2.27,No,Yes,No,Low
STU-02797,46,Female,Law,6.3,3.6,389.0,7,65,8,3,14.2,1.7,0,38,Yes,Entertainment,9.1,4,Yes,87.1,2,2.66,Yes,Yes,No,High
STU-02798,43,Male,Visual Communication Design,7.5,1.3,75.0,6,69,2,2,7.2,0.4,20,0,Yes,Gaming,9.1,5,No,100.0,4,2.63,Yes,Yes,Yes,High
STU-02799,42 yrs,Male,Biology/Science,6.7,3.6,312.0,10,92,4,4,1.0,0.8,46,75,Yes,Social Media/Trends,9.1,4,Yes,69.9,2,2.64,Yes,No,Yes,High
STU-02800,37,Male,Law,6.7,3.4,503.0,7,74,1,5,1.0,8.0,39,38,Yes,Education,,3,No,66.2,3,2.84,Yes,Yes,No,Medium
STU-02801,44,Female,Computer Science,6.4,0.4,268.0,3,93,8,1,9.8,6.3,31,0,No,Gaming,0.0,6,Yes,69.0,1,2.28,No,Yes,Yes,Low
STU-02803,23,Male,Nursing,5.1,4.1,253.0,6,75,2,3,12.5,5.1,12,0,Yes,News,0.0,6,Yes,75.5,5,2.26,No,No,No,High
STU-02805,26,Female,Biology/Science,7.0,4.0,419.0,7,108,7,5,8.9,5.5,8,150,Yes,Social Media/Trends,6.8,7,Yes,90.0,6,1.98,Yes,Yes,No,Medium
STU-02806,42,Female,Medicine,8.9,2.7,301.0,6,87,7,5,10.7,1.7,112,75,No,Entertainment,6.8,6,Yes,83.0,7,2.36,No,Yes,No,Medium
STU-02807,44,Male,Nursing,6.4,4.8,261.0,1,109,6,1,5.4,5.9,78,150,Yes,Education,2.3,5,No,75.3,2,2.59,Yes,No,No,Medium
STU-02808,28,Other,Medicine,6.2,1.8,589.0,1,116,3,2,10.7,2.5,60,150,No,News,2.3,6,Yes,83.8,3,2.21,No,No,No,Low
STU-02809,29,Other,Biology/Science,7.6,0.0,452.0,1,73,7,1,10.7,5.5,44,112,Yes,Gaming,2.3,5,No,72.5,2,2.32,No,Yes,No,Medium
STU-02810,54,Other,Information Systems,9.7,6.8,197.0,10,115,10,2,15.1,2.9,52,112,No,Entertainment,2.3,2,No,92.3,3,2.66,Yes,No,No,High
STU-02811,57,Other,Medicine,5.6,6.0,283.0,7,76,5,4,12.5,7.2,29,0,Yes,Gaming,6.8,6,No,76.8,3,2.26,Yes,No,Yes,Low
STU-02812,59,Female,Visual Communication Design,7.6,2.1,219.0,5,106,5,3,8.9,5.1,56,75,No,News,9.1,10,Yes,80.3,6,2.39,Yes,Yes,Yes,Low
STU-02813,58,Other,Law,5.8,3.7,502.0,2,96,2,4,13.4,2.1,34,150,,Education,,7,Yes,73.8,3,2.43,Yes,No,Yes,High
STU-02815,20,Other,Fine Arts,6.8,5.1,288.0,2,76,8,1,4.5,8.0,47,112,Yes,Entertainment,4.5,4,Yes,87.1,5,2.78,No,Yes,Yes,Medium
STU-02816,22,Other,Visual Communication Design,8.9,3.7,58.0,1,112,2,2,13.4,7.6,32,-5,Yes,Entertainment,4.5,5,No,86.9,5,2.64,No,Yes,No,High
STU-02817,59,Female,Fine Arts,6.3,0.0,187.0,10,74,9,6,14.2,5.1,58,38,No,Education,0.0,1,No,92.0,3,2.51,No,No,Yes,Low
STU-02818,26,Other,Electrical Engineering,4.0,2.3,424.0,9,108,2,8,12.5,3.8,34,150,No,Gaming,9.1,2,No,82.4,0,3.08,Yes,Yes,Yes,Low
STU-02819,29,FEMALE,Sports Science,6.9,7.9,226.0,8,81,2,4,13.4,4.2,1,150,Yes,Entertainment,2.3,10,Yes,71.7,6,1.61,No,Yes,No,Low
STU-02820,47,Other,Biology/Science,7.9,4.8,,10,99,4,4,6.3,6.7,55,0,Yes,Gaming,0.0,4,No,68.2,4,2.37,No,No,Yes,Low
STU-02821,44,Male,Sports Science,6.5,2.0,165.0,1,78,5,1,9.8,8.0,27,150,No,Entertainment,2.3,6,Yes,85.3,6,1.93,Yes,Yes,Yes,Low
STU-02822,24,Other,Nursing,5.3,0.3,279.0,7,77,9,5,10.7,3.4,46,112,No,News,11.4,8,No,,3,2.79,Yes,No,Yes,Low
STU-02824,32,Female,Other Program,7.6,0.0,86.0,4,84,3,3,15.1,6.7,20,75,Yes,Social Media/Trends,13.6,9,Yes,75.0,6,2.42,Yes,No,No,Medium
STU-02825,27,Other,Fine Arts,7.9,2.4,,7,119,7,3,16.0,2.5,26,0,No,Entertainment,2.3,4,Yes,76.7,7,2.58,No,Yes,No,Medium
STU-02826,32,Male,Sports Science,7.3,4.8,105.0,5,60,10,1,8.9,1.7,72,0,No,Social Media/Trends,2.3,7,No,71.6,4,1.98,No,Yes,No,Low
STU-02827,38,FEMALE,Culinary Arts,7.6,5.7,159.0,5,82,3,2,7.2,5.1,58,0,No,Social Media/Trends,4.5,9,Yes,76.3,7,1.99,No,Yes,Yes,Low
STU-02828,64,Male,Law,7.8,2.0,528.0,2,101,9,3,8.1,2.5,53,150,No,News,0.0,4,No,88.8,0,2.58,Yes,No,Yes,High
STU-02829,25,Other,Computer Science,8.8,1.9,167.0,9,71,5,4,13.4,5.9,17,75,Yes,Social Media/Trends,4.5,9,Yes,82.5,4,2.3,Yes,Yes,Yes,High
STU-02830,31,Male,Fine Arts,4.7,0.6,526.0,10,109,4,9,8.1,3.4,59,150,Yes,Social Media/Trends,15.9,3,No,90.3,5,3.54,Yes,Yes,Yes,Low
STU-02831,56,Male,Information Systems,6.8,1.2,318.0,2,76,9,2,15.1,4.6,60,112,Yes,Social Media/Trends,4.5,5,No,88.0,3,2.17,Yes,No,No,Medium
STU-02832,46,Other,Law,5.2,1.6,328.0,1,112,6,3,10.7,2.1,29,75,No,Education,2.3,3,No,91.4,4,2.12,No,No,Yes,Medium
STU-02833,42,Other,Electrical Engineering,5.2,1.9,518.0,10,95,1,9,14.2,3.4,10,112,No,News,9.1,10,Yes,67.1,10,2.15,Yes,Yes,Yes,Low
STU-02835,20,Male,Electrical Engineering,7.1,2.3,291.0,4,106,1,3,6.3,6.3,49,38,No,News,6.8,8,Yes,65.7,4,2.68,Yes,Yes,No,Low
STU-02836,56,Other,Information Systems,8.3,2.0,305.0,8,104,9,4,14.2,0.8,63,75,Yes,Education,4.5,6,Yes,84.5,8,2.17,Yes,No,Yes,Medium
STU-02837,40,female,Nursing,6.6,4.9,109.0,6,108,3,6,3.6,8.0,14,0,Yes,Social Media/Trends,2.3,5,No,80.3,2,2.32,No,Yes,Yes,Low
STU-02838,20,Male,Education,7.7,2.6,282.0,10,105,1,6,4.5,5.1,0,0,Yes,Gaming,4.5,6,No,97.3,1,2.71,No,No,No,Medium
STU-02839,50,Female,Biology/Science,6.9,4.0,506.0,10,68,1,4,3.6,3.8,7,38,No,Social Media/Trends,0.0,9,Yes,84.3,4,2.33,Yes,No,Yes,Low
STU-02840,53,Male,Medicine,7.0,2.0,471.0,8,74,2,5,13.4,2.5,60,112,No,Gaming,,1,No,82.8,2,2.64,Yes,No,Yes,Medium
STU-02841,31,Female,Computer Science,7.0,0.8,105.0,1,77,3,3,8.1,4.2,49,112,No,News,11.4,2,No,78.1,5,2.53,Yes,No,No,Medium
STU-02842,33,Other,Other Program,6.7,3.0,237.0,2,64,2,2,16.0,3.8,0,112,No,Social Media/Trends,0.0,4,No,72.4,2,1.5,No,No,Yes,Low
STU-02843,55,Other,Fine Arts,6.9,4.7,,1,79,1,3,13.4,8.0,9,75,No,Gaming,2.3,6,Yes,86.7,1,2.37,Yes,Yes,Yes,Medium
STU-02844,49,Female,Education,4.9,2.8,279.0,10,78,2,6,1.0,1.7,0,150,Yes,Social Media/Trends,0.0,4,No,78.1,3,2.49,No,Yes,No,Medium
STU-02845,49,Other,Medicine,5.1,6.2,314.0,10,98,9,6,11.6,2.9,30,112,Yes,Entertainment,11.4,7,Yes,64.8,4,2.4,Yes,Yes,Yes,Medium
STU-02846,29,Female,Fine Arts,7.9,5.1,88.0,7,81,2,3,9.8,8.0,43,75,Yes,Entertainment,2.3,4,Yes,80.5,0,2.76,Yes,No,Yes,Medium
STU-02847,50,male,Other Program,5.7,2.2,289.0,1,108,1,2,3.6,0.4,52,150,No,Social Media/Trends,2.3,5,Yes,87.4,3,2.62,No,No,No,Medium
STU-02848,64,female,Computer Science,5.4,1.6,260.0,6,83,9,4,4.5,2.9,0,112,No,Entertainment,0.0,8,Yes,77.9,5,2.26,Yes,No,No,Low
STU-02849,54,Other,Culinary Arts,6.0,5.9,377.0,7,70,6,4,8.9,5.5,62,38,No,Entertainment,11.4,9,Yes,83.2,4,2.16,Yes,No,No,Low
STU-02850,61,female,Electrical Engineering,6.2,3.7,,1,109,2,2,5.4,3.4,29,112,Yes,Entertainment,,7,Yes,,5,1.99,No,Yes,Yes,Medium
STU-02851,47,Male,Fine Arts,4.5,1.3,223.0,7,66,9,5,4.5,5.1,42,38,Yes,Entertainment,9.1,7,Yes,80.0,4,2.93,Yes,Yes,No,Medium
STU-02853,61,Female,Visual Communication Design,5.3,2.5,231.0,6,73,6,4,15.1,6.3,26,75,No,Social Media/Trends,2.3,5,No,68.2,0,2.08,Yes,No,No,Low
STU-02854,24,Other,Computer Science,5.8,5.5,255.0,3,116,10,3,10.7,7.2,10,38,Yes,Education,,7,No,71.3,4,2.17,No,Yes,No,Low
STU-02855,34,Female,Other Program,5.9,0.7,16.0,9,105,5,7,8.9,7.6,48,38,No,Entertainment,6.8,5,Yes,82.8,3,2.31,Yes,No,No,Low
STU-02856,40,Male,Biology/Science,5.4,6.2,294.0,1,101,10,1,5.4,4.6,5,150,Yes,Education,0.0,7,Yes,76.4,7,2.1,No,Yes,Yes,Medium
STU-02857,61,Other,Medicine,6.8,3.5,356.0,3,91,7,4,1.9,4.6,54,150,Yes,Social Media/Trends,6.8,7,Yes,72.1,1,2.59,Yes,Yes,Yes,Medium
STU-02858,63,Female,Culinary Arts,7.8,1.3,394.0,7,109,9,4,14.2,5.1,14,75,No,Entertainment,0.0,10,Yes,58.1,7,1.5,No,No,No,Low
STU-02859,48,Other,Other Program,5.9,3.2,178.0,5,116,10,4,16.0,2.9,63,0,Yes,News,4.5,5,Yes,75.3,4,2.58,No,No,Yes,Medium
STU-02860,34,Male,Education,7.0,5.4,34.0,8,119,10,4,1.9,5.5,20,0,No,Entertainment,2.3,6,Yes,81.5,5,2.47,No,Yes,Yes,Low
STU-02863,50,Female,Sports Science,7.1,2.9,212.0,10,119,1,6,4.5,2.9,28,38,,News,0.0,8,Yes,90.8,2,2.36,No,Yes,No,Medium
STU-02864,35,Other,Biology/Science,7.6,3.6,283.0,7,90,2,5,6.3,5.5,42,0,Yes,News,9.1,6,No,70.1,1,2.99,Yes,Yes,Yes,Medium
STU-02866,36,Other,Sports Science,8.8,0.9,220.0,8,110,4,5,15.1,0.8,41,38,Yes,News,11.4,4,Yes,79.2,4,2.26,Yes,No,Yes,Medium
STU-02867,21,Other,Education,7.8,4.7,214.0,9,75,4,4,2.8,4.6,48,112,Yes,News,9.1,6,Yes,72.7,4,2.35,Yes,No,No,High
STU-02868,44,Female,Medicine,8.7,2.6,445.0,9,69,9,5,2.8,7.2,41,0,Yes,Education,0.0,5,Yes,78.9,0,2.15,No,No,No,Low
STU-02871,45,Other,Law,7.1,2.3,263.0,10,87,9,5,15.1,2.1,51,112,Yes,Gaming,2.3,6,No,,4,2.13,No,Yes,Yes,Low
STU-02872,40,Other,Electrical Engineering,6.7,3.4,298.0,10,87,1,7,12.5,1.7,99,38,Yes,Education,6.8,5,Yes,87.8,4,2.57,No,No,No,Low
STU-02875,22,Other,Medicine,6.7,0.4,381.0,5,95,9,5,2.8,8.0,51,38,Yes,News,9.1,9,Yes,88.7,6,2.68,Yes,Yes,No,Medium
STU-02877,64,Female,Biology/Science,5.8,0.1,343.0,1,65,9,2,2.8,8.0,74,112,Yes,Social Media/Trends,6.8,2,No,86.5,1,2.41,No,No,No,High
STU-02878,36,Male,Other Program,8.0,3.8,60.0,7,76,10,3,1.9,1.7,32,150,No,Social Media/Trends,15.9,4,No,78.9,1,2.85,Yes,Yes,No,Medium
STU-02881,57,Female,Fine Arts,7.0,5.7,80.0,2,76,10,1,8.9,0.8,53,38,Yes,Education,9.1,3,No,84.0,5,2.53,Yes,No,Yes,High
STU-02882,38,Male,Electrical Engineering,5.4,4.9,320.0,4,60,9,2,14.2,5.1,38,75,No,News,4.5,1,No,84.2,6,2.18,Yes,No,No,Low
STU-02884,20,Male,Information Systems,8.3,3.5,158.0,10,100,5,3,16.0,0.0,7,75,Yes,Education,0.0,10,Yes,86.9,3,2.07,No,Yes,Yes,Medium
STU-02886,38,Female,Sports Science,5.2,0.6,124.0,2,93,3,4,3.6,0.4,44,150,Yes,News,6.8,9,Yes,78.3,7,2.62,No,No,No,Medium
STU-02887,26,Male,Other Program,5.9,3.1,74.0,5,118,7,5,15.1,4.2,38,38,No,Gaming,13.6,4,No,83.9,4,2.78,Yes,Yes,Yes,Medium
STU-02889,48,Other,Medicine,6.3,0.6,397.0,4,86,3,3,8.1,2.1,87,150,Yes,Education,0.0,9,Yes,94.8,6,2.36,No,No,Yes,Low
STU-02890,28,Male,Visual Communication Design,6.9,3.2,205.0,5,70,9,4,15.1,4.2,31,150,No,Gaming,2.3,8,No,81.7,1,2.18,Yes,Yes,Yes,Low
STU-02891,63,Other,Nursing,5.9,4.2,158.0,9,65,8,5,13.4,1.7,44,150,No,Entertainment,2.3,6,Yes,66.7,1,2.2,Yes,No,No,Low
STU-02892,52,Female,Other Program,5.5,5.9,173.0,7,71,10,3,32.099999999999994,8.0,63,150,No,News,0.0,8,Yes,66.5,5,1.93,No,No,Yes,Low
STU-02893,32,Other,Electrical Engineering,8.5,2.2,562.0,10,72,6,4,5.699999999999999,2.1,28,75,No,Education,0.0,4,No,96.2,7,2.35,No,No,No,High
STU-02894,27,Female,Electrical Engineering,5.4,0.2,517.0,3,80,7,3,2.8,2.9,65,38,No,Social Media/Trends,2.3,8,Yes,80.7,6,2.37,No,No,No,Low
STU-02895,50,Other,Biology/Science,6.4,3.8,533.0,5,80,9,4,5.4,1.3,33,38,Yes,Social Media/Trends,6.8,7,No,82.4,7,2.4,No,Yes,Yes,Low
STU-02896,30,Other,Law,5.3,0.4,477.0,2,94,7,2,8.9,3.8,11,38,Yes,Gaming,0.0,2,No,77.1,1,2.64,No,No,No,High
STU-02897,41,Female,Electrical Engineering,8.8,5.2,580.0,8,69,6,3,13.4,1.7,4,112,Yes,Social Media/Trends,9.1,8,Yes,58.6,5,1.82,Yes,Yes,No,High
STU-02899,38,Other,Information Systems,6.6,2.1,375.0,3,107,3,2,2.8,2.9,37,112,No,Social Media/Trends,2.3,4,Yes,82.6,4,2.84,No,Yes,Yes,Medium
STU-02900,44,Male,Sports Science,4.9,0.5,587.0,8,111,2,8,14.2,3.8,47,150,No,Education,20.5,10,Yes,68.5,6,2.09,Yes,Yes,No,Low
STU-02901,22,Female,Electrical Engineering,9.4,3.9,461.0,2,91,8,1,15.1,4.2,53,75,Yes,Entertainment,9.1,3,Yes,71.4,4,2.55,Yes,No,No,High
STU-02903,29,male,Law,6.4,4.0,417.0,6,65,5,3,8.1,0.4,0,0,Yes,Education,6.8,8,Yes,83.6,4,1.94,Yes,Yes,Yes,High
STU-02904,50,Female,Visual Communication Design,5.8,0.9,183.0,7,84,4,4,13.4,2.9,9,75,Yes,Entertainment,2.3,8,Yes,83.9,0,2.1,Yes,No,Yes,Medium
STU-02905,18,MALE,Visual Communication Design,6.6,0.3,251.0,10,109,4,7,12.5,7.2,42,0,Yes,Gaming,0.0,9,Yes,72.8,2,1.91,No,Yes,Yes,Low
STU-02907,55,Male,Information Systems,5.4,2.5,373.0,1,100,3,3,4.5,1.3,27,112,Yes,,6.8,9,Yes,55.2,4,2.09,Yes,No,No,Medium
STU-02908,52,Female,Computer Science,5.4,2.9,188.0,3,82,2,3,13.4,0.4,39,150,Yes,Entertainment,18.2,8,Yes,,4,3.08,Yes,No,No,Medium
STU-02909,30,Male,Visual Communication Design,5.7,1.0,262.0,8,72,4,5,16.0,5.9,16,38,Yes,Gaming,11.4,8,Yes,64.4,0,2.47,Yes,Yes,No,Low
STU-02911,64,Male,Fine Arts,6.1,0.6,74.0,8,106,9,4,14.2,5.1,50,38,Yes,Social Media/Trends,11.4,5,No,,2,2.53,Yes,No,Yes,Medium
STU-02912,52,Female,Computer Science,5.6,2.1,381.0,4,92,8,4,8.1,2.5,73,0,No,Entertainment,4.5,9,Yes,92.4,9,1.84,No,Yes,No,Low
STU-02913,61,Other,Information Systems,5.2,2.5,298.0,4,89,10,4,7.2,5.9,26,0,No,Social Media/Trends,0.0,5,No,75.2,6,1.97,No,Yes,No,Low
STU-02915,64,Other,Medicine,6.5,4.3,308.0,10,66,10,5,8.9,5.9,57,38,No,News,6.8,5,Yes,67.7,5,2.63,Yes,Yes,Yes,Low
STU-02917,51,Male,Law,6.7,3.1,482.0,4,71,7,2,11.6,2.9,22,0,Yes,News,2.3,5,Yes,82.0,2,2.12,No,No,No,Medium
STU-02918,19,Male,Information Systems,6.7,2.4,155.0,1,94,7,2,15.1,6.7,35,75,No,Education,6.8,4,No,87.4,4,2.32,Yes,No,Yes,Low
STU-02920,51,Other,Electrical Engineering,5.2,2.1,456.0,9,79,7,3,4.5,7.6,9,-5,No,News,0.0,7,Yes,75.1,6,2.21,No,No,Yes,Low
STU-02921,40,Male,Computer Science,6.3,5.1,160.0,2,89,7,3,8.1,8.0,67,38,No,News,2.3,4,Yes,64.3,1,2.88,No,Yes,No,Low
STU-02923,57,Male,Other Program,4.6,4.1,7.0,7,118,7,5,1.0,6.7,60,38,No,News,9.1,3,Yes,84.4,6,2.68,Yes,Yes,Yes,Low
STU-02924,37,Female,Other Program,7.3,3.9,146.0,4,113,4,1,9.8,7.6,39,112,Yes,Education,4.5,7,Yes,75.7,3,2.22,Yes,Yes,No,High
STU-02925,33,Male,Law,6.3,3.8,283.0,3,92,6,4,8.1,6.3,20,75,No,News,2.3,4,Yes,88.1,0,2.37,No,Yes,No,Medium
STU-02926,49,Female,Other Program,8.2,2.3,247.0,1,98,3,1,7.2,1.7,75,112,No,Entertainment,2.3,6,Yes,70.2,6,2.18,No,Yes,No,Low
STU-02927,19,Female,Information Systems,7.4,0.0,278.0,3,80,7,2,15.1,3.8,46,75,Yes,News,0.0,10,Yes,,5,1.5,No,No,Yes,Low
STU-02928,47,Other,Fine Arts,6.8,2.2,209.0,10,117,10,7,1.0,1.3,20,0,Yes,Gaming,6.8,5,Yes,72.9,6,2.31,No,No,No,Low
STU-02929,40,Other,Culinary Arts,5.3,0.3,295.0,1,112,9,2,1.9,4.2,47,112,No,Social Media/Trends,2.3,6,Yes,77.2,4,1.99,Yes,Yes,No,Low
STU-02931,36,Female,Electrical Engineering,4.4,1.2,493.0,10,108,1,8,12.5,,70,150,Yes,Education,9.1,6,No,72.5,1,2.44,Yes,No,Yes,Low
STU-02932,48,Other,Fine Arts,7.0,4.8,285.0,3,89,5,3,16.0,7.2,63,0,No,News,2.3,6,Yes,87.4,6,1.84,Yes,No,No,Low
STU-02933,30,Female,Education,7.7,2.7,44.0,1,109,8,1,3.6,,71,112,Yes,Education,4.5,4,No,97.6,3,2.54,Yes,Yes,Yes,High
STU-02934,28,Other,Other Program,4.3,0.0,565.0,10,119,2,8,8.9,3.8,0,75,No,Entertainment,18.2,8,Yes,78.6,5,2.46,Yes,No,Yes,Low
STU-02935,43,Other,Electrical Engineering,7.8,2.2,538.0,10,62,4,5,13.4,7.2,8,0,Yes,Gaming,2.3,1,No,95.4,0,2.39,Yes,No,Yes,Medium
STU-02936,20,Other,Information Systems,7.2,0.3,120.0,8,107,8,3,15.1,3.4,20,75,Yes,Education,2.3,3,No,97.1,1,2.32,No,No,No,High
STU-02938,21,Male,Computer Science,6.6,1.3,169.0,8,108,6,4,12.5,1.7,22,38,Yes,Entertainment,9.1,1,Yes,85.8,2,2.47,No,Yes,No,High
STU-02939,31,MALE,Biology/Science,4.5,0.1,410.0,8,111,2,10,10.7,3.8,66,112,No,Social Media/Trends,13.6,3,No,99.5,3,2.92,Yes,No,Yes,Medium
STU-02940,52,Female,Other Program,6.7,0.2,267.0,2,72,9,1,11.6,1.3,25,0,No,News,0.0,10,Yes,79.3,7,1.96,No,Yes,Yes,Low
STU-02942,46,Male,Education,5.3,3.6,276.0,1,80,9,3,2.8,2.1,37,150,Yes,News,4.5,8,Yes,,3,2.45,No,No,Yes,Medium
STU-02945,44,MALE,Other Program,7.4,6.4,216.0,5,88,6,2,6.3,3.4,19,112,Yes,Social Media/Trends,,5,No,97.1,3,2.85,Yes,Yes,Yes,High
STU-02946,31,Other,Education,7.4,2.3,219.0,9,102,9,5,9.8,0.8,35,-5,Yes,Education,6.8,5,No,70.2,5,2.44,Yes,No,No,Low
STU-02948,26,Other,Electrical Engineering,6.9,1.0,362.0,9,113,2,4,8.9,0.8,0,112,Yes,Social Media/Trends,2.3,6,Yes,69.7,1,2.47,No,No,No,Medium
STU-02949,44,Female,Electrical Engineering,7.0,4.4,381.0,6,64,9,3,3.6,0.0,55,75,Yes,Social Media/Trends,0.0,7,Yes,83.4,3,2.78,No,No,Yes,High
STU-02950,59,Other,Sports Science,6.2,2.9,54.0,4,114,4,5,13.4,6.7,41,0,Yes,Education,4.5,6,No,91.4,2,2.37,Yes,No,No,Low
STU-02951,35,Female,Information Systems,6.4,5.6,,1,88,9,1,12.5,,96,0,No,Education,2.3,2,No,90.0,3,2.47,No,No,No,Medium
STU-02952,57,Female,Culinary Arts,7.7,3.4,271.0,7,70,6,5,4.5,1.3,84,150,Yes,Social Media/Trends,6.8,10,Yes,92.0,7,2.62,Yes,No,Yes,Medium
STU-02954,30,Male,Medicine,5.7,4.6,576.0,7,60,9,5,9.8,6.7,54,38,Yes,Entertainment,2.3,5,No,78.4,8,2.35,Yes,Yes,No,Medium
STU-02955,53,male,Education,7.1,3.0,172.0,4,84,6,3,9.8,0.8,0,150,Yes,News,9.1,8,Yes,88.7,4,2.34,Yes,No,Yes,High
STU-02956,64,Other,Law,5.1,2.3,318.0,2,85,9,4,13.4,5.9,45,112,No,Gaming,4.5,9,Yes,73.5,4,2.4,Yes,Yes,Yes,Low
STU-02957,42,Other,Culinary Arts,6.4,2.0,151.0,5,98,1,5,13.4,1.3,13,75,Yes,Social Media/Trends,4.5,3,Yes,69.1,2,2.69,No,Yes,No,High
STU-02958,44,Male,Biology/Science,7.0,1.2,559.0,5,99,1,4,12.5,7.2,8,112,Yes,Entertainment,4.5,3,Yes,93.7,2,2.54,Yes,No,No,High
STU-02959,32,Other,Information Systems,7.1,6.4,129.0,3,103,6,3,6.3,8.0,66,112,No,Education,0.0,4,No,86.7,3,2.35,No,No,No,Low
STU-02960,26,Female,Culinary Arts,6.1,7.1,272.0,4,72,9,3,11.6,3.4,46,150,No,Education,4.5,5,No,84.5,7,2.67,Yes,Yes,Yes,Low
STU-02961,56,Male,Computer Science,9.5,6.1,264.0,3,84,10,1,15.1,6.3,6,150,No,Gaming,18.2,7,No,71.6,3,2.54,Yes,No,Yes,High
STU-02963,47,Male,Biology/Science,6.0,1.3,503.0,10,64,2,5,4.5,1.7,59,112,Yes,Social Media/Trends,6.8,8,Yes,80.3,9,2.43,Yes,No,Yes,Low
STU-02964,21,Male,Computer Science,7.1,1.2,347.0,6,93,8,4,7.2,7.6,0,38,No,Gaming,0.0,5,No,68.2,3,2.14,Yes,Yes,Yes,Low
STU-02966,48,Other,Nursing,6.3,1.9,391.0,8,109,3,4,1.9,0.8,51,75,Yes,Gaming,0.0,8,Yes,75.1,4,2.23,No,No,Yes,Medium
STU-02968,43,Female,Nursing,9.3,1.9,261.0,10,72,6,5,15.1,7.2,23,38,Yes,Gaming,4.5,6,No,74.7,7,1.94,No,No,No,Medium
STU-02969,56,Male,Computer Science,5.6,1.8,,8,114,5,5,16.0,3.8,17,75,No,Social Media/Trends,4.5,4,No,80.3,2,2.05,Yes,Yes,Yes,Low
STU-02970,46,Other,Law,6.0,1.2,288.0,10,64,7,7,4.5,8.0,24,0,Yes,Social Media/Trends,11.4,9,No,74.5,7,2.44,Yes,No,Yes,Low
STU-02971,37,Other,Sports Science,6.0,1.7,181.0,2,105,10,1,16.0,5.9,0,0,Yes,Entertainment,2.3,2,No,77.6,6,2.12,No,No,No,Medium
STU-02972,55,Male,Computer Science,6.4,5.4,203.0,8,113,10,4,7.2,7.6,75,38,Yes,News,2.3,7,Yes,80.0,1,2.15,No,Yes,Yes,Low
STU-02973,47,Other,Computer Science,7.0,1.1,163.0,10,94,10,6,9.8,2.5,59,150,No,News,9.1,10,Yes,78.5,3,2.35,Yes,No,No,Low
STU-02974,52,Female,Education,6.4,2.4,,4,108,4,3,6.3,8.0,68,150,No,Social Media/Trends,13.6,7,No,86.1,4,3.01,Yes,No,Yes,Low
STU-02975,20,Male,Biology/Science,7.8,0.2,487.0,5,77,5,4,14.2,2.9,79,75,No,Education,9.1,1,Yes,61.0,2,2.57,Yes,No,No,Medium
STU-02976,31,Other,Sports Science,6.7,4.8,223.0,8,90,8,4,2.8,4.6,29,150,Yes,Social Media/Trends,9.1,7,No,79.1,3,2.32,Yes,No,No,Medium
STU-02978,59,Male,Information Systems,8.2,3.7,353.0,6,106,4,4,12.5,5.9,12,75,Yes,Gaming,6.8,10,Yes,62.0,9,2.01,No,Yes,Yes,Low
STU-02979,29,Female,Nursing,6.5,4.0,315.0,3,73,3,2,11.6,3.8,43,112,No,News,2.3,9,No,70.9,5,2.48,Yes,No,Yes,Low
STU-02980,59,Female,Visual Communication Design,7.8,1.9,239.0,2,88,7,2,16.0,7.6,78,38,,Social Media/Trends,0.0,3,Yes,92.9,0,2.24,No,Yes,No,Medium
STU-02981,64,Male,Computer Science,6.7,4.1,117.0,5,109,6,2,7.2,4.6,29,112,Yes,Gaming,6.8,6,No,,6,2.37,Yes,No,Yes,Low
STU-02982,26,Other,Sports Science,8.2,2.5,98.0,4,104,9,2,10.7,0.8,63,75,No,Entertainment,4.5,8,No,75.8,8,1.82,No,Yes,No,Low
STU-02983,38,Male,Sports Science,5.2,0.3,124.0,6,101,9,2,1.9,5.9,65,150,No,Social Media/Trends,2.3,7,Yes,98.7,3,2.34,No,No,No,Low
STU-02985,42,Other,Fine Arts,5.4,2.2,77.0,6,103,6,5,6.3,7.6,38,112,Yes,Social Media/Trends,2.3,8,Yes,98.7,4,2.09,Yes,No,No,Low
STU-02986,29,Other,Culinary Arts,8.7,1.6,288.0,8,66,5,5,1.9,5.1,45,75,No,News,0.0,8,Yes,79.3,4,2.11,No,No,No,Low
STU-02987,39,Male,Sports Science,7.6,1.1,202.0,7,92,1,2,15.1,3.4,31,112,Yes,Entertainment,6.8,5,No,64.2,4,2.31,Yes,Yes,No,High
STU-02988,59,Other,Biology/Science,5.9,3.8,324.0,9,74,3,5,3.6,6.7,60,38,Yes,News,0.0,10,Yes,89.5,7,2.42,No,Yes,No,Low
STU-02989,60,FEMALE,Computer Science,7.4,3.4,202.0,5,62,4,1,2.8,2.1,49,0,Yes,Education,2.3,1,No,95.5,1,2.25,Yes,Yes,No,High
STU-02990,47,Female,Information Systems,6.2,3.5,217.0,8,61,5,6,3.6,,37,75,Yes,Social Media/Trends,4.5,5,No,100.0,2,2.47,Yes,Yes,Yes,Low
STU-02991,27,Other,Fine Arts,5.4,3.9,196.0,8,77,9,3,15.1,,58,0,No,Social Media/Trends,4.5,6,Yes,89.1,5,2.14,No,Yes,Yes,Low
STU-02992,30,Other,Visual Communication Design,6.9,5.9,192.0,5,101,3,3,11.6,4.6,54,0,Yes,Education,2.3,2,No,75.4,0,2.57,Yes,No,Yes,Low
STU-02994,60,Female,Culinary Arts,7.1,0.8,232.0,6,103,7,4,14.2,6.3,77,0,Yes,Education,6.8,7,No,70.7,4,2.22,Yes,Yes,Yes,Low
STU-02995,64,FEMALE,Biology/Science,5.1,6.9,364.0,8,114,9,5,3.6,2.9,83,75,Yes,Entertainment,0.0,4,Yes,78.1,3,2.52,No,No,Yes,Medium
STU-02999,44,FEMALE,Computer Science,6.5,0.7,359.0,9,106,3,4,11.6,5.9,36,150,No,Gaming,0.0,3,No,81.2,3,2.08,No,No,No,Low
STU-03000,28,Female,Computer Science,7.6,2.0,105.0,4,66,9,3,1.9,1.7,29,38,Yes,,0.0,4,Yes,65.7,1,2.19,No,Yes,No,Medium
STU-03001,41,female,Education,4.6,5.0,147.0,3,119,10,2,11.6,0.4,37,38,Yes,Gaming,0.0,9,Yes,99.1,3,1.83,No,Yes,No,Low
STU-03002,41,Female,Biology/Science,5.5,3.8,447.0,7,110,2,6,4.5,3.8,17,0,Yes,Entertainment,4.5,2,No,77.1,3,2.14,Yes,Yes,Yes,Medium
STU-03003,39,Other,Nursing,7.1,5.8,162.0,3,115,10,1,5.4,7.2,2,0,Yes,Social Media/Trends,13.6,8,Yes,67.5,7,2.13,Yes,Yes,Yes,Medium
STU-03005,64,Male,Computer Science,5.3,5.0,361.0,10,62,2,5,12.5,0.4,64,75,No,Social Media/Trends,2.3,6,Yes,,5,2.55,No,No,No,Low
STU-03006,29,Female,Law,4.2,0.4,344.0,10,96,2,10,8.9,4.6,38,75,No,News,20.5,7,Yes,83.4,4,2.53,Yes,Yes,Yes,Low
STU-03007,47,Female,Electrical Engineering,5.3,1.5,585.0,9,107,4,9,13.4,2.5,29,112,Yes,Education,18.2,7,Yes,85.0,5,2.19,Yes,Yes,Yes,Low
STU-03008,55,Other,Culinary Arts,6.5,3.2,150.0,10,80,3,5,2.8,5.5,44,75,Yes,Social Media/Trends,2.3,3,No,93.7,2,2.91,No,Yes,Yes,Medium
STU-03009,19,Other,Culinary Arts,7.3,4.9,215.0,5,94,3,1,1.9,6.3,97,75,Yes,Social Media/Trends,0.0,8,Yes,80.2,5,2.47,No,No,Yes,Low
STU-03010,58,Female,Education,6.9,3.0,110.0,9,113,8,4,7.2,0.4,21,150,Yes,Education,2.3,5,Yes,89.1,4,2.63,No,Yes,No,High
STU-03011,42,Male,Fine Arts,7.8,5.0,292.0,7,114,8,3,10.7,5.1,50,112,,Social Media/Trends,4.5,1,No,100.0,1,2.59,No,No,Yes,Medium
STU-03012,48,Male,Law,6.4,3.4,423.0,7,73,4,4,13.4,0.4,37,0,Yes,Education,4.5,7,Yes,,5,2.02,Yes,No,Yes,Low
STU-03013,50,Female,Computer Science,5.7,1.3,145.0,2,99,8,4,16.0,3.8,37,0,Yes,Education,6.8,4,No,,6,2.58,Yes,Yes,No,Medium
STU-03014,50,Female,Sports Science,7.7,0.4,181.0,2,89,2,3,9.8,0.0,8,0,No,News,11.4,1,No,99.2,0,3.06,Yes,Yes,No,High
STU-03015,22,Male,Nursing,6.5,3.9,169.0,8,71,7,3,10.7,4.6,54,75,Yes,News,2.3,10,Yes,84.4,2,1.85,No,Yes,Yes,Low
STU-03019,64,Other,Sports Science,6.1,3.0,158.0,6,90,1,4,9.8,1.3,0,0,Yes,Social Media/Trends,0.0,7,No,84.9,1,2.22,No,Yes,Yes,High
STU-03021,18,Other,Computer Science,8.7,2.6,,2,96,2,4,13.4,4.2,42,150,No,Entertainment,2.3,10,No,82.1,5,2.31,No,No,Yes,Low
STU-03022,40,Female,Fine Arts,5.6,1.3,339.0,8,105,1,8,9.8,5.1,20,150,No,Social Media/Trends,9.1,4,No,73.2,5,2.55,Yes,Yes,Yes,Low
STU-03023,23,Female,Other Program,7.7,2.8,140.0,6,113,6,4,1.9,3.4,21,38,No,Gaming,6.8,6,No,58.6,5,2.57,Yes,Yes,Yes,Low
STU-03028,42,Female,Sports Science,7.4,3.9,218.0,7,108,3,4,9.8,2.5,76,75,No,Education,6.8,6,Yes,77.3,6,2.6,Yes,Yes,Yes,Low
STU-03029,61,Other,Information Systems,8.7,0.6,212.0,6,81,6,4,8.1,0.4,0,75,No,Entertainment,9.1,6,No,79.2,8,2.67,No,Yes,No,High
STU-03030,45,Other,Biology/Science,6.8,5.1,596.0,10,102,8,5,8.9,5.1,28,75,No,News,2.3,6,No,67.2,5,2.08,No,Yes,No,Low
STU-03031,43,Other,Information Systems,5.9,2.8,366.0,1,65,8,1,3.6,4.6,43,38,Yes,Entertainment,2.3,9,Yes,74.1,4,2.36,No,No,Yes,Low
STU-03032,55,Male,Law,7.5,1.0,,6,80,9,5,1.9,0.0,76,150,No,Education,13.6,7,No,74.1,8,3.22,Yes,No,Yes,Medium
STU-03033,63,Male,Visual Communication Design,4.8,4.2,291.0,1,82,3,2,11.6,7.2,20,38,Yes,Entertainment,0.0,8,Yes,74.1,5,2.1,No,Yes,Yes,Low
STU-03035,46,Male,Computer Science,3.2,0.6,574.0,9,106,3,8,8.9,7.6,53,112,No,News,9.1,7,Yes,73.7,7,2.31,No,Yes,Yes,Low
STU-03036,49,Female,Information Systems,7.0,2.7,125.0,9,107,1,3,12.5,2.5,51,112,No,Gaming,4.5,10,Yes,90.7,2,1.99,Yes,No,No,Low
STU-03037,40,Other,Culinary Arts,5.9,0.1,295.0,7,74,10,4,7.2,4.2,37,112,No,Social Media/Trends,0.0,5,No,65.1,5,2.02,No,Yes,Yes,Low
STU-03039,57,Female,Law,6.5,3.4,549.0,4,69,9,2,2.8,7.2,24,0,No,Education,0.0,4,No,77.9,3,2.49,No,Yes,Yes,Low
STU-03040,60,Other,Nursing,6.9,2.9,208.0,8,84,1,4,15.1,1.7,32,150,No,News,11.4,2,No,64.7,3,2.69,Yes,Yes,Yes,Medium
STU-03041,64,Other,Medicine,6.1,5.5,585.0,9,82,2,5,8.9,4.2,39,75,Yes,Social Media/Trends,2.3,6,No,89.1,4,2.63,Yes,Yes,No,Medium
STU-03042,35,Male,Fine Arts,6.6,3.5,273.0,9,113,2,6,12.5,0.4,25,112,Yes,Education,4.5,8,Yes,,2,2.22,No,No,Yes,Low
STU-03043,26,Other,Computer Science,6.4,5.8,165.0,2,113,5,1,1.0,2.5,20,38,Yes,Gaming,9.1,4,No,85.5,4,2.41,Yes,No,No,High
STU-03044,61,Other,Other Program,7.2,0.3,101.0,1,71,4,1,7.2,2.5,41,0,No,Social Media/Trends,0.0,4,No,81.3,0,2.83,No,No,No,Medium
STU-03047,57,Other,Education,5.9,5.0,219.0,9,60,1,3,10.7,7.6,57,112,No,Education,0.0,4,No,86.3,3,1.93,No,Yes,No,Low
STU-03048,42,Male,Information Systems,4.4,1.7,432.0,10,106,4,9,10.7,2.1,13,150,No,News,20.5,9,Yes,76.1,3,2.51,Yes,Yes,No,Low
STU-03050,35,Male,Law,8.3,2.3,265.0,4,70,1,4,9.8,,5,0,No,Gaming,6.8,1,No,92.6,1,2.7,Yes,Yes,Yes,High
STU-03051,34,Male,Nursing,7.5,1.9,337.0,4,97,3,3,13.4,3.4,27,0,No,Education,11.4,2,No,89.0,2,3.2,Yes,Yes,No,High
STU-03052,42,Male,Culinary Arts,7.4,1.8,309.0,2,71,5,2,3.6,0.0,13,150,Yes,Education,2.3,4,No,76.5,4,2.95,No,Yes,No,High
STU-03054,44,Female,Sports Science,6.8,3.2,153.0,7,104,8,3,7.2,0.0,31,75,Yes,Education,13.6,10,Yes,77.5,4,2.55,Yes,Yes,Yes,Medium
STU-03055,47,FEMALE,Law,5.4,0.8,427.0,3,83,7,2,3.6,0.4,34,150,Yes,Entertainment,9.1,3,No,95.9,1,2.99,Yes,No,Yes,High
STU-03056,52,FEMALE,Nursing,5.3,0.4,334.0,2,106,6,2,15.1,7.6,42,75,Yes,News,6.8,9,Yes,57.3,5,1.69,Yes,Yes,Yes,Low
STU-03057,44,Other,Other Program,7.0,3.3,244.0,8,65,10,4,9.8,,19,75,No,Entertainment,0.0,7,No,75.8,2,1.75,Yes,Yes,No,Low
STU-03059,40,Female,Sports Science,7.3,4.4,209.0,8,86,1,5,5.4,2.5,35,75,Yes,Social Media/Trends,0.0,5,No,78.0,8,2.18,No,Yes,No,High
STU-03060,27,Other,Sports Science,8.9,3.6,227.0,9,64,2,4,1.9,0.0,68,150,Yes,Gaming,4.5,4,No,79.1,3,2.21,Yes,No,No,High
STU-03061,43,Other,Sports Science,8.9,1.5,185.0,9,74,4,5,7.2,2.9,74,0,Yes,Education,6.8,4,Yes,72.7,3,2.02,Yes,No,Yes,High
STU-03062,43,Male,Education,10.3,5.6,253.0,2,90,8,1,14.2,2.5,50,0,,Gaming,6.8,7,No,70.6,3,2.15,Yes,No,Yes,Medium
STU-03063,33,Other,Information Systems,7.0,1.9,227.0,4,84,2,3,3.6,6.3,18,38,Yes,News,4.5,8,Yes,67.5,3,2.12,Yes,Yes,No,Low
STU-03064,18,Other,Electrical Engineering,5.2,2.4,311.0,7,95,5,3,7.2,6.3,38,0,Yes,News,6.8,9,Yes,81.1,3,2.42,Yes,Yes,No,Low
STU-03065,44,Other,Other Program,6.7,1.4,168.0,10,112,6,4,14.2,3.8,33,0,Yes,News,4.5,1,No,80.8,1,2.68,Yes,No,No,High
STU-03066,30,Female,Sports Science,6.2,6.8,,1,95,2,1,2.8,2.9,16,112,No,Education,4.5,10,Yes,61.6,6,1.69,Yes,Yes,Yes,Low
STU-03068,49,male,Law,4.5,0.9,359.0,9,118,2,8,13.4,7.6,6,75,No,Entertainment,13.6,2,Yes,98.4,3,2.8,Yes,Yes,No,Medium
STU-03069,50,MALE,Law,8.3,5.4,531.0,10,99,2,4,8.9,7.6,29,75,Yes,Education,0.0,4,No,82.5,1,2.31,No,No,Yes,Medium
STU-03070,47,Female,Information Systems,4.5,2.7,514.0,10,94,1,8,11.6,7.6,20,150,No,News,9.1,8,Yes,67.0,4,2.17,Yes,Yes,Yes,Low
STU-03071,49,Female,Fine Arts,7.7,2.1,136.0,5,79,3,2,9.8,5.1,8,75,Yes,News,4.5,5,No,65.7,3,3.0,No,No,No,High
STU-03074,35,FEMALE,Nursing,8.1,4.8,370.0,3,70,10,1,3.6,1.3,33,112,No,Social Media/Trends,0.0,7,Yes,92.3,4,2.27,No,No,Yes,Medium
STU-03075,18,Male,Biology/Science,8.2,0.6,563.0,6,85,1,2,11.6,6.3,67,150,Yes,Gaming,13.6,2,No,74.6,0,3.03,Yes,No,No,High
STU-03076,59,Male,Sports Science,5.6,3.1,254.0,5,98,5,4,13.4,4.2,28,0,Yes,Gaming,4.5,6,No,88.1,1,2.23,No,Yes,Yes,Medium
STU-03077,50,Other,Visual Communication Design,6.6,5.9,59.0,6,93,6,3,4.5,2.5,69,112,Yes,Entertainment,0.0,6,No,63.5,0,2.39,No,Yes,No,Low
STU-03078,36,Female,Nursing,4.9,1.1,312.0,9,113,3,10,8.1,6.3,49,150,Yes,News,18.2,5,Yes,80.2,1,2.81,Yes,Yes,Yes,Low
STU-03079,45,Male,Information Systems,7.6,1.9,144.0,2,114,8,1,7.2,5.1,36,150,No,Entertainment,2.3,8,Yes,85.3,7,2.69,No,No,Yes,Medium
STU-03080,30,Female,Education,7.4,2.4,87.0,6,91,9,2,11.6,2.5,23,38,Yes,Education,4.5,3,No,86.2,3,2.51,Yes,Yes,Yes,High
STU-03081,56,female,Nursing,6.9,2.3,,8,77,5,6,2.8,0.0,44,150,Yes,Education,11.4,4,No,60.8,1,2.41,Yes,Yes,Yes,Low
STU-03082,43,Other,Sports Science,5.3,7.1,197.0,2,117,8,4,3.6,5.9,99,112,Yes,Social Media/Trends,6.8,7,Yes,89.2,0,2.14,Yes,No,No,Low
STU-03083,38,Male,Law,6.8,2.0,441.0,8,61,9,5,8.1,8.0,65,0,No,Entertainment,9.1,6,No,78.8,6,2.45,Yes,No,Yes,Low
STU-03084,40,Female,Law,6.1,1.4,319.0,6,107,7,4,1.9,2.5,8,112,,Gaming,4.5,5,No,98.5,1,2.25,Yes,Yes,No,Low
STU-03085,62,Other,Information Systems,7.5,0.6,265.0,9,76,9,4,12.5,2.9,17,150,No,Education,0.0,4,No,80.1,3,2.1,Yes,No,No,Medium
STU-03088,57,Female,Sports Science,5.6,4.5,218.0,3,107,2,2,9.8,0.8,0,150,Yes,Gaming,9.1,9,Yes,,3,2.28,Yes,No,No,Medium
STU-03089,45,Female,Fine Arts,6.6,3.0,72.0,1,66,9,2,3.6,6.7,9,0,No,Education,0.0,4,Yes,89.2,4,2.3,No,No,Yes,Low
STU-03090,19,Other,Computer Science,7.1,1.3,314.0,8,115,7,3,15.1,4.2,49,112,Yes,Social Media/Trends,11.4,9,Yes,82.7,3,2.35,Yes,No,Yes,Medium
STU-03091,29,Female,Computer Science,6.2,2.5,156.0,10,61,2,5,8.399999999999999,2.9,63,112,No,Social Media/Trends,11.4,4,Yes,64.8,7,3.0,Yes,No,Yes,Low
STU-03092,29,Female,Law,4.2,0.4,344.0,10,96,2,10,8.9,4.6,38,75,No,News,20.5,7,Yes,83.4,4,2.53,Yes,Yes,Yes,Low
STU-03093,41,Male,Biology/Science,7.7,0.9,485.0,6,61,8,4,1.9,7.6,76,112,Yes,Gaming,2.3,5,No,87.6,4,1.99,No,No,Yes,Low
STU-03094,43,Other,Sports Science,9.5,0.7,198.0,10,72,6,7,7.2,4.6,60,38,No,Social Media/Trends,4.5,3,No,88.2,1,2.24,No,No,Yes,Medium
STU-03095,37 yrs,Male,Medicine,7.7,3.5,453.0,9,81,5,5,4.5,5.5,3,38,No,Entertainment,4.5,10,No,95.3,4,2.54,Yes,No,Yes,Low
STU-03096,34,Female,Sports Science,8.3,2.1,247.0,9,109,9,6,8.1,3.4,9,112,No,Social Media/Trends,6.8,9,No,72.3,2,2.31,No,Yes,No,Low
STU-03098,39,Other,Other Program,8.8,4.1,31.0,3,62,10,1,12.5,5.9,56,75,No,Social Media/Trends,2.3,2,No,86.2,5,2.25,No,No,No,Medium
STU-03099,40,Other,Visual Communication Design,5.2,1.6,278.0,10,73,10,7,8.9,4.6,46,75,Yes,Entertainment,9.1,7,Yes,74.0,4,2.55,Yes,Yes,Yes,Low
STU-03102,24,Male,Sports Science,8.2,0.0,154.0,2,70,1,1,7.2,6.3,28,150,Yes,News,0.0,8,Yes,81.1,3,2.0,No,Yes,No,Medium
STU-03105,42,Other,Visual Communication Design,6.9,0.0,100.0,1,98,9,1,6.3,,30,150,No,Entertainment,2.3,7,Yes,79.5,6,2.06,No,No,Yes,Medium
STU-03106,47,Other,Fine Arts,7.1,1.1,173.0,8,117,6,3,4.5,2.5,0,75,Yes,Entertainment,4.5,7,Yes,59.0,3,2.53,Yes,No,Yes,Medium
STU-03107,26,Other,Computer Science,6.9,1.6,,9,93,9,3,6.3,1.7,29,112,No,Social Media/Trends,9.1,8,Yes,80.1,8,1.83,Yes,No,Yes,Low
STU-03108,21,Female,Education,6.7,0.1,195.0,2,79,3,1,9.8,1.7,8,38,No,News,0.0,5,Yes,80.0,1,2.32,Yes,No,No,Low
STU-03109,53,Other,Fine Arts,5.7,2.7,248.0,4,112,2,4,15.1,3.4,2,75,Yes,Entertainment,2.3,9,Yes,89.6,4,2.23,No,Yes,Yes,Medium
STU-03110,61,Other,Information Systems,5.5,6.6,356.0,4,70,2,2,8.1,7.6,25,150,No,Gaming,4.5,6,Yes,82.0,8,2.23,No,No,Yes,Low
STU-03111,64,Male,Electrical Engineering,7.6,2.0,537.0,1,91,1,2,4.5,7.2,0,38,Yes,News,,7,No,74.7,1,2.43,Yes,No,Yes,Medium
STU-03113,34,Other,Electrical Engineering,5.7,0.8,426.0,9,112,4,9,10.7,3.4,14,75,Yes,Gaming,18.2,4,No,73.3,3,2.58,Yes,Yes,Yes,Medium
STU-03114,61,Male,Biology/Science,7.5,1.9,467.0,8,74,6,5,8.1,0.4,49,75,Yes,Social Media/Trends,2.3,10,Yes,83.0,3,1.88,Yes,Yes,Yes,High
STU-03115,42,Other,Law,5.2,0.5,571.0,10,113,1,10,11.6,3.4,53,112,No,Education,20.5,10,Yes,66.8,6,2.02,Yes,Yes,Yes,Low
STU-03116,61,Male,Culinary Arts,7.3,3.9,217.0,3,73,6,3,9.8,5.9,23,38,Yes,News,9.1,3,No,92.8,3,2.11,Yes,Yes,Yes,Medium
STU-03118,46,Other,Sports Science,7.9,7.7,244.0,4,100,4,3,14.2,4.2,24,150,No,Education,9.1,3,Yes,85.5,2,2.25,Yes,Yes,No,Low
STU-03119,26,Other,Fine Arts,7.1,2.7,225.0,9,85,7,4,9.8,3.4,48,38,No,Education,0.0,5,No,62.3,3,2.25,No,Yes,Yes,Low
STU-03120,21,Female,Nursing,6.8,0.4,142.0,3,65,7,3,6.3,8.0,18,112,Yes,Entertainment,0.0,4,No,89.5,5,2.93,No,No,Yes,High
STU-03121,42,female,Nursing,6.3,3.6,287.0,4,118,10,3,15.1,3.4,49,75,Yes,Social Media/Trends,0.0,5,No,86.4,5,2.73,No,Yes,No,Low
STU-03123,34,Male,Visual Communication Design,7.0,0.4,158.0,5,113,2,3,1.9,0.4,19,112,Yes,Social Media/Trends,6.8,3,No,83.5,3,2.6,Yes,Yes,Yes,High
STU-03124,39,Female,Biology/Science,4.4,0.4,412.0,8,117,4,10,11.6,5.5,69,112,Yes,Social Media/Trends,13.6,1,No,82.8,3,2.75,No,No,No,Low
STU-03125,62,Male,Electrical Engineering,6.3,1.1,508.0,10,100,7,5,8.9,5.5,95,38,No,Entertainment,,5,Yes,58.2,0,2.09,No,Yes,No,Low
STU-03126,42,Female,Information Systems,7.0,3.5,313.0,7,101,1,5,15.1,2.1,30,75,Yes,Social Media/Trends,2.3,5,No,68.2,6,1.9,Yes,No,Yes,Medium
STU-03127,46,Male,Fine Arts,6.4,4.1,246.0,9,63,8,4,6.3,2.5,17,75,No,Education,0.0,9,Yes,60.8,7,1.61,No,Yes,Yes,Low
STU-03128,40,Male,Biology/Science,6.3,1.7,280.0,3,69,10,4,14.2,7.6,7,0,,Social Media/Trends,2.3,8,Yes,91.7,6,2.57,No,Yes,No,Low
STU-03129,40,Male,Fine Arts,7.7,1.9,70.0,10,69,1,5,6.3,4.6,87,75,No,Education,9.1,5,No,83.8,5,2.76,Yes,Yes,Yes,Low
STU-03130,64,Female,Nursing,5.2,2.1,370.0,6,97,1,4,2.8,4.6,53,0,No,Social Media/Trends,0.0,4,Yes,86.7,7,2.29,Yes,No,No,Low
STU-03131,44,Male,Visual Communication Design,9.7,3.6,162.0,8,115,5,2,8.9,2.9,99,38,No,Gaming,4.5,4,No,69.0,4,2.61,No,No,Yes,High
STU-03132,62,Female,Fine Arts,5.6,1.7,130.0,8,76,6,3,15.1,7.6,11,75,No,Education,6.8,9,Yes,82.6,5,2.45,Yes,No,Yes,Low
STU-03135,44,MALE,Computer Science,7.6,6.4,378.0,9,69,9,4,10.7,0.8,76,75,No,Social Media/Trends,2.3,7,Yes,86.1,4,2.56,Yes,No,No,Low
STU-03136,28,Male,Other Program,8.6,1.9,295.0,7,73,3,1,9.8,2.1,60,75,Yes,News,0.0,10,Yes,57.9,8,2.32,No,Yes,No,Medium
STU-03137,22,Male,Sports Science,7.8,2.7,276.0,3,90,7,2,13.4,1.3,39,112,No,News,0.0,10,Yes,70.7,5,1.82,No,No,No,Low
STU-03139,28,MALE,Computer Science,3.4,1.0,437.0,9,111,4,8,11.6,5.5,31,150,No,Education,13.6,7,Yes,84.6,4,2.71,Yes,Yes,Yes,Low
STU-03140,20,Female,Information Systems,6.8,9.6,373.0,6,91,1,4,4.5,3.8,5,150,Yes,Gaming,2.3,4,Yes,61.4,2,2.41,Yes,Yes,Yes,Medium
STU-03141,45,Female,Culinary Arts,7.2,1.1,395.0,9,88,3,4,1.9,5.5,26,150,No,Gaming,2.3,3,No,82.6,4,2.37,No,Yes,No,Low
STU-03142,54,Male,Other Program,5.6,5.5,13.0,6,69,6,4,15.1,3.8,0,112,Yes,News,6.8,5,Yes,80.7,5,2.49,No,Yes,Yes,Medium
STU-03143,54,Male,Biology/Science,7.6,1.6,299.0,9,63,5,7,1.0,0.0,17,112,Yes,Social Media/Trends,11.4,10,No,81.4,2,2.38,Yes,Yes,No,Medium
STU-03144,64,Female,Law,7.5,1.4,587.0,1,81,4,1,14.2,7.2,59,75,Yes,Entertainment,,6,No,83.8,4,2.32,Yes,Yes,Yes,Medium
STU-03145,20,Other,Culinary Arts,7.8,3.7,211.0,6,101,8,2,5.4,0.4,58,0,Yes,Entertainment,2.3,1,No,96.7,3,2.94,No,No,Yes,High
STU-03148,40,Other,Medicine,7.6,3.2,327.0,10,97,5,4,9.8,3.4,70,112,No,Social Media/Trends,4.5,6,Yes,84.5,1,2.29,Yes,Yes,No,Low
STU-03149,41,Male,Sports Science,7.2,2.5,85.0,8,69,1,5,1.9,,67,112,Yes,Social Media/Trends,4.5,4,Yes,75.8,0,2.65,Yes,No,Yes,Medium
STU-03150,35,Female,Law,5.8,1.7,283.0,8,78,7,5,2.8,1.3,0,112,No,Social Media/Trends,15.9,7,Yes,87.6,1,2.82,Yes,Yes,Yes,Low
STU-03151,63,Male,Other Program,7.6,2.8,241.0,6,96,9,4,2.8,,50,150,Yes,Education,2.3,2,No,75.0,5,2.44,No,No,No,Medium
STU-03152,50,Other,Other Program,7.7,2.8,133.0,5,99,6,2,4.5,1.3,30,38,Yes,Gaming,4.5,8,Yes,76.8,5,2.43,No,No,Yes,Medium
STU-03153,33,Male,Other Program,6.6,0.5,103.0,4,78,9,4,13.4,4.6,33,112,No,Education,2.3,5,No,74.8,2,1.94,No,No,No,Low
STU-03154,23,Male,Biology/Science,6.3,0.3,409.0,4,98,6,5,6.3,0.0,18,150,,Entertainment,6.8,3,No,76.8,1,2.76,Yes,No,No,Low
STU-03155,37,Other,Other Program,7.1,5.4,261.0,10,65,9,6,8.9,5.9,18,112,Yes,News,6.8,6,Yes,80.7,6,2.48,Yes,Yes,Yes,Low
STU-03156,47,Other,Visual Communication Design,6.1,5.9,145.0,6,75,6,4,6.3,4.6,29,112,No,Social Media/Trends,4.5,4,No,85.3,6,2.53,No,Yes,Yes,Low
STU-03158,50,Male,Law,6.9,3.7,573.0,6,77,10,5,10.7,6.7,12,38,No,Gaming,9.1,3,No,,1,2.53,Yes,Yes,No,Medium
STU-03159,27,Other,Information Systems,8.8,0.4,352.0,6,87,3,3,13.4,2.5,53,112,Yes,Entertainment,4.5,8,Yes,100.0,6,2.01,No,No,Yes,High
STU-03160,62,Female,Fine Arts,7.0,4.0,70.0,10,88,4,3,4.5,6.3,24,38,No,Social Media/Trends,2.3,4,Yes,86.8,0,2.59,No,No,Yes,Low
STU-03161,59,female,Culinary Arts,7.5,2.7,104.0,4,100,5,3,1.9,6.3,61,0,Yes,Education,4.5,7,Yes,68.9,1,2.18,No,Yes,Yes,Low
STU-03162,32,Male,Education,5.8,3.6,160.0,3,97,10,5,6.3,8.0,64,150,No,Gaming,4.5,7,Yes,75.9,3,2.66,No,Yes,No,Low
STU-03163,32,Male,Information Systems,5.6,1.6,315.0,3,86,1,2,14.2,5.1,12,38,Yes,Gaming,6.8,8,Yes,71.0,4,2.22,No,No,Yes,Medium
STU-03164,61,Other,Law,7.1,1.9,317.0,3,68,6,3,4.5,8.0,53,38,No,Gaming,6.8,5,Yes,75.8,4,2.58,Yes,No,Yes,Low
STU-03165,29,Other,Biology/Science,7.7,4.3,468.0,4,101,7,3,1.9,8.0,61,75,Yes,Social Media/Trends,2.3,6,No,75.6,4,2.03,No,No,No,Medium
STU-03166,35,Female,Other Program,4.5,4.3,288.0,1,92,1,3,11.6,3.8,36,0,Yes,Entertainment,,3,No,85.0,5,2.18,No,Yes,No,High
STU-03167,49,FEMALE,Education,7.8,0.4,153.0,7,101,7,2,8.9,5.9,62,150,No,Gaming,4.5,8,No,73.9,4,2.46,Yes,Yes,No,Low
STU-03168,36,female,Law,7.6,2.7,595.0,8,117,5,6,11.6,0.8,62,0,Yes,News,4.5,4,No,100.0,3,2.67,Yes,No,No,Medium
STU-03170,58,Other,Sports Science,7.1,2.4,198.0,3,64,9,4,1.9,2.1,12,38,Yes,Education,6.8,6,No,81.7,2,2.64,Yes,No,No,High
STU-03171,45,Male,Other Program,3.7,1.1,32.0,10,60,9,5,10.7,8.0,38,75,No,Gaming,9.1,1,No,82.3,2,2.83,Yes,Yes,No,Low
STU-03172,29,FEMALE,Law,8.0,6.3,464.0,9,85,4,3,3.6,8.0,0,75,Yes,Entertainment,4.5,7,No,80.7,2,2.63,Yes,No,Yes,Medium
STU-03173,25,Other,Education,7.8,5.9,258.0,2,119,2,3,3.6,5.9,22,112,Yes,Entertainment,4.5,2,No,79.6,3,2.78,No,No,No,High
STU-03174,61,Male,Culinary Arts,5.9,2.7,190.0,6,90,5,5,8.9,4.2,79,0,,Gaming,9.1,4,No,69.1,6,2.63,Yes,Yes,Yes,Low
STU-03176,28,Male,Biology/Science,8.4,1.0,571.0,1,99,8,1,6.3,8.0,35,38,No,Entertainment,2.3,3,Yes,72.7,2,1.9,No,Yes,No,Low
STU-03177,34,Male,Information Systems,5.2,2.0,389.0,8,110,4,8,14.2,5.1,64,75,Yes,Social Media/Trends,9.1,6,No,76.9,5,2.62,Yes,No,No,Low
STU-03178,39,Male,Culinary Arts,4.2,1.1,440.0,10,95,3,9,9.8,2.5,11,75,No,Entertainment,9.1,10,Yes,77.5,5,2.41,Yes,Yes,Yes,Low
STU-03179,25,Male,Visual Communication Design,5.3,2.3,445.0,10,113,2,9,10.7,2.9,16,150,No,Gaming,11.4,2,Yes,85.8,3,2.8,Yes,Yes,Yes,Low
STU-03180,52,Male,Biology/Science,7.6,0.3,485.0,8,61,10,5,9.8,2.5,0,150,No,News,9.1,8,Yes,89.4,5,2.4,Yes,Yes,Yes,Medium
STU-03181,21,MALE,Culinary Arts,5.7,2.6,275.0,3,89,4,2,15.1,5.1,44,38,Yes,Entertainment,0.0,2,Yes,96.1,5,1.96,Yes,Yes,No,Medium
STU-03182,48,male,Computer Science,6.9,6.5,,9,68,8,4,11.6,2.5,45,75,Yes,Social Media/Trends,2.3,8,No,73.7,2,1.87,Yes,No,Yes,Low
STU-03185,46,Other,Nursing,6.9,2.0,214.0,6,80,7,6,7.2,2.5,63,150,Yes,Education,4.5,8,Yes,,5,2.23,Yes,Yes,Yes,Medium
STU-03186,63,Female,Medicine,6.9,0.5,454.0,8,75,9,4,8.9,4.2,37,0,Yes,Social Media/Trends,,8,No,79.8,2,2.09,Yes,No,No,Medium
STU-03187,57,Male,Other Program,7.1,2.2,280.0,1,71,7,2,1.9,5.9,24,75,Yes,Social Media/Trends,0.0,5,No,77.5,3,2.3,No,No,Yes,Medium
STU-03188,23,Other,Nursing,6.5,2.3,358.0,1,70,2,1,14.2,0.4,0,0,No,Gaming,0.0,1,No,80.1,1,2.6,No,No,No,High
STU-03189,51,Other,Visual Communication Design,6.3,3.3,231.0,7,87,3,5,6.3,7.2,21,75,No,News,0.0,10,Yes,76.4,5,2.04,No,Yes,Yes,Low
STU-03190,58,Female,Biology/Science,7.8,4.7,267.0,2,117,9,3,8.9,0.0,0,0,Yes,Education,6.8,6,No,66.9,2,2.56,Yes,No,No,High
STU-03191,42,Male,Sports Science,4.8,2.3,454.0,10,107,2,8,8.9,3.4,22,150,No,News,13.6,7,Yes,73.0,5,2.57,Yes,Yes,Yes,Low
STU-03192,38,Other,Nursing,6.7,2.4,167.0,3,96,10,3,1.0,4.2,46,112,Yes,Entertainment,2.3,7,Yes,67.7,3,2.82,Yes,No,Yes,High
STU-03193,62,Other,Visual Communication Design,6.9,4.8,277.0,8,94,7,4,13.4,2.1,4,0,No,,2.3,4,No,86.0,5,2.07,Yes,No,No,Medium
STU-03194,43,Male,Medicine,7.6,3.3,302.0,8,77,1,4,6.3,0.0,50,75,No,Entertainment,11.4,7,No,86.0,2,2.55,Yes,No,No,Medium
STU-03195,25,Female,Education,7.8,4.9,236.0,6,87,2,3,9.8,6.7,24,38,Yes,Social Media/Trends,6.8,5,No,83.4,7,2.17,Yes,No,No,Low
STU-03196,58,Female,Other Program,6.7,2.7,233.0,7,119,9,5,12.5,2.9,17,112,No,Social Media/Trends,6.8,7,No,92.5,6,2.36,Yes,No,Yes,Low
STU-03200,34,Female,Law,7.8,1.8,457.0,1,92,1,3,4.5,5.9,15,112,No,Education,9.1,9,Yes,77.8,2,2.62,Yes,Yes,Yes,Medium
STU-03201,40,Female,Biology/Science,7.3,2.4,271.0,4,92,7,2,6.3,5.9,49,150,No,Social Media/Trends,0.0,8,No,71.4,8,1.81,No,Yes,Yes,Low
STU-03202,38,Other,Medicine,6.2,1.0,472.0,3,76,7,4,13.4,4.6,2,75,No,Entertainment,9.1,6,Yes,78.4,4,2.05,Yes,No,No,Low
STU-03203,41,Other,Medicine,7.5,0.9,303.0,10,116,6,5,7.2,2.5,55,38,No,Education,2.3,5,No,89.9,2,2.86,Yes,No,No,Medium
STU-03204,41,Other,Culinary Arts,4.9,1.5,254.0,10,82,3,6,6.3,2.5,31,38,Yes,Social Media/Trends,15.9,6,Yes,90.7,4,2.79,Yes,No,Yes,Medium
STU-03205,48,Female,Other Program,6.7,2.6,206.0,1,104,10,2,2.8,0.8,0,112,No,Education,9.1,6,No,80.6,1,2.28,Yes,No,Yes,High
STU-03206,21,Other,Sports Science,7.3,5.4,222.0,5,84,3,4,11.6,6.3,36,0,Yes,Social Media/Trends,2.3,6,No,99.5,5,2.36,No,Yes,No,High
STU-03207,20,Other,Medicine,7.7,2.0,339.0,2,108,10,2,10.7,1.3,24,0,No,News,9.1,3,Yes,65.7,1,2.52,Yes,Yes,No,Medium
STU-03208,53,Female,Biology/Science,7.0,5.7,257.0,8,64,6,5,11.6,8.0,0,112,Yes,Entertainment,2.3,9,No,85.5,5,1.69,No,Yes,Yes,Medium
STU-03209,40,Other,Law,6.4,6.1,597.0,2,111,10,4,3.6,5.9,28,112,Yes,Social Media/Trends,11.4,5,No,63.2,2,2.6,Yes,No,No,Medium
STU-03210,56,Female,Medicine,6.6,4.8,573.0,7,72,10,3,1.0,2.5,0,0,Yes,Entertainment,4.5,7,Yes,62.5,3,2.08,No,No,No,Medium
STU-03211,25,Other,Visual Communication Design,3.9,0.1,331.0,9,111,1,8,9.8,6.3,20,75,No,Social Media/Trends,9.1,7,Yes,94.0,3,2.6,Yes,No,Yes,Low
STU-03212,37,Other,Other Program,6.7,2.2,37.0,7,104,3,5,13.4,5.9,0,0,Yes,Education,6.8,8,Yes,85.5,7,2.09,Yes,Yes,No,Medium
STU-03213,45,Male,Electrical Engineering,5.4,3.0,518.0,8,117,2,10,8.9,5.1,0,150,No,Gaming,18.2,10,Yes,,10,2.26,Yes,No,No,Low
STU-03214,57,Male,Culinary Arts,6.2,2.6,,8,71,1,4,11.6,2.1,48,0,Yes,News,4.5,4,No,81.7,4,2.24,Yes,Yes,No,Medium
STU-03215,30,Male,Biology/Science,8.4,5.7,,1,68,3,2,14.2,2.9,47,150,Yes,Gaming,11.4,8,Yes,,2,2.36,Yes,No,No,High
STU-03217,53,MALE,Visual Communication Design,7.0,4.6,218.0,4,99,1,2,3.6,0.4,9,150,Yes,,4.5,5,Yes,63.3,3,2.44,No,Yes,Yes,High
STU-03219,23,Other,Information Systems,7.9,3.4,284.0,5,64,1,3,7.2,3.4,30,112,No,Entertainment,0.0,8,Yes,87.6,2,2.42,No,Yes,No,Low
STU-03221,30,Female,Medicine,7.3,1.9,591.0,9,69,5,5,6.3,1.3,8,0,No,Social Media/Trends,11.4,3,No,81.2,1,2.68,Yes,Yes,No,Low
STU-03222,24,Male,Law,8.7,0.6,259.0,9,93,3,3,13.5,5.9,38,0,No,Gaming,4.5,8,Yes,87.0,8,2.86,Yes,No,No,Low
STU-03225,21,Male,Other Program,5.0,0.0,412.0,10,114,2,9,10.7,8.0,40,75,No,Education,15.9,9,Yes,73.6,4,2.23,Yes,Yes,No,Low
STU-03226,59,Female,Fine Arts,4.9,1.6,66.0,8,101,2,3,3.6,,33,112,No,Gaming,4.5,1,No,59.3,3,2.9,Yes,Yes,No,Low
STU-03228,54,Male,Education,6.8,1.4,243.0,6,109,6,3,3.6,7.6,0,38,Yes,Entertainment,2.3,8,Yes,72.8,7,1.96,No,No,No,Low
STU-03229,50,Other,Culinary Arts,6.5,5.4,133.0,3,70,6,1,11.6,3.4,43,112,Yes,Education,0.0,2,No,80.3,0,2.11,No,No,Yes,High
STU-03231,33,Other,Visual Communication Design,4.0,2.9,392.0,9,98,2,8,40.2,4.2,58,150,No,Entertainment,15.9,6,No,67.6,0,2.6,Yes,Yes,Yes,Low
STU-03232,38,Female,Visual Communication Design,6.9,1.8,239.0,7,116,10,2,3.6,2.5,67,75,Yes,Entertainment,4.5,10,Yes,77.3,8,1.99,Yes,No,Yes,Low
STU-03233,18,Other,Law,6.2,0.2,281.0,9,96,4,4,1.9,0.0,47,112,Yes,Education,20.5,5,Yes,69.9,4,3.1,Yes,No,Yes,Medium
STU-03234,41,Other,Electrical Engineering,8.1,2.0,266.0,5,114,2,4,13.4,1.7,31,38,Yes,Entertainment,4.5,4,No,91.4,2,2.18,No,Yes,No,High
STU-03235,48,Female,Electrical Engineering,6.5,1.7,504.0,3,78,5,4,11.6,1.7,0,150,No,Gaming,9.1,9,Yes,95.8,6,2.31,Yes,Yes,No,Low
STU-03237,20,Other,Nursing,6.6,4.5,194.0,6,64,2,2,5.4,7.6,59,75,No,Entertainment,2.3,7,No,87.0,1,2.3,No,No,No,Low
STU-03238,26,Male,Visual Communication Design,7.6,2.2,91.0,6,117,2,2,12.5,7.6,49,38,Yes,Education,2.3,5,No,77.4,5,2.46,Yes,Yes,Yes,Low
STU-03242,51,Other,Electrical Engineering,5.4,2.8,456.0,1,69,9,2,13.4,0.8,34,0,Yes,News,11.4,7,No,71.2,2,2.39,Yes,No,Yes,Medium
STU-03243,56,Male,Visual Communication Design,6.6,5.2,172.0,2,77,3,3,4.5,4.6,45,0,Yes,Education,6.8,8,Yes,68.0,3,2.22,Yes,No,Yes,Medium
STU-03244,32,female,Education,5.3,0.6,442.0,9,92,1,9,9.8,7.2,34,150,No,Gaming,9.1,10,Yes,100.0,5,2.15,No,Yes,Yes,Low
STU-03245,19,Female,Other Program,8.6,1.8,88.0,10,85,2,4,13.4,1.3,23,150,Yes,Social Media/Trends,4.5,5,Yes,81.6,0,2.44,Yes,Yes,Yes,High
STU-03246,35,male,Information Systems,6.0,5.0,245.0,6,118,9,4,6.3,3.4,84,38,Yes,Gaming,0.0,6,No,78.4,3,2.83,No,No,No,Medium
STU-03247,43,Male,Visual Communication Design,6.8,2.9,179.0,10,109,1,4,8.1,0.0,33,0,Yes,Gaming,,6,Yes,,1,2.1,No,Yes,No,Low
STU-03248,34,Female,Law,7.8,1.3,364.0,2,106,4,3,8.9,0.8,50,150,No,News,4.5,10,Yes,86.4,6,2.2,No,Yes,No,Medium
STU-03249,43,Other,Fine Arts,7.9,0.7,235.0,4,62,8,4,12.5,1.3,21,0,Yes,News,2.3,6,No,80.3,3,2.24,No,Yes,Yes,Medium
STU-03250,23,Male,Nursing,6.7,1.5,306.0,7,68,8,5,6.3,,19,150,Yes,News,6.8,6,Yes,88.4,5,2.75,Yes,No,No,High
STU-03251,20,Male,Sports Science,4.8,0.4,328.0,9,116,1,9,11.6,8.0,5,112,No,Entertainment,20.5,7,Yes,60.3,2,2.87,No,Yes,No,Low
STU-03252,43 yrs,FEMALE,Electrical Engineering,7.4,1.4,476.0,2,119,3,2,3.6,3.4,29,0,Yes,News,2.3,4,No,,3,2.93,No,Yes,No,High
STU-03253,37,Male,Computer Science,7.4,1.9,315.0,4,72,9,3,5.4,0.8,53,112,Yes,News,9.1,5,Yes,77.2,5,2.64,Yes,Yes,Yes,Medium
STU-03254,22,Female,Nursing,5.3,0.1,473.0,9,110,2,8,16.0,3.4,38,112,No,Entertainment,13.6,10,Yes,74.9,1,2.16,No,Yes,Yes,Low
STU-03255,36,Male,Other Program,4.6,0.9,317.0,8,113,4,10,8.9,7.6,3,150,Yes,Entertainment,11.4,7,Yes,77.1,7,2.43,No,No,No,Low
STU-03256,38,Male,Nursing,4.5,0.9,422.0,9,93,1,10,11.6,5.5,56,75,,Social Media/Trends,9.1,3,Yes,98.2,1,2.44,No,Yes,No,Low
STU-03257,59,Other,Computer Science,7.4,4.8,298.0,5,86,3,3,11.6,0.8,55,38,No,Entertainment,2.3,1,No,86.2,3,2.69,No,Yes,No,Low
STU-03258,40,Female,Education,6.9,0.4,298.0,3,74,6,3,9.8,0.8,22,112,No,Entertainment,9.1,7,No,75.4,2,2.41,Yes,No,No,Low
STU-03259,55,Female,Biology/Science,6.4,4.0,598.0,1,67,4,2,9.8,1.7,58,112,Yes,Gaming,9.1,2,No,100.0,0,2.81,Yes,No,Yes,High
STU-03260,44,Other,Sports Science,5.5,4.6,174.0,5,108,7,2,3.6,7.6,36,75,No,Gaming,9.1,3,Yes,96.8,2,2.42,Yes,No,Yes,Low
STU-03262,45,Other,Other Program,6.7,7.0,43.0,6,64,9,3,5.4,0.0,38,0,No,Social Media/Trends,0.0,4,Yes,86.2,9,2.47,No,Yes,No,Low
STU-03263,50,Other,Medicine,6.6,0.9,567.0,7,85,4,5,7.2,0.0,27,150,Yes,News,2.3,7,Yes,82.3,5,2.68,No,Yes,Yes,High
STU-03265,60,Male,Sports Science,5.5,0.4,298.0,4,83,7,4,12.5,4.6,44,75,Yes,Social Media/Trends,4.5,2,No,85.0,2,2.31,Yes,Yes,Yes,Medium
STU-03267,41,Other,Visual Communication Design,5.0,2.1,559.0,9,114,1,10,10.7,6.7,75,75,No,News,9.1,5,Yes,86.6,4,2.27,Yes,Yes,No,Low
STU-03270,61,Male,Visual Communication Design,5.7,2.5,168.0,4,73,7,3,11.6,2.1,25,75,No,Education,6.8,10,Yes,87.8,5,2.3,Yes,No,No,Low
STU-03271,53,Female,Computer Science,6.2,5.1,114.0,2,110,7,1,12.5,2.9,45,0,No,Social Media/Trends,0.0,2,No,,5,2.56,No,Yes,No,High
STU-03272,54,Other,Computer Science,6.3,2.2,106.0,9,67,9,4,2.8,1.3,14,150,No,News,6.8,5,No,82.9,2,2.87,Yes,No,Yes,Medium
STU-03275,32,Male,Medicine,7.3,0.8,590.0,4,67,4,5,11.6,4.2,35,112,Yes,News,18.2,9,Yes,78.1,6,2.72,Yes,No,Yes,Medium
STU-03276,27,Female,Computer Science,6.1,0.8,,1,102,1,1,12.5,2.5,47,150,Yes,Education,0.0,4,Yes,69.0,4,2.32,Yes,Yes,Yes,High
STU-03277,35,Female,Biology/Science,6.5,3.8,266.0,7,117,10,2,6.3,2.1,38,112,No,Entertainment,0.0,7,Yes,100.0,2,2.56,No,No,Yes,Low
STU-03278,41,Other,Medicine,4.3,1.1,563.0,8,101,4,9,11.6,5.1,17,112,No,Social Media/Trends,13.6,6,Yes,78.2,4,2.67,Yes,Yes,Yes,Low
STU-03279,28,Male,Education,4.3,0.7,522.0,10,103,2,9,11.6,2.9,44,112,No,Entertainment,15.9,10,Yes,65.7,2,2.8,Yes,Yes,No,Low
STU-03280,43,Male,Education,3.7,1.0,576.0,10,90,4,9,12.5,,44,112,No,Gaming,9.1,6,Yes,78.0,7,2.09,Yes,Yes,Yes,Low
STU-03282,46,Male,Visual Communication Design,7.1,1.1,164.0,9,112,2,2,16.0,4.2,46,75,Yes,Gaming,0.0,6,Yes,72.7,4,2.51,No,No,Yes,Medium
STU-03283,22,Female,Computer Science,8.6,1.8,,10,63,7,3,9.8,,63,112,No,News,13.6,8,Yes,89.0,7,2.62,Yes,No,No,Medium
STU-03284,37,Other,Nursing,6.6,0.5,155.0,10,77,9,3,4.5,7.6,41,38,No,Entertainment,4.5,6,No,78.1,4,2.79,Yes,No,No,Low
STU-03285,42,Female,Education,5.7,5.2,96.0,9,101,5,4,13.4,4.2,50,38,Yes,Social Media/Trends,2.3,4,No,91.9,3,2.53,No,No,No,Medium
STU-03287,40,Female,Visual Communication Design,3.6,2.2,368.0,8,90,4,8,12.5,7.2,41,75,No,Education,13.6,7,Yes,75.5,4,2.56,Yes,Yes,Yes,Low
STU-03288,46,Other,Law,7.1,5.4,511.0,3,61,5,2,2.8,7.2,75,75,No,News,6.8,7,Yes,72.5,7,2.5,Yes,Yes,No,Low
STU-03289,19,Other,Information Systems,7.3,2.9,349.0,8,80,3,4,8.9,8.0,30,38,No,Education,4.5,10,Yes,63.9,5,2.05,Yes,No,No,Low
STU-03290,30,Other,Visual Communication Design,3.9,0.2,461.0,8,91,4,9,42.599999999999994,3.4,23,75,No,Social Media/Trends,13.6,5,No,74.6,7,2.69,Yes,Yes,Yes,Medium
STU-03291,62,Male,Law,6.6,4.3,396.0,10,104,4,5,2.8,1.3,24,112,No,Entertainment,4.5,3,No,100.0,5,2.43,Yes,No,Yes,Medium
STU-03292,32,Other,Biology/Science,7.4,0.7,478.0,5,64,10,4,16.0,0.8,42,38,No,Social Media/Trends,9.1,5,No,90.8,0,2.44,Yes,Yes,No,Medium
STU-03293,59,Male,Culinary Arts,6.6,3.2,294.0,2,118,1,2,5.4,5.9,29,38,No,Social Media/Trends,2.3,3,Yes,96.3,3,2.94,No,No,No,High
STU-03294,41,Female,Education,6.9,1.1,42.0,2,76,10,3,8.9,1.7,24,112,No,Education,0.0,9,Yes,76.7,2,1.94,No,Yes,Yes,Medium
STU-03296,40,Male,Culinary Arts,5.5,4.5,390.0,3,110,6,4,1.0,7.6,88,-5,Yes,Education,2.3,9,No,67.6,1,2.86,Yes,No,Yes,Low
STU-03297,61,Female,Electrical Engineering,6.7,5.8,,7,77,4,3,16.0,3.8,52,0,No,Gaming,6.8,4,No,,3,2.19,No,No,Yes,Low
STU-03298,35,Other,Biology/Science,6.9,7.7,384.0,7,84,3,5,8.1,7.6,0,75,No,Education,0.0,7,Yes,90.1,11,2.16,No,No,No,Low
STU-03299,41,Other,Nursing,5.6,0.8,531.0,9,91,3,10,15.1,,71,75,No,Entertainment,9.1,5,Yes,86.7,2,2.47,Yes,Yes,No,Low
STU-03300,61,Other,Information Systems,9.4,6.0,384.0,3,88,3,3,9.8,5.1,0,-5,Yes,Education,6.8,10,Yes,88.1,5,2.19,Yes,Yes,No,High
STU-03301,35,Male,Visual Communication Design,8.2,6.0,118.0,2,68,4,2,9.8,6.3,20,75,Yes,Gaming,9.1,6,No,81.5,6,2.61,Yes,Yes,Yes,Medium
STU-03302,41,Male,Other Program,6.5,4.8,141.0,7,67,8,3,7.2,5.1,32,0,No,Gaming,9.1,3,No,74.2,1,2.39,Yes,Yes,Yes,Low
STU-03304,37,Other,Medicine,5.9,2.9,302.0,2,68,9,2,5.4,5.5,48,75,Yes,News,0.0,7,No,89.6,3,2.26,No,Yes,No,High
STU-03305,28,Male,Other Program,4.3,0.6,531.0,8,110,4,9,9.8,4.6,28,112,No,Gaming,18.2,9,Yes,74.6,6,2.04,Yes,No,No,Low
STU-03306,60,Other,Fine Arts,5.6,7.5,148.0,7,91,9,5,8.399999999999999,3.4,44,38,No,Gaming,11.4,10,No,74.7,9,2.82,Yes,Yes,No,Low
STU-03307,34,Other,Fine Arts,6.8,0.5,248.0,3,92,1,2,1.9,3.8,97,150,No,Social Media/Trends,2.3,5,No,84.5,6,2.4,No,No,No,Low
STU-03308,30,female,Biology/Science,7.7,1.8,308.0,10,82,5,5,13.4,3.8,65,75,No,Gaming,9.1,3,No,95.6,5,2.97,Yes,No,No,Medium
STU-03309,44,Other,Fine Arts,6.1,2.4,177.0,9,88,4,4,16.0,4.2,74,38,Yes,Gaming,2.3,5,No,60.8,4,1.87,Yes,No,No,Low
STU-03311,56,Female,Information Systems,6.6,3.8,247.0,2,83,4,3,9.8,4.2,23,0,Yes,Entertainment,0.0,5,Yes,75.1,0,2.53,No,No,Yes,Medium
STU-03312,25,female,Nursing,4.3,2.4,340.0,9,119,4,9,12.5,6.7,36,150,No,Social Media/Trends,13.6,6,No,91.6,2,2.6,Yes,No,Yes,Low
STU-03313,49,Other,Culinary Arts,6.0,2.4,193.0,9,107,1,5,1.0,5.9,23,112,No,News,,7,Yes,87.2,4,2.67,No,Yes,No,Low
STU-03314,34,Other,Medicine,4.9,1.0,574.0,8,102,3,9,16.0,2.5,31,75,No,Education,11.4,5,Yes,82.0,3,2.69,Yes,Yes,No,Low
STU-03316,64,Other,Law,7.3,3.6,,9,67,4,3,16.0,6.7,27,0,Yes,Education,0.0,6,Yes,87.0,0,2.2,No,No,No,High
STU-03317,31,Other,Law,6.1,4.7,537.0,3,115,5,5,12.5,4.2,59,150,Yes,Gaming,4.5,2,Yes,79.4,4,2.62,No,Yes,Yes,High
STU-03318,26,Other,Culinary Arts,7.8,2.9,102.0,9,100,10,3,1.9,2.1,46,75,Yes,News,0.0,1,No,83.6,1,2.74,No,No,Yes,High
STU-03320,24,Male,Sports Science,7.4,3.4,132.0,10,60,10,5,7.2,0.4,46,75,No,Social Media/Trends,0.0,6,No,76.7,5,2.28,Yes,No,No,Low
STU-03321,53,Male,Other Program,7.5,0.4,47.0,4,71,3,4,14.2,0.0,98,38,No,Gaming,0.0,10,Yes,79.2,5,2.12,No,Yes,No,Low
STU-03322,58,Male,Other Program,5.7,3.3,149.0,7,74,2,5,8.1,7.2,0,150,No,News,0.0,6,No,95.7,5,2.69,No,Yes,Yes,Medium
STU-03323,64,Female,Electrical Engineering,6.0,4.2,,7,102,1,5,4.5,2.5,70,75,Yes,News,11.4,6,Yes,91.1,6,2.8,Yes,No,No,Medium
STU-03324,18,Female,Biology/Science,6.8,5.8,495.0,4,70,6,3,11.6,7.6,42,150,Yes,Gaming,9.1,4,No,89.0,8,2.26,Yes,Yes,Yes,Medium
STU-03326,39,male,Electrical Engineering,7.0,2.1,487.0,4,86,2,4,2.8,4.2,0,38,No,News,4.5,7,Yes,66.0,2,2.39,No,No,No,Medium
STU-03328,35,Other,Law,7.4,0.9,370.0,4,85,5,2,11.6,2.9,38,38,No,Gaming,,9,Yes,78.2,5,1.91,Yes,No,No,Medium
STU-03331,47,Female,Biology/Science,5.7,3.3,563.0,8,105,7,4,16.0,,22,112,Yes,Entertainment,4.5,10,Yes,79.5,7,1.56,Yes,No,Yes,Medium
STU-03332,35,MALE,Information Systems,8.5,3.1,207.0,8,115,1,3,13.4,4.2,38,38,Yes,Gaming,11.4,2,No,93.8,4,2.53,Yes,Yes,No,High
STU-03333,55,Other,Other Program,6.1,0.4,185.0,3,108,9,3,13.4,7.6,17,150,Yes,Entertainment,0.0,2,No,77.5,1,2.4,Yes,Yes,Yes,Medium
STU-03334,27,Male,Nursing,4.0,0.8,475.0,8,94,2,10,8.9,6.7,56,112,No,News,9.1,3,No,90.4,3,2.96,No,Yes,Yes,Low
STU-03335,41,Other,Information Systems,4.4,1.7,528.0,9,105,4,8,16.0,7.6,51,75,No,Entertainment,9.1,6,Yes,76.0,1,2.09,Yes,No,Yes,Low
STU-03336,34,Female,Computer Science,4.0,1.1,475.0,8,91,4,9,13.4,8.0,40,75,Yes,,18.2,4,Yes,78.0,2,2.6,Yes,Yes,No,Low
STU-03339,55,Other,Sports Science,6.4,2.1,228.0,3,88,2,2,6.3,0.0,0,0,No,Gaming,4.5,4,Yes,62.7,5,2.36,No,Yes,Yes,High
STU-03340,18,Male,Biology/Science,7.4,3.2,573.0,3,90,10,3,13.4,5.5,65,112,,Social Media/Trends,9.1,4,No,78.6,0,2.15,Yes,Yes,Yes,Low
STU-03342,34,Male,Fine Arts,7.4,1.3,168.0,10,98,10,4,13.4,4.6,36,150,Yes,Social Media/Trends,6.8,4,Yes,71.6,5,2.04,Yes,No,Yes,Low
STU-03343,29,Other,Sports Science,5.5,4.0,591.0,9,110,3,9,13.4,2.1,10,75,No,Education,18.2,10,Yes,79.4,4,2.35,Yes,No,No,Low
STU-03344,48,Female,Culinary Arts,6.0,0.5,259.0,10,77,7,6,2.8,2.1,0,112,Yes,Entertainment,2.3,2,No,94.7,4,2.73,Yes,No,No,High
STU-03345,44,Male,Medicine,4.4,2.7,,9,108,1,8,9.8,2.9,28,112,Yes,Social Media/Trends,9.1,8,Yes,68.0,5,2.76,Yes,Yes,Yes,Low
STU-03346,30,Other,Biology/Science,7.9,2.8,508.0,6,62,9,3,16.0,7.2,10,75,Yes,Social Media/Trends,2.3,4,No,90.2,2,2.4,No,No,Yes,High
STU-03347,31,Female,Education,7.8,1.4,5.0,8,65,10,5,9.8,7.2,67,0,Yes,News,9.1,8,Yes,83.8,2,2.28,Yes,No,No,Low
STU-03349,47,FEMALE,Sports Science,5.9,3.8,219.0,2,118,5,2,8.9,6.7,31,150,Yes,Education,6.8,1,No,79.6,5,2.5,Yes,Yes,No,Medium
STU-03350,39,Male,Medicine,6.5,1.8,585.0,9,63,5,6,13.4,2.9,39,75,No,Education,9.1,4,No,100.0,4,2.57,Yes,Yes,No,Medium
STU-03351,37,Male,Education,9.0,2.3,257.0,10,89,1,4,5.4,4.6,27,75,Yes,Social Media/Trends,9.1,2,No,88.2,3,2.49,No,Yes,No,High
STU-03352,39,Male,Education,4.5,1.3,527.0,10,95,3,8,14.2,4.6,74,150,Yes,Education,15.9,3,No,82.1,2,2.38,Yes,Yes,Yes,Low
STU-03353,54,Other,Medicine,6.6,3.7,534.0,10,97,2,5,13.4,3.4,81,75,Yes,Social Media/Trends,0.0,1,No,82.0,1,2.37,No,No,Yes,Low
STU-03354,45,Other,Information Systems,7.4,3.0,305.0,5,92,9,2,9.8,4.2,38,150,Yes,Gaming,6.8,3,No,82.0,6,2.55,Yes,Yes,No,High
STU-03355,29,Other,Electrical Engineering,6.9,1.2,330.0,2,87,5,4,8.9,6.3,9,75,No,Education,2.3,4,Yes,,3,2.21,Yes,No,No,Medium
STU-03356,35,Female,Visual Communication Design,6.9,2.0,197.0,2,75,7,1,40.2,5.5,4,0,No,Social Media/Trends,0.0,7,No,58.6,5,1.97,No,Yes,No,Medium
STU-03357,29,female,Nursing,7.5,1.0,,6,89,7,4,16.0,0.8,52,0,No,Education,4.5,1,No,89.1,2,2.72,Yes,Yes,No,Medium
STU-03358,47,Male,Fine Arts,5.5,3.5,272.0,9,97,5,5,12.5,4.6,15,150,Yes,Gaming,4.5,10,Yes,90.0,5,2.1,Yes,No,No,Low
STU-03359,42,Male,Education,7.7,3.1,265.0,6,82,5,4,14.2,1.7,15,112,No,Education,9.1,8,Yes,78.2,9,2.38,Yes,Yes,No,Low
STU-03360,45,Female,Medicine,4.5,3.3,549.0,7,95,10,4,10.7,1.7,39,112,No,Gaming,6.8,6,Yes,67.2,2,2.12,No,Yes,Yes,Low
STU-03361,22,Other,Visual Communication Design,7.4,3.2,118.0,5,113,10,2,13.4,0.0,73,75,Yes,Education,6.8,7,Yes,85.0,4,2.14,No,Yes,Yes,Medium
STU-03362,42,FEMALE,Biology/Science,4.5,0.9,309.0,9,95,4,9,10.7,4.2,45,112,Yes,Social Media/Trends,20.5,9,Yes,79.1,4,2.53,No,Yes,Yes,Low
STU-03363,26,Other,Culinary Arts,6.2,5.4,,2,115,5,3,4.5,1.7,27,112,Yes,Social Media/Trends,0.0,6,Yes,74.5,0,2.55,No,No,No,Medium
STU-03365,58,Other,Culinary Arts,7.0,1.3,140.0,4,66,6,2,12.5,1.7,32,150,Yes,Social Media/Trends,0.0,8,Yes,69.7,3,2.43,No,No,No,High
STU-03367,58,Male,Other Program,3.5,5.4,166.0,4,107,10,5,13.4,7.2,38,38,Yes,Entertainment,2.3,7,No,79.4,7,1.99,Yes,Yes,Yes,Low
STU-03368,22,Male,Information Systems,7.0,4.9,325.0,10,103,8,5,7.2,6.7,0,150,Yes,Entertainment,0.0,4,Yes,74.2,5,2.54,No,No,Yes,Low
STU-03369,39,Male,Medicine,6.0,6.2,371.0,9,77,3,4,1.9,7.2,0,150,Yes,Gaming,0.0,6,No,77.4,3,2.86,No,No,Yes,Medium
STU-03370,55,Female,Fine Arts,8.2,0.7,292.0,7,116,8,3,2.8,1.7,91,112,No,Social Media/Trends,2.3,5,No,100.0,6,2.77,No,No,No,Medium
STU-03371,43,Female,Electrical Engineering,7.8,6.8,342.0,5,117,5,5,15.1,1.3,55,112,Yes,Education,6.8,4,No,75.5,1,2.4,Yes,No,No,High
STU-03372,21,male,Information Systems,4.9,1.4,493.0,9,90,1,9,14.2,5.9,35,112,No,Social Media/Trends,11.4,6,Yes,69.6,5,2.1,Yes,No,No,Low
STU-03374,35,Male,Biology/Science,6.2,4.1,253.0,10,94,7,7,5.4,8.0,13,38,No,,18.2,6,Yes,79.8,5,2.61,Yes,Yes,Yes,Low
STU-03375,51,Other,Medicine,6.3,2.3,546.0,7,82,6,4,3.6,7.6,0,112,Yes,Social Media/Trends,0.0,10,Yes,85.0,5,1.7,No,Yes,Yes,Low
STU-03376,64,Female,Sports Science,7.8,5.9,260.0,8,81,6,4,4.5,4.2,40,150,No,Entertainment,4.5,10,Yes,92.1,8,2.57,Yes,No,No,Medium
STU-03377,59,Male,Nursing,6.3,5.8,314.0,10,110,5,6,1.0,2.9,32,0,No,Social Media/Trends,2.3,7,Yes,95.0,4,2.31,No,Yes,Yes,Low
STU-03378,54,Female,Law,6.7,5.3,356.0,8,114,7,6,15.1,,43,75,No,News,13.6,6,Yes,67.0,4,2.3,Yes,No,Yes,Low
STU-03379,42,MALE,Information Systems,3.8,0.8,444.0,8,102,4,10,12.5,6.7,48,150,No,Social Media/Trends,11.4,6,Yes,57.5,4,2.03,Yes,No,Yes,Low
STU-03380,37,Male,Culinary Arts,6.3,2.2,274.0,9,73,5,6,4.5,0.4,10,0,No,News,13.6,6,Yes,60.2,4,2.53,Yes,No,Yes,Low
STU-03381,52,Other,Visual Communication Design,9.1,2.3,92.0,3,75,9,1,4.5,0.8,51,112,No,Social Media/Trends,6.8,8,No,83.5,3,2.41,Yes,No,No,High
STU-03382,37,Male,Information Systems,7.6,3.5,112.0,1,108,5,1,6.3,6.7,68,38,No,Gaming,0.0,2,No,62.6,1,2.8,No,No,Yes,Low
STU-03383,61,Female,Law,6.9,5.0,504.0,4,80,3,4,14.2,2.1,59,75,No,News,6.8,5,Yes,82.0,3,2.47,Yes,Yes,Yes,Medium
STU-03384,30,FEMALE,Biology/Science,6.5,2.9,491.0,1,75,2,1,8.9,,52,150,No,Education,9.1,7,No,85.0,2,2.27,Yes,No,Yes,Low
STU-03385,28,Male,Other Program,3.9,0.4,546.0,9,115,3,9,10.7,5.1,44,112,No,Social Media/Trends,15.9,9,Yes,68.3,7,2.44,Yes,No,Yes,Low
STU-03386,25,Other,Culinary Arts,7.5,2.6,134.0,3,89,6,1,12.5,2.5,48,38,No,News,0.0,6,No,86.0,5,2.43,No,No,Yes,Low
STU-03387,50,Female,Nursing,6.2,2.7,181.0,8,92,4,4,2.8,6.3,13,112,Yes,Social Media/Trends,2.3,7,No,79.2,4,2.66,No,No,No,Low
STU-03389,33,FEMALE,Information Systems,7.3,1.5,332.0,10,104,1,5,15.1,8.0,25,112,,Gaming,9.1,4,No,67.7,1,2.17,Yes,No,No,Low
STU-03390,22,Other,Medicine,5.3,0.2,382.0,8,110,1,9,11.6,6.3,40,112,Yes,News,15.9,6,Yes,76.8,3,2.16,Yes,No,Yes,Low
STU-03391,62,Other,Visual Communication Design,6.3,2.4,,3,100,4,2,1.9,2.1,81,38,Yes,Education,2.3,8,No,75.8,6,2.61,Yes,Yes,No,Medium
STU-03392,21,male,Culinary Arts,7.6,1.2,141.0,6,119,2,4,2.8,2.9,39,38,Yes,Social Media/Trends,0.0,5,No,,7,2.74,No,Yes,Yes,High
STU-03393,38,Male,Fine Arts,4.6,1.7,382.0,9,108,1,9,10.7,5.5,13,75,Yes,News,15.9,4,No,87.3,3,3.03,Yes,No,Yes,High
STU-03395,35,Other,Information Systems,4.8,0.6,489.0,10,97,1,9,14.2,2.5,3,150,No,Social Media/Trends,20.5,2,No,86.4,2,2.76,No,Yes,Yes,Low
STU-03396,49,Female,Electrical Engineering,7.4,7.8,531.0,4,69,2,4,8.1,5.1,14,0,No,Education,15.9,8,Yes,77.2,2,2.7,Yes,Yes,No,Low
STU-03397,38,Female,Medicine,6.1,6.4,367.0,5,102,4,5,9.8,6.7,60,150,No,Education,2.3,7,Yes,74.2,2,2.26,No,No,Yes,Low
STU-03398,38,Other,Culinary Arts,7.6,1.7,313.0,2,61,7,4,14.2,2.1,4,75,No,News,11.4,4,No,81.0,5,2.37,Yes,No,Yes,High
STU-03399,46,Other,Sports Science,9.0,3.3,64.0,1,67,4,2,11.6,5.1,54,75,No,Education,4.5,7,No,81.5,2,2.47,No,No,No,Medium
STU-03400,50,Female,Biology/Science,5.7,3.1,582.0,3,107,3,2,8.9,1.7,58,0,No,Gaming,6.8,8,Yes,83.7,3,2.29,No,No,Yes,Low
STU-03401,39,Male,Sports Science,7.1,2.7,155.0,5,106,2,3,2.8,7.2,54,75,Yes,Education,6.8,5,No,87.7,4,2.39,Yes,Yes,Yes,Medium
STU-03402,23,Other,Other Program,7.8,3.3,125.0,6,76,7,4,10.7,5.5,47,38,No,News,20.5,10,Yes,72.0,7,2.95,Yes,Yes,No,Low
STU-03403,44,Male,Visual Communication Design,5.3,3.1,103.0,10,119,9,4,13.4,2.1,39,150,No,Gaming,2.3,7,No,61.4,6,1.95,No,Yes,Yes,Low
STU-03404,46,Female,Medicine,5.8,6.5,483.0,1,117,10,4,1.9,2.5,20,75,Yes,Gaming,0.0,7,Yes,88.0,6,2.41,No,No,No,High
STU-03405,36,Other,Visual Communication Design,6.2,4.3,209.0,10,62,7,4,1.9,7.6,17,112,No,Social Media/Trends,9.1,5,Yes,90.6,1,2.56,No,No,Yes,Low
STU-03406,36,Female,Electrical Engineering,5.7,0.3,492.0,2,101,10,3,2.8,,0,112,Yes,Entertainment,11.4,7,No,86.2,0,2.47,Yes,No,No,High
STU-03407,57,Female,Computer Science,6.1,3.8,101.0,10,118,3,4,11.6,2.1,0,112,Yes,Gaming,0.0,5,Yes,69.6,4,2.08,No,Yes,No,High
STU-03408,18,Other,Computer Science,7.3,0.8,236.0,5,97,2,3,15.1,8.0,26,-5,No,Education,0.0,4,No,82.1,5,2.2,No,Yes,Yes,Low
STU-03410,41,Female,Medicine,8.6,1.1,584.0,1,78,7,1,11.6,1.7,84,150,No,Gaming,2.3,7,Yes,71.8,5,2.21,No,Yes,No,Low
STU-03412,61,Female,Biology/Science,5.8,3.2,435.0,9,115,8,6,13.4,3.8,73,150,Yes,Entertainment,4.5,4,Yes,82.2,4,2.05,Yes,Yes,Yes,Low
STU-03413,34,Female,Computer Science,5.0,0.9,350.0,10,103,3,10,13.4,7.2,57,112,No,Entertainment,20.5,6,Yes,89.5,3,2.13,No,Yes,Yes,Low
STU-03414,23,Other,Visual Communication Design,7.9,1.3,143.0,9,106,1,7,1.9,7.2,39,0,No,Entertainment,2.3,5,No,89.6,2,2.31,Yes,No,Yes,Low
STU-03415,38,Female,Law,6.3,2.4,448.0,6,112,4,4,7.2,2.9,60,112,Yes,Social Media/Trends,2.3,5,Yes,91.0,1,2.14,No,No,No,Low
STU-03416,33,Female,Sports Science,7.8,2.7,116.0,5,82,8,2,10.7,6.3,20,112,No,Gaming,2.3,6,Yes,88.0,4,2.09,No,No,Yes,Medium
STU-03418,37,Male,Information Systems,7.1,3.8,128.0,3,71,1,3,6.3,1.3,67,112,Yes,News,6.8,5,No,91.2,3,2.04,No,Yes,No,Medium
STU-03419,35,Other,Education,6.8,6.8,135.0,10,85,4,4,1.9,1.3,71,112,No,Education,9.1,6,Yes,95.1,5,2.81,No,No,Yes,Low
STU-03420,37,FEMALE,Electrical Engineering,4.9,1.5,367.0,8,93,3,9,10.7,3.8,28,112,Yes,Gaming,9.1,6,Yes,73.6,4,2.42,No,Yes,Yes,Medium
STU-03421,61,Male,Visual Communication Design,7.1,2.8,188.0,10,93,7,3,1.9,5.5,17,38,No,,4.5,4,Yes,89.6,0,2.85,No,No,Yes,Medium
STU-03422,58,Other,Biology/Science,6.5,2.5,576.0,5,95,1,6,8.1,3.8,14,38,,Social Media/Trends,4.5,7,Yes,84.6,5,2.45,Yes,Yes,No,Low
STU-03423,43,MALE,Fine Arts,6.2,1.9,284.0,9,112,3,6,7.2,1.3,32,112,No,Social Media/Trends,2.3,2,No,79.9,2,2.27,No,Yes,No,Low
STU-03424,21,Female,Information Systems,6.0,2.4,142.0,5,115,3,4,11.6,6.7,37,0,Yes,News,4.5,8,Yes,82.7,4,1.68,No,No,Yes,Low
STU-03426,60,Other,Education,4.9,5.6,253.0,2,116,10,1,11.6,1.7,46,150,No,Entertainment,0.0,9,Yes,80.1,4,2.17,No,Yes,Yes,Low
STU-03428,23,Male,Biology/Science,8.6,5.3,315.0,9,83,5,5,5.4,6.7,67,75,Yes,Gaming,4.5,8,No,57.3,6,2.29,No,No,No,Medium
STU-03429,48,Female,Sports Science,4.1,1.1,300.0,8,118,4,10,12.5,6.7,34,150,No,Entertainment,18.2,9,No,96.1,4,2.31,Yes,Yes,Yes,Low
STU-03431,52,Other,Education,7.8,4.8,221.0,9,61,10,5,11.6,7.6,40,75,Yes,Education,0.0,5,No,93.0,5,2.37,Yes,No,Yes,Low
STU-03432,56,Female,Visual Communication Design,5.8,1.8,208.0,7,69,5,4,3.6,1.3,75,38,Yes,Social Media/Trends,4.5,5,No,87.1,1,2.88,Yes,No,Yes,Low
STU-03433,50,Other,Fine Arts,5.4,2.9,279.0,6,104,8,5,2.8,6.3,38,75,No,Social Media/Trends,4.5,1,No,91.5,3,2.83,No,Yes,Yes,Low
STU-03435,43,Female,Computer Science,7.2,5.8,310.0,10,105,6,5,5.4,2.9,14,150,Yes,Social Media/Trends,0.0,9,Yes,66.6,4,2.4,No,No,Yes,High
STU-03436,19,Other,Information Systems,6.2,1.9,178.0,3,91,2,3,8.9,2.9,57,38,No,Entertainment,4.5,6,Yes,71.0,4,2.42,No,Yes,Yes,Low
STU-03440,51,Other,Computer Science,6.6,2.5,,3,74,8,4,4.5,5.5,37,38,No,News,11.4,9,No,80.8,5,2.64,No,Yes,Yes,Low
STU-03441,34,Other,Biology/Science,7.1,3.2,,5,110,3,5,10.7,5.5,19,112,Yes,News,4.5,4,No,100.0,3,2.7,No,No,No,High
STU-03443,18,Female,Biology/Science,7.8,3.0,320.0,7,75,8,5,8.9,6.7,31,112,No,News,0.0,4,No,89.3,5,2.24,No,No,No,Medium
STU-03444,46,Other,Fine Arts,4.1,1.2,524.0,10,95,1,8,9.8,4.6,30,150,No,Gaming,20.5,3,No,,0,3.42,No,Yes,Yes,Low
STU-03445,22,Male,Sports Science,6.9,1.2,61.0,10,109,7,4,12.5,1.7,0,112,Yes,Gaming,2.3,6,Yes,81.5,0,2.42,No,No,Yes,Medium
STU-03447,50,Female,Sports Science,7.3,4.4,159.0,4,81,9,3,8.1,5.5,66,112,No,Social Media/Trends,0.0,6,No,71.1,8,1.82,No,No,No,Low
STU-03448,60,female,Sports Science,5.9,4.6,86.0,4,67,4,3,8.9,0.0,53,112,No,Social Media/Trends,6.8,7,Yes,76.0,5,2.04,Yes,No,Yes,Low
STU-03449,26,Female,Culinary Arts,6.2,4.1,277.0,2,90,3,2,5.4,3.8,45,0,Yes,Gaming,0.0,7,Yes,73.4,7,1.87,No,No,No,Medium
STU-03450,28,Other,Medicine,6.1,0.9,364.0,8,111,1,4,3.6,5.5,0,112,No,Social Media/Trends,4.5,4,No,77.2,2,2.27,Yes,Yes,No,Medium
STU-03451,22,Male,Other Program,4.5,0.8,408.0,10,116,3,9,11.6,6.3,62,112,Yes,Entertainment,20.5,9,Yes,76.2,6,2.4,Yes,Yes,Yes,Low
STU-03452,27,Male,Medicine,3.9,1.0,326.0,10,107,2,10,8.1,,17,150,Yes,Gaming,13.6,2,Yes,,3,2.74,Yes,Yes,Yes,Medium
STU-03453,37,female,Information Systems,5.5,0.1,392.0,4,106,1,4,15.1,6.7,19,112,Yes,News,2.3,5,Yes,75.0,1,2.35,No,No,Yes,Low
STU-03454,45,Other,Biology/Science,6.9,2.7,,7,84,5,3,5.4,7.2,40,150,Yes,Gaming,2.3,6,No,62.1,6,2.14,No,No,No,Low
STU-03455,44,Other,Fine Arts,6.5,1.6,77.0,8,102,4,7,1.0,0.8,30,0,No,Social Media/Trends,2.3,5,No,75.6,0,2.2,Yes,Yes,No,Medium
STU-03456,50,Female,Education,8.0,1.2,235.0,1,112,6,1,2.8,5.9,40,38,Yes,Education,4.5,4,Yes,80.0,1,2.68,Yes,No,No,High
STU-03457,25,Female,Nursing,5.9,1.2,156.0,2,69,4,1,8.1,8.0,66,112,Yes,Social Media/Trends,0.0,9,No,85.4,3,2.0,No,No,No,Low
STU-03458,57,Female,Medicine,5.9,0.8,418.0,2,84,5,3,13.4,6.7,48,112,Yes,Gaming,6.8,5,Yes,71.9,4,2.71,Yes,Yes,Yes,Low
STU-03459,28,Female,Education,6.7,3.7,168.0,8,102,6,4,10.7,6.7,35,38,Yes,News,4.5,6,No,81.5,3,2.38,No,Yes,No,Low
STU-03461,34,Female,Other Program,7.4,3.0,237.0,8,90,3,4,4.5,6.7,36,150,Yes,Gaming,4.5,7,Yes,100.0,3,2.67,Yes,Yes,No,Medium
STU-03463,27,Other,Other Program,5.6,3.8,273.0,8,71,5,4,11.6,8.0,21,112,Yes,News,,10,No,75.5,6,1.74,No,No,Yes,Low
STU-03464,32,Female,Electrical Engineering,5.6,4.1,314.0,5,103,1,3,4.5,3.4,15,112,Yes,Social Media/Trends,2.3,6,No,86.7,5,2.53,Yes,Yes,No,High
STU-03466,38,Male,Other Program,7.0,6.2,221.0,8,118,2,3,9.8,7.2,23,112,No,Education,2.3,4,Yes,100.0,6,2.51,No,No,Yes,Low
STU-03467,21,Male,Electrical Engineering,8.6,2.7,361.0,2,65,4,2,9.8,7.2,50,38,Yes,Social Media/Trends,9.1,4,Yes,93.9,1,2.97,Yes,Yes,No,Medium
STU-03469,38,MALE,Nursing,4.1,1.7,323.0,8,103,2,8,10.7,6.7,72,150,No,Social Media/Trends,9.1,7,Yes,72.0,5,2.27,Yes,Yes,Yes,Low
STU-03470,57,Female,Law,5.5,4.3,258.0,2,104,9,3,16.0,3.4,41,38,Yes,News,2.3,3,No,58.8,2,2.48,No,Yes,No,High
STU-03471,49,Female,Medicine,6.5,1.8,369.0,1,90,9,4,10.7,,42,75,No,Social Media/Trends,6.8,5,Yes,75.1,3,2.46,Yes,No,No,Medium
STU-03472,34,Other,Electrical Engineering,5.7,7.3,521.0,7,93,9,2,40.2,1.7,80,0,No,Social Media/Trends,0.0,8,Yes,74.1,4,1.92,No,No,No,Low
STU-03473,20,Other,Other Program,5.2,0.6,462.0,8,108,4,8,40.2,5.5,41,75,No,Social Media/Trends,15.9,2,Yes,90.2,4,2.77,Yes,Yes,Yes,Medium
STU-03474,64,Other,Nursing,7.7,7.0,263.0,9,80,4,4,12.5,3.8,9,75,Yes,,4.5,8,No,83.4,4,1.89,No,Yes,No,High
STU-03475,58,male,Medicine,6.2,4.0,,3,83,2,2,7.2,3.4,64,150,Yes,Education,6.8,5,Yes,66.3,7,2.41,Yes,Yes,Yes,Medium
STU-03476,39,Female,Other Program,7.2,2.7,43.0,9,112,5,5,8.9,0.8,14,38,No,Social Media/Trends,4.5,3,No,89.1,2,2.83,No,Yes,No,Medium
STU-03477,28,Male,Information Systems,7.7,3.3,294.0,10,65,6,6,13.4,5.1,12,38,No,Entertainment,,7,Yes,75.7,0,1.9,Yes,Yes,No,Low
STU-03479,34,MALE,Culinary Arts,7.6,1.4,277.0,4,72,2,5,14.2,0.0,0,150,Yes,Social Media/Trends,6.8,6,No,95.0,5,2.28,Yes,No,No,High
STU-03480,41,Male,Nursing,5.8,1.0,316.0,1,69,9,1,14.2,5.5,61,38,Yes,Education,6.8,2,No,79.8,3,2.11,Yes,Yes,No,Medium
STU-03482,53,Other,Visual Communication Design,6.6,6.9,70.0,3,94,5,1,13.4,3.8,82,38,No,Gaming,2.3,4,No,88.1,1,2.41,Yes,No,No,Medium
STU-03483,41,Other,Fine Arts,7.8,1.5,80.0,5,92,8,4,1.9,5.1,27,38,No,Social Media/Trends,2.3,6,Yes,81.5,7,2.08,No,No,No,Low
STU-03484,52,Female,Biology/Science,6.2,2.5,457.0,5,112,10,3,1.9,,20,112,No,Entertainment,4.5,7,Yes,75.9,7,2.16,No,No,Yes,Low
STU-03485,44,Male,Culinary Arts,7.4,0.4,101.0,10,66,5,6,16.0,5.9,23,150,No,News,0.0,7,Yes,84.3,6,2.36,No,No,No,Low
STU-03489,44,Female,Computer Science,8.3,5.2,236.0,9,103,8,6,10.7,6.3,51,112,Yes,Education,6.8,5,No,92.5,3,2.16,No,No,No,Medium
STU-03490,61,Other,Nursing,5.9,0.7,210.0,3,111,10,2,12.5,7.6,44,0,Yes,Entertainment,0.0,1,No,,4,2.81,No,No,Yes,Medium
STU-03493,55,Male,Visual Communication Design,5.4,4.1,260.0,5,89,7,4,8.9,1.3,59,38,No,Entertainment,18.2,8,Yes,76.6,2,2.66,Yes,Yes,Yes,Low
STU-03494,59,Male,Computer Science,5.9,3.1,341.0,2,86,10,2,5.4,3.4,14,112,Yes,Social Media/Trends,11.4,5,No,79.1,6,2.75,Yes,No,Yes,High
STU-03495,46,Male,Fine Arts,6.0,3.6,55.0,6,77,3,4,1.0,4.6,34,150,Yes,Education,11.4,5,Yes,73.2,1,2.53,Yes,No,Yes,Low
STU-03496,44,Female,Electrical Engineering,6.0,7.9,268.0,7,65,4,5,11.6,1.3,70,38,Yes,Social Media/Trends,6.8,10,Yes,53.3,5,2.03,Yes,No,Yes,Low
STU-03497,61,FEMALE,Information Systems,6.4,1.5,346.0,2,60,4,3,6.3,7.6,24,112,No,,6.8,5,Yes,84.3,3,2.65,Yes,No,No,Low
STU-03499,24,Male,Computer Science,7.2,2.0,370.0,6,63,7,4,15.1,3.8,49,150,Yes,Social Media/Trends,2.3,6,Yes,96.7,6,2.09,No,No,No,High
STU-03500,55,Male,Culinary Arts,6.9,2.4,374.0,3,72,6,3,13.4,4.6,22,75,No,News,2.3,2,No,79.1,2,2.54,No,No,Yes,Medium
STU-03501,60,Female,Information Systems,7.5,3.9,275.0,10,70,2,4,1.9,2.1,65,150,No,Entertainment,4.5,9,Yes,80.9,5,2.75,No,Yes,Yes,Low
STU-03502,64,female,Nursing,6.1,3.9,296.0,7,119,3,5,8.1,,86,38,No,Education,4.5,8,Yes,73.3,3,2.34,Yes,Yes,No,Low
STU-03503,63,Other,Other Program,6.8,3.0,216.0,9,67,4,6,5.4,5.9,36,38,Yes,Education,4.5,4,No,86.5,4,2.47,Yes,Yes,No,Medium
STU-03505,61,Other,Visual Communication Design,8.1,4.6,57.0,9,108,6,4,6.3,1.7,25,0,No,Gaming,6.8,3,No,80.9,0,2.5,Yes,Yes,No,High
STU-03506,48,Female,Other Program,5.1,1.2,14.0,9,64,6,5,5.4,5.1,61,38,No,News,4.5,6,Yes,90.2,0,2.68,No,No,No,Low
STU-03507,64,Female,Visual Communication Design,6.7,5.4,169.0,5,109,3,4,1.0,3.8,11,38,No,Education,6.8,7,Yes,67.6,10,2.27,Yes,Yes,No,Medium
STU-03508,34,Female,Electrical Engineering,7.2,3.4,566.0,8,76,7,4,8.1,3.4,0,150,No,Gaming,15.9,5,Yes,86.8,3,3.0,Yes,Yes,Yes,Low
STU-03510,63,Male,Law,5.0,7.0,545.0,10,69,6,5,16.0,4.2,0,150,Yes,Gaming,6.8,7,Yes,86.3,3,2.1,Yes,Yes,No,Low
STU-03512,28,Female,Fine Arts,5.1,1.3,,9,77,1,6,10.7,7.6,6,150,,Entertainment,2.3,9,Yes,74.0,4,2.23,No,No,Yes,Low
STU-03513,22,Other,Fine Arts,7.6,3.8,127.0,2,72,7,1,2.8,5.1,63,0,Yes,Entertainment,4.5,4,No,82.2,2,2.29,No,No,No,Medium
STU-03514,40 yrs,Female,Law,6.0,0.1,461.0,4,102,5,4,13.4,2.5,53,112,No,Education,0.0,4,Yes,96.5,3,2.6,No,No,Yes,Low
STU-03515,54,Male,Nursing,5.1,2.1,,10,85,9,6,9.8,0.0,86,38,Yes,News,15.9,3,No,,4,2.93,Yes,Yes,Yes,Medium
STU-03516,24,Female,Electrical Engineering,7.8,1.4,369.0,10,95,8,4,16.0,5.1,61,150,No,Entertainment,0.0,4,No,79.2,5,2.08,No,Yes,Yes,Low
STU-03518,47,Other,Biology/Science,7.1,4.6,476.0,9,112,6,5,12.5,4.2,41,112,No,Education,0.0,6,No,67.4,5,1.94,No,Yes,Yes,Low
STU-03519,64,Male,Computer Science,7.4,3.2,239.0,6,91,9,3,1.0,,24,150,Yes,Gaming,2.3,4,No,89.6,3,2.53,Yes,Yes,Yes,High
STU-03520,32,Male,Law,6.1,3.0,521.0,8,104,8,4,6.3,,24,0,Yes,Entertainment,4.5,10,Yes,84.1,6,2.79,Yes,No,Yes,Medium
STU-03521,19,Male,Sports Science,7.5,4.0,265.0,2,69,1,1,9.8,4.2,60,38,Yes,Gaming,0.0,5,Yes,86.3,7,2.23,No,No,Yes,Medium
STU-03522,41,Female,Visual Communication Design,6.9,4.1,98.0,8,76,8,2,15.1,0.8,0,150,No,Education,0.0,4,Yes,89.7,4,2.16,No,No,Yes,Medium
STU-03523,38,Other,Information Systems,7.9,1.7,219.0,2,78,9,2,11.6,8.0,37,75,Yes,Social Media/Trends,2.3,7,No,87.7,4,2.66,No,Yes,Yes,Medium
STU-03524,40,Female,Electrical Engineering,4.5,1.9,483.0,9,92,4,10,16.0,2.9,29,112,Yes,Education,15.9,10,Yes,69.4,8,1.9,Yes,No,Yes,Low
STU-03526,48,Female,Visual Communication Design,5.4,2.4,368.0,8,116,1,8,16.0,2.9,3,112,,News,18.2,10,No,55.5,6,1.81,Yes,Yes,Yes,Low
STU-03527,60,Female,Visual Communication Design,5.0,2.2,262.0,7,65,10,3,13.4,1.7,5,75,No,Social Media/Trends,0.0,6,No,75.5,3,2.55,Yes,Yes,No,Low
STU-03528,29,Other,Visual Communication Design,5.8,0.8,206.0,3,83,8,5,6.3,5.1,21,38,Yes,Education,6.8,5,No,100.0,4,2.89,Yes,Yes,Yes,Medium
STU-03529,53,Male,Fine Arts,5.3,1.6,201.0,2,90,9,2,10.7,1.7,46,75,Yes,News,0.0,7,No,60.2,0,1.91,No,Yes,Yes,Low
STU-03530,50,Female,Computer Science,7.5,3.6,172.0,9,61,5,3,11.6,1.3,94,38,,Education,11.4,5,No,87.7,3,2.52,Yes,No,Yes,Medium
STU-03531,27,Male,Culinary Arts,8.8,2.2,,8,103,2,5,12.5,7.2,64,112,No,Gaming,2.3,5,No,83.1,3,2.27,No,Yes,Yes,Low
STU-03533,29,Female,Computer Science,4.9,1.6,480.0,8,100,1,8,14.2,3.8,29,112,No,Gaming,20.5,8,Yes,65.6,5,2.75,Yes,Yes,Yes,Low
STU-03534,46,Male,Education,5.7,2.5,46.0,4,92,3,3,8.1,3.8,0,0,Yes,Education,4.5,8,No,70.9,4,2.49,Yes,Yes,No,Medium
STU-03535,49,Male,Culinary Arts,7.7,0.8,349.0,9,74,8,5,11.6,2.9,17,0,Yes,News,0.0,4,No,67.0,5,1.77,No,No,Yes,High
STU-03537,39,Male,Fine Arts,6.2,1.0,50.0,7,88,5,4,5.4,4.2,32,112,No,Education,2.3,5,Yes,75.9,1,2.22,No,No,Yes,Medium
STU-03539,53,Female,Culinary Arts,5.8,5.5,216.0,7,79,10,4,12.5,4.2,10,112,No,News,0.0,7,Yes,87.6,4,1.89,No,No,Yes,Low
STU-03541,22,Male,Visual Communication Design,7.5,4.7,292.0,3,89,3,2,3.6,,80,75,Yes,Social Media/Trends,0.0,5,No,85.8,2,2.27,No,No,No,High
STU-03542,40,Other,Visual Communication Design,8.1,2.6,287.0,1,85,5,2,8.1,1.7,95,75,No,Entertainment,4.5,7,No,84.4,6,2.51,Yes,Yes,No,High
STU-03543,38,Female,Law,7.6,5.8,506.0,2,111,8,2,8.9,3.4,33,150,No,Education,0.0,7,No,77.9,4,2.27,No,Yes,No,Low
STU-03545,45,Other,Medicine,6.5,2.1,,10,89,3,6,13.4,2.9,85,150,Yes,News,9.1,10,Yes,69.4,3,2.08,No,No,No,Low
STU-03549,47,Other,Sports Science,5.0,3.5,88.0,3,72,7,3,4.5,3.8,0,112,Yes,Social Media/Trends,0.0,6,Yes,67.8,3,2.01,No,No,No,Medium
STU-03550,24,Female,Electrical Engineering,6.8,1.1,344.0,7,113,4,5,3.6,5.5,19,75,Yes,,4.5,9,No,85.4,3,2.07,No,Yes,Yes,Medium
STU-03552,45,Female,Education,6.1,4.6,40.0,2,115,5,1,14.2,0.0,0,38,Yes,Education,0.0,9,Yes,88.8,10,2.06,No,No,No,High
STU-03553,42,Female,Computer Science,4.4,1.0,501.0,10,118,4,8,9.8,5.5,61,150,,Education,13.6,2,No,78.2,3,2.8,Yes,Yes,No,Low
STU-03555,61,Other,Fine Arts,4.2,0.9,291.0,9,95,4,5,1.9,,26,150,,Gaming,2.3,7,Yes,90.7,5,2.38,No,No,Yes,Low
STU-03556,36,male,Visual Communication Design,6.4,4.0,230.0,1,88,7,1,11.6,1.7,47,38,No,Education,6.8,5,Yes,,2,2.24,Yes,No,Yes,Low
STU-03559,46,Male,Sports Science,4.6,0.6,598.0,8,118,4,10,15.1,2.9,103,112,No,Gaming,20.5,5,Yes,75.9,5,2.7,Yes,Yes,No,Low
STU-03560,40,Other,Nursing,7.1,0.0,351.0,10,78,10,8,10.7,1.3,47,150,Yes,Education,6.8,8,Yes,,3,2.05,Yes,Yes,No,Low
STU-03561,50,Male,Culinary Arts,7.4,6.7,193.0,7,119,6,3,11.6,2.5,38,75,Yes,Entertainment,0.0,4,No,84.3,4,2.23,No,Yes,Yes,Medium
STU-03562,25,Other,Other Program,7.9,4.0,126.0,8,118,4,4,42.599999999999994,6.3,51,0,Yes,Entertainment,11.4,6,Yes,77.4,5,2.21,Yes,Yes,No,Low
STU-03563,60 yrs,Other,Law,8.0,1.4,428.0,8,101,6,4,8.9,5.9,64,38,Yes,News,9.1,4,Yes,87.4,5,2.34,Yes,No,Yes,Low
STU-03564,33,Male,Other Program,6.6,3.6,198.0,6,92,7,5,2.8,6.7,75,38,Yes,News,2.3,2,Yes,96.5,2,3.35,No,No,Yes,High
STU-03565,36,Other,Nursing,6.6,4.0,306.0,7,79,8,4,1.0,6.7,12,75,No,News,9.1,10,No,67.0,1,2.05,Yes,Yes,Yes,Low
STU-03566,57,Female,Information Systems,7.2,5.5,385.0,6,87,8,3,13.4,2.5,39,0,Yes,Education,11.4,4,No,,2,2.29,No,No,No,Medium
STU-03567,40,Other,Medicine,8.3,3.6,462.0,3,90,1,4,5.4,0.0,40,112,,Entertainment,2.3,5,No,77.6,6,2.65,No,Yes,Yes,High
STU-03568,47,Female,Computer Science,5.3,3.2,399.0,1,66,5,3,15.1,4.2,3,0,Yes,News,2.3,3,No,66.4,2,2.17,No,No,Yes,High
STU-03569,43,Other,Fine Arts,6.0,6.6,149.0,8,64,7,6,13.4,8.0,0,38,No,Social Media/Trends,6.8,8,Yes,69.7,5,1.98,Yes,Yes,Yes,Low
STU-03571,27,Other,Sports Science,4.3,0.4,390.0,8,95,2,9,9.8,2.5,54,112,Yes,Gaming,,8,Yes,73.3,6,1.96,Yes,No,Yes,Low
STU-03572,35,MALE,Information Systems,8.5,4.6,157.0,4,105,3,1,15.1,3.4,17,112,No,Education,2.3,8,Yes,80.3,6,2.4,No,No,Yes,Low
STU-03575,25,Other,Culinary Arts,4.0,1.6,457.0,9,117,1,9,8.1,6.7,11,112,Yes,Gaming,15.9,3,Yes,82.5,2,2.97,Yes,No,Yes,Medium
STU-03576,19,Other,Information Systems,8.1,1.7,343.0,2,69,6,3,13.4,5.1,0,75,Yes,Entertainment,6.8,6,No,66.4,3,2.33,No,Yes,No,High
STU-03578,35,Male,Culinary Arts,7.0,4.0,154.0,7,63,2,4,5.4,0.8,26,150,Yes,Education,2.3,4,Yes,59.0,4,2.28,No,No,Yes,High
STU-03579,25,Female,Medicine,7.2,4.3,327.0,6,61,6,2,2.8,3.8,54,38,No,News,4.5,2,No,100.0,2,2.9,Yes,No,No,Low
STU-03580,40,Female,Other Program,8.1,3.7,71.0,4,82,9,2,15.1,6.7,17,38,Yes,Entertainment,2.3,6,Yes,77.7,4,1.8,Yes,Yes,No,High
STU-03581,49,female,Sports Science,6.0,0.4,254.0,5,84,1,3,1.0,4.6,73,0,No,News,6.8,6,Yes,100.0,4,2.8,No,No,Yes,Low
STU-03583,45,Female,Visual Communication Design,7.1,1.2,113.0,6,61,9,4,11.6,5.9,9,0,Yes,Social Media/Trends,2.3,9,Yes,72.8,4,1.76,Yes,Yes,No,Low
STU-03584,40,Other,Medicine,6.7,3.2,283.0,7,105,7,6,6.3,0.4,79,112,No,Gaming,11.4,10,Yes,70.5,3,2.64,Yes,No,Yes,Low
STU-03586,35,Female,Electrical Engineering,6.0,5.1,272.0,1,71,4,2,16.0,6.3,21,150,Yes,Gaming,13.6,4,No,78.5,4,2.49,Yes,No,No,Medium
STU-03587,63,Other,Fine Arts,7.3,3.4,244.0,10,98,4,3,5.4,6.7,41,112,Yes,Entertainment,0.0,6,No,84.4,3,2.4,No,Yes,No,Medium
STU-03588,49,Other,Electrical Engineering,7.1,2.1,384.0,9,93,7,5,1.0,3.4,65,75,No,Social Media/Trends,4.5,6,Yes,69.5,4,2.62,Yes,Yes,No,Low
STU-03589,20,FEMALE,Visual Communication Design,6.1,0.6,544.0,8,107,4,9,11.6,2.5,56,112,Yes,Gaming,9.1,5,Yes,96.0,6,2.98,Yes,Yes,Yes,Low
STU-03590,62,Male,Medicine,7.0,3.1,273.0,8,113,6,5,12.5,4.6,82,75,No,Education,0.0,8,Yes,76.9,6,1.97,No,Yes,Yes,Low
STU-03591,28,male,Biology/Science,8.0,2.5,479.0,6,107,9,4,5.4,3.8,80,112,No,Social Media/Trends,4.5,6,Yes,84.6,3,2.86,No,Yes,Yes,Medium
STU-03593,44,Male,Medicine,7.1,1.1,380.0,6,69,10,5,7.2,,40,112,Yes,Social Media/Trends,6.8,9,Yes,89.0,3,2.03,Yes,Yes,No,Low
STU-03594,23,Female,Computer Science,8.2,4.0,298.0,7,109,2,4,1.0,6.3,21,75,Yes,News,0.0,2,No,91.1,5,2.2,No,Yes,No,High
STU-03595,22,Other,Electrical Engineering,7.7,5.8,288.0,4,74,4,2,12.5,0.4,27,150,No,Gaming,4.5,4,No,60.7,4,2.08,No,No,Yes,Low
STU-03596,33,Female,Fine Arts,7.1,4.9,139.0,8,110,8,4,10.7,,82,112,No,Social Media/Trends,6.8,7,No,86.9,4,2.06,Yes,No,Yes,Low
STU-03597,44,Other,Education,7.1,1.2,155.0,10,80,4,5,12.5,5.5,44,38,Yes,Social Media/Trends,13.6,9,Yes,73.0,5,2.44,Yes,Yes,No,Low
STU-03600,43,Female,Electrical Engineering,4.3,2.8,447.0,5,115,1,5,8.1,7.6,40,75,No,Social Media/Trends,2.3,6,Yes,66.5,4,2.21,No,Yes,No,Low
STU-03602,60,Female,Culinary Arts,5.4,3.4,151.0,10,79,6,4,12.5,0.4,28,38,Yes,News,6.8,4,No,90.8,5,2.12,No,No,No,Low
STU-03603,34,Female,Medicine,7.4,5.1,437.0,1,119,3,3,15.1,8.0,49,38,Yes,Social Media/Trends,0.0,7,Yes,84.1,6,2.11,No,No,No,Low
STU-03604,42,Other,Fine Arts,7.4,5.8,71.0,7,99,3,4,7.2,2.1,69,112,Yes,Social Media/Trends,6.8,6,Yes,89.4,4,2.49,Yes,No,No,Medium
STU-03605,60,Male,Information Systems,6.2,2.3,342.0,6,82,6,4,13.4,0.8,26,150,Yes,Entertainment,4.5,8,Yes,85.6,3,2.03,No,Yes,Yes,Low
STU-03606,45,female,Culinary Arts,6.3,2.3,386.0,2,89,5,1,11.6,6.3,19,38,Yes,Education,6.8,4,Yes,69.3,1,2.4,Yes,No,Yes,High
STU-03608,26,Female,Law,7.6,1.4,539.0,6,99,9,3,10.7,6.3,66,112,No,Social Media/Trends,4.5,8,Yes,76.0,4,2.28,Yes,No,Yes,Low
STU-03609,22,Male,Other Program,4.5,2.5,368.0,8,98,2,9,14.2,,64,-5,No,Gaming,9.1,10,Yes,56.4,9,1.85,No,No,No,Low
STU-03610,47,Female,Education,4.5,3.7,282.0,10,108,4,6,2.8,4.6,50,0,No,Entertainment,4.5,5,No,80.3,1,2.37,No,Yes,No,Low
STU-03611,62,Other,Culinary Arts,6.4,0.4,355.0,8,114,9,5,1.0,0.4,34,75,No,Education,0.0,1,No,,3,2.62,No,Yes,Yes,Medium
STU-03612,38,female,Nursing,7.9,1.9,380.0,10,107,10,6,2.8,3.8,49,150,Yes,News,0.0,5,Yes,81.2,4,2.6,No,Yes,No,Medium
STU-03613,60,Female,Nursing,6.8,2.8,161.0,1,62,10,1,15.1,0.8,33,0,No,News,6.8,10,No,68.0,6,2.05,Yes,Yes,Yes,Low
STU-03614,55,Female,Law,6.0,2.1,303.0,1,82,2,1,11.6,5.5,26,-5,No,Social Media/Trends,0.0,5,No,96.9,1,2.27,No,No,No,Medium
STU-03616,57,Female,Education,8.4,4.6,46.0,9,89,8,5,1.9,4.2,68,38,No,Entertainment,13.6,8,No,76.8,2,2.53,Yes,No,Yes,Low
STU-03617,20,Female,Law,8.2,1.0,321.0,3,62,2,2,8.1,4.2,20,112,No,Gaming,2.3,9,No,78.9,9,2.56,Yes,No,Yes,Low
STU-03618,33,Male,Education,7.0,4.5,53.0,6,81,9,4,8.1,6.3,44,38,No,Education,13.6,1,No,76.9,5,2.73,Yes,Yes,Yes,Medium
STU-03619,55,Female,Medicine,6.6,0.6,505.0,6,105,5,4,5.4,8.0,32,38,No,Social Media/Trends,0.0,7,Yes,,5,2.01,No,No,No,Low
STU-03620,47,Female,Medicine,4.4,1.8,509.0,8,93,3,10,16.0,8.0,48,75,Yes,Entertainment,15.9,8,Yes,75.1,4,2.04,No,Yes,Yes,Low
STU-03623,54,Female,Biology/Science,6.0,5.4,,3,107,2,3,13.4,3.8,32,75,Yes,Entertainment,2.3,5,Yes,79.1,4,2.48,Yes,No,Yes,High
STU-03627,49,MALE,Medicine,4.8,1.2,419.0,10,114,3,9,12.5,5.9,69,75,No,News,9.1,5,No,78.3,2,2.02,No,Yes,Yes,Low
STU-03628,63,Other,Education,6.1,4.3,209.0,6,85,6,3,4.5,2.5,10,112,Yes,Social Media/Trends,0.0,3,No,82.4,6,2.19,No,Yes,Yes,High
STU-03631,63,Male,Biology/Science,7.5,2.3,290.0,9,71,8,4,1.0,8.0,29,38,No,Gaming,0.0,5,No,78.6,2,2.12,No,Yes,Yes,Low
STU-03632,27,Male,Visual Communication Design,6.7,0.2,206.0,5,104,2,1,13.4,6.7,73,75,Yes,Gaming,2.3,3,No,85.1,5,2.34,No,Yes,No,Medium
STU-03634,45,Male,Nursing,8.2,3.6,,7,89,6,3,16.0,,0,38,Yes,Entertainment,2.3,5,No,100.0,7,2.39,No,Yes,Yes,High
STU-03635,41,Male,Sports Science,7.2,1.2,180.0,3,101,10,3,8.1,5.1,74,75,Yes,Gaming,4.5,7,Yes,72.0,4,2.17,Yes,No,No,Low
STU-03636,47,Female,Visual Communication Design,4.5,1.0,186.0,5,113,7,2,1.0,,25,38,No,News,6.8,5,Yes,95.9,3,2.35,Yes,No,Yes,Low
STU-03637,40,Male,Medicine,7.4,4.7,417.0,7,99,3,3,16.0,4.2,0,150,Yes,Education,2.3,8,Yes,76.5,4,1.97,No,No,Yes,High
STU-03638,41,Male,Law,6.3,3.1,274.0,10,95,8,4,11.6,0.8,0,75,No,Entertainment,0.0,4,Yes,85.6,3,2.33,No,Yes,Yes,Medium
STU-03639,23,Male,Nursing,9.4,1.0,231.0,5,118,10,1,10.7,7.2,38,38,Yes,Social Media/Trends,4.5,5,Yes,85.9,7,2.5,No,No,Yes,High
STU-03640,34,FEMALE,Other Program,6.5,0.7,134.0,9,103,1,4,4.5,0.8,4,38,Yes,News,6.8,2,Yes,81.9,0,2.68,Yes,No,Yes,High
STU-03641,41,Male,Visual Communication Design,7.4,0.0,121.0,5,100,2,2,4.5,5.1,46,112,No,Gaming,9.1,5,No,64.9,1,2.5,No,No,No,Medium
STU-03643,36,Other,Sports Science,6.0,1.2,124.0,3,70,7,2,12.5,2.1,43,38,Yes,Education,4.5,6,Yes,84.3,2,2.01,Yes,Yes,Yes,Medium
STU-03644,30,Female,Medicine,4.9,0.6,327.0,8,114,4,10,14.2,4.2,29,150,Yes,Gaming,15.9,8,Yes,,7,2.1,Yes,Yes,Yes,Low
STU-03645,59,Male,Information Systems,6.5,4.3,331.0,6,118,5,3,6.3,7.2,62,150,Yes,Gaming,11.4,6,Yes,57.0,4,2.54,Yes,No,Yes,Low
STU-03646,36,Male,Sports Science,7.0,1.7,254.0,3,110,2,2,7.2,5.5,0,0,Yes,Entertainment,4.5,6,Yes,70.5,4,2.03,Yes,No,Yes,High
STU-03649,26,Other,Nursing,6.9,2.3,143.0,1,64,4,1,3.6,6.3,0,75,No,Social Media/Trends,9.1,6,No,77.6,5,2.27,Yes,No,Yes,Medium
STU-03650,27,Male,Other Program,6.4,5.1,81.0,2,118,9,2,1.0,2.5,73,150,No,Social Media/Trends,2.3,7,Yes,79.5,5,2.45,No,No,No,Low
STU-03652,21,Other,Culinary Arts,7.3,3.6,114.0,8,90,4,4,15.1,7.6,34,112,Yes,Education,0.0,5,Yes,90.5,1,2.48,No,No,No,Low
STU-03653,18,Male,Biology/Science,9.5,2.0,262.0,8,93,6,2,4.5,6.7,40,150,Yes,Entertainment,6.8,2,Yes,99.9,3,2.47,No,Yes,Yes,High
STU-03654,58,Female,Nursing,5.6,3.0,207.0,4,72,6,2,14.2,3.4,28,75,No,,2.3,7,No,75.0,3,1.77,Yes,No,No,Low
STU-03655,40,Female,Other Program,7.4,2.1,,2,107,6,3,8.1,1.3,35,38,No,Social Media/Trends,4.5,9,Yes,,5,2.14,No,No,No,Low
STU-03657,47,Female,Education,6.2,0.9,225.0,3,60,4,3,13.4,3.4,22,0,Yes,Gaming,6.8,4,No,88.1,4,2.36,Yes,No,Yes,High
STU-03658,26,Female,Computer Science,6.4,6.1,162.0,10,73,8,3,9.8,5.1,6,38,Yes,Entertainment,2.3,10,Yes,76.1,3,1.86,No,No,Yes,Low
STU-03659,40,Other,Culinary Arts,5.9,1.3,405.0,10,114,3,8,16.0,4.2,31,112,No,,13.6,7,Yes,72.7,9,2.42,Yes,Yes,Yes,Low
STU-03660,36,Female,Nursing,7.5,4.5,165.0,1,79,9,1,10.7,0.0,1,38,No,Entertainment,6.8,7,No,85.4,5,2.52,Yes,No,No,Medium
STU-03661,57,Female,Culinary Arts,5.2,4.7,103.0,2,99,6,2,15.1,0.4,0,112,No,Gaming,2.3,10,Yes,57.1,4,1.5,No,Yes,No,Low
STU-03662,44,Other,Medicine,6.4,3.6,432.0,7,111,1,4,8.9,0.4,6,150,Yes,News,9.1,2,No,64.9,6,2.64,Yes,No,Yes,High
STU-03663,23,MALE,Computer Science,8.7,1.0,278.0,7,85,8,2,2.8,5.1,12,112,No,News,4.5,2,No,77.9,3,2.52,No,Yes,Yes,High
STU-03664,25,Other,Fine Arts,5.9,1.4,247.0,3,106,8,4,12.5,6.3,14,0,No,Social Media/Trends,2.3,10,Yes,73.1,4,1.81,Yes,No,No,Low
STU-03665,35,Female,Nursing,7.3,3.9,296.0,1,78,4,2,11.6,1.7,21,112,No,Education,2.3,3,No,78.6,3,2.44,No,No,Yes,Medium
STU-03666,37,Other,Information Systems,7.0,4.1,216.0,10,69,6,4,1.0,2.5,2,112,Yes,News,6.8,5,Yes,76.6,0,2.31,Yes,Yes,Yes,High
STU-03667,33,Female,Education,7.0,2.7,220.0,4,80,1,3,16.0,6.7,30,150,No,Gaming,2.3,3,No,88.2,4,2.15,No,Yes,No,Low
STU-03668,23,Male,Nursing,7.5,3.7,154.0,4,84,8,3,14.2,2.1,59,112,No,News,2.3,6,No,72.5,2,2.2,No,No,No,Low
STU-03670,52,Female,Electrical Engineering,7.3,2.2,413.0,4,64,10,2,16.0,4.6,43,0,No,Social Media/Trends,9.1,5,No,,1,2.31,Yes,Yes,No,Low
STU-03672,20,Other,Electrical Engineering,9.8,2.9,286.0,4,64,8,1,37.5,1.7,28,75,No,Education,6.8,7,No,82.3,3,2.25,Yes,Yes,No,High
STU-03673,21,Other,Education,7.6,4.9,235.0,9,64,1,4,10.7,4.6,54,150,No,Gaming,2.3,4,No,90.1,3,2.55,No,No,No,Low
STU-03674,43,Female,Electrical Engineering,4.3,1.1,307.0,9,94,4,10,13.4,6.3,66,75,,News,13.6,6,Yes,84.0,6,2.41,No,Yes,Yes,Low
STU-03675,45,Male,Biology/Science,5.7,1.8,527.0,4,95,4,5,7.2,3.4,14,112,No,Social Media/Trends,11.4,8,Yes,77.6,4,2.39,Yes,No,Yes,Low
STU-03677,31,Other,Fine Arts,4.0,1.5,464.0,10,93,2,8,10.7,2.1,31,75,No,Education,18.2,10,Yes,78.6,8,2.18,Yes,Yes,No,Low
STU-03678,55,Male,Electrical Engineering,7.4,4.1,293.0,9,69,3,5,6.3,4.2,73,150,No,Entertainment,9.1,4,No,84.7,4,2.3,Yes,Yes,Yes,Low
STU-03680,53,Male,Biology/Science,7.3,2.6,250.0,10,106,7,4,9.8,3.8,32,0,No,Gaming,6.8,3,No,93.9,7,2.49,No,No,No,Medium
STU-03681,62,Female,Education,7.1,2.1,27.0,3,64,5,3,6.3,1.7,30,112,,Social Media/Trends,11.4,6,No,87.1,3,2.2,No,Yes,No,High
STU-03682,63,Male,Medicine,6.5,6.3,419.0,2,98,5,3,11.6,3.4,16,75,Yes,Entertainment,11.4,2,No,81.5,1,2.88,Yes,Yes,No,High
STU-03688,41,Other,Nursing,5.4,2.4,299.0,9,84,9,6,13.4,1.7,11,75,No,News,2.3,7,No,83.7,2,2.09,No,No,Yes,Low
STU-03689,20,Other,Other Program,7.2,4.8,111.0,5,105,5,2,9.8,2.5,0,75,No,Social Media/Trends,2.3,7,Yes,72.4,4,2.14,No,Yes,Yes,Medium
STU-03690,35,Male,Sports Science,6.8,2.2,102.0,5,75,6,3,9.8,3.8,21,75,No,Entertainment,4.5,8,Yes,97.4,2,2.26,No,No,No,Medium
STU-03691,26,Other,Culinary Arts,7.3,0.3,215.0,7,114,2,4,10.7,5.5,21,38,,Entertainment,6.8,7,Yes,85.7,6,2.3,Yes,No,No,Low
STU-03692,28,Other,Biology/Science,4.7,1.5,451.0,10,115,1,10,14.2,4.6,21,150,No,Gaming,11.4,7,Yes,86.6,4,2.94,Yes,Yes,Yes,Low
STU-03693,44,Female,Nursing,6.1,4.8,338.0,9,102,2,6,8.9,0.4,59,112,Yes,Gaming,2.3,3,No,,4,2.3,No,No,No,Low
STU-03694,24,Other,Biology/Science,8.7,6.6,523.0,7,100,5,3,7.2,5.9,17,38,No,Social Media/Trends,,7,No,75.9,4,2.28,No,No,No,Low
STU-03695,43,Female,Biology/Science,6.6,1.6,275.0,4,76,5,3,9.8,7.6,60,150,,Gaming,0.0,2,No,100.0,4,2.68,No,Yes,Yes,Medium
STU-03696,21,Female,Information Systems,8.1,4.1,342.0,7,94,10,4,4.5,0.8,58,150,No,Social Media/Trends,9.1,5,No,75.8,2,2.6,Yes,No,Yes,High
STU-03697,22,Female,Culinary Arts,7.5,3.1,237.0,1,84,1,1,2.8,8.0,38,0,Yes,Social Media/Trends,4.5,8,Yes,,2,2.65,No,No,No,Medium
STU-03698,34,Female,Other Program,9.0,6.3,176.0,1,74,1,1,13.4,3.4,47,150,Yes,Social Media/Trends,0.0,9,No,100.0,5,2.17,No,Yes,No,High
STU-03699,41,Male,Nursing,8.2,3.3,171.0,2,67,8,2,11.6,2.1,56,38,Yes,Education,0.0,7,No,83.5,4,2.35,No,No,No,Medium
STU-03700,29,Male,Fine Arts,6.9,4.4,205.0,8,104,7,5,8.9,0.0,47,112,Yes,Gaming,6.8,7,Yes,79.4,6,1.94,Yes,No,Yes,Low
STU-03701,61,FEMALE,Electrical Engineering,8.0,3.3,391.0,4,114,6,3,4.5,6.3,46,75,Yes,Education,15.9,5,No,83.6,1,2.63,Yes,Yes,No,Medium
STU-03702,64,Other,Electrical Engineering,6.1,1.1,499.0,7,103,10,5,5.4,5.9,43,112,No,Social Media/Trends,11.4,9,Yes,78.8,11,3.04,Yes,No,No,Low
STU-03703,41,Other,Medicine,7.0,2.9,438.0,7,99,9,4,1.0,0.8,78,150,Yes,Social Media/Trends,6.8,1,No,90.2,5,2.84,Yes,Yes,Yes,High
STU-03704,37,Male,Biology/Science,8.4,3.6,507.0,10,113,2,5,10.7,6.3,53,150,,Gaming,2.3,1,No,82.0,4,2.94,No,No,No,Medium
STU-03705,52,Other,Education,7.5,5.8,249.0,6,67,7,4,1.0,7.2,62,0,Yes,Entertainment,0.0,4,No,74.9,5,2.64,No,Yes,Yes,Low
STU-03706,45,Female,Computer Science,4.7,3.2,353.0,8,94,2,4,1.0,2.9,12,38,Yes,Social Media/Trends,0.0,8,Yes,97.6,8,2.31,Yes,Yes,No,Medium
STU-03707,62,Male,Computer Science,6.4,4.4,218.0,7,71,1,5,13.4,5.9,22,0,No,News,2.3,9,Yes,63.3,9,1.96,Yes,No,No,Low
STU-03708,57,Female,Electrical Engineering,5.4,3.0,356.0,5,83,5,3,3.6,6.3,2,38,No,Gaming,0.0,4,No,64.4,6,2.36,No,Yes,No,Low
STU-03709,20,Male,Information Systems,8.1,5.9,174.0,2,82,6,2,4.5,1.3,28,75,No,Entertainment,4.5,5,No,68.6,4,2.22,Yes,No,No,Low
STU-03710,24,Other,Visual Communication Design,7.8,4.6,57.0,8,107,3,4,2.8,0.8,48,38,No,Social Media/Trends,2.3,3,No,83.4,2,2.74,No,Yes,Yes,Medium
STU-03711,47,Other,Nursing,5.4,4.9,343.0,6,85,4,2,2.8,5.1,20,75,No,Entertainment,2.3,8,No,81.1,3,2.42,No,Yes,Yes,Low
STU-03712,57,Female,Visual Communication Design,7.1,0.1,267.0,9,71,10,5,10.7,6.3,18,75,No,Gaming,0.0,10,Yes,79.3,5,2.03,Yes,No,Yes,Low
STU-03713,50,Other,Other Program,7.3,3.4,221.0,9,63,1,3,12.5,5.5,90,112,No,News,0.0,8,Yes,83.6,0,2.27,No,Yes,No,Low
STU-03714,21,Female,Medicine,8.4,2.7,331.0,2,85,3,3,11.6,7.6,31,0,No,Entertainment,6.8,3,No,70.0,2,2.9,Yes,Yes,No,Low
STU-03716,32,Other,Medicine,7.3,5.2,308.0,9,105,10,3,15.1,4.6,0,150,No,Entertainment,9.1,9,Yes,79.7,3,2.27,No,Yes,No,Medium
STU-03718,39,Other,Sports Science,5.9,5.2,54.0,4,117,1,4,4.5,5.1,43,150,No,Gaming,4.5,7,Yes,86.0,6,2.78,Yes,No,Yes,Low
STU-03719,62,Other,Electrical Engineering,5.4,1.9,339.0,6,61,7,4,3.6,5.5,67,75,Yes,Gaming,0.0,5,Yes,79.5,3,2.45,Yes,Yes,No,Low
STU-03720,58,male,Education,7.4,1.6,281.0,4,73,8,2,9.8,7.6,15,38,Yes,Entertainment,2.3,6,No,69.0,4,2.74,Yes,No,No,Medium
STU-03721,60,Female,Biology/Science,6.3,2.8,370.0,6,116,2,5,11.6,7.2,11,75,Yes,Gaming,6.8,5,No,90.9,4,2.55,Yes,No,No,Medium
STU-03722,24,Other,Information Systems,8.9,0.0,250.0,10,111,2,2,15.1,7.2,12,38,Yes,Gaming,6.8,5,No,68.7,4,2.05,Yes,No,Yes,Medium
STU-03723,48,Female,Electrical Engineering,6.7,3.5,268.0,4,97,10,4,12.5,1.7,53,75,No,Social Media/Trends,0.0,5,Yes,73.5,1,2.53,No,No,No,Low
STU-03725,26,Male,Nursing,7.3,3.5,212.0,2,65,4,1,8.1,2.5,48,112,No,Education,0.0,10,Yes,89.2,5,1.98,No,No,No,Medium
STU-03726,32,Other,Other Program,4.6,0.5,547.0,10,104,3,10,14.2,7.2,74,75,No,Gaming,9.1,5,Yes,93.9,2,2.16,Yes,No,Yes,Low
STU-03727,52,male,Nursing,5.3,4.3,330.0,10,97,2,6,11.6,1.7,0,112,Yes,Education,6.8,8,Yes,74.8,1,2.17,No,Yes,Yes,Low
STU-03728,30,Female,Culinary Arts,8.0,4.5,234.0,5,63,2,4,8.9,7.6,0,112,No,News,13.6,6,No,72.7,7,2.39,Yes,No,Yes,Medium
STU-03729,31,Female,Culinary Arts,8.0,4.1,169.0,3,90,4,2,12.5,3.4,34,75,Yes,Social Media/Trends,4.5,6,Yes,63.8,6,2.39,No,Yes,Yes,Low
STU-03730,21,Female,Electrical Engineering,7.2,1.5,576.0,1,80,8,3,12.5,3.4,16,150,No,Social Media/Trends,6.8,6,No,84.8,4,2.71,Yes,No,Yes,Medium
STU-03731,58,Female,Sports Science,6.1,4.6,294.0,6,85,2,4,6.3,2.9,65,0,Yes,Social Media/Trends,6.8,2,Yes,73.5,4,2.82,Yes,Yes,No,Medium
STU-03733,61,Male,Biology/Science,7.6,4.5,381.0,1,74,8,1,8.1,2.5,50,150,No,Gaming,0.0,10,Yes,89.7,4,2.19,Yes,No,Yes,Low
STU-03736,55,Male,Computer Science,6.9,5.0,101.0,6,108,1,5,9.8,2.9,28,150,No,News,2.3,6,Yes,92.0,4,2.52,No,Yes,Yes,Low
STU-03739,31,Other,Education,5.4,2.2,17.0,4,63,3,4,11.6,2.9,38,150,No,Entertainment,0.0,3,No,83.0,4,2.26,No,Yes,No,Low
STU-03740,42,Other,Education,7.0,0.6,223.0,4,79,6,1,2.8,0.4,87,38,Yes,Social Media/Trends,2.3,6,Yes,90.6,4,2.67,No,Yes,Yes,Medium
STU-03741,37,Female,Information Systems,6.5,4.0,261.0,10,104,4,5,3.6,0.0,19,0,No,Social Media/Trends,4.5,1,No,68.6,3,2.29,Yes,No,No,Low
STU-03742,58,Other,Medicine,5.6,2.9,555.0,3,75,9,3,11.6,4.2,37,38,Yes,Social Media/Trends,,8,No,,4,2.04,Yes,No,Yes,Low
STU-03743,18,Male,Other Program,7.1,2.1,154.0,8,87,4,4,8.1,0.8,19,75,Yes,Entertainment,4.5,4,No,81.0,7,2.56,Yes,No,Yes,High
STU-03744,34,Female,Medicine,6.9,3.6,449.0,3,69,8,3,7.2,3.8,7,150,Yes,Entertainment,4.5,6,Yes,80.0,3,1.93,No,No,No,Medium
STU-03745,50,MALE,Law,9.4,1.2,498.0,10,74,2,4,2.8,2.1,34,112,No,Entertainment,11.4,5,No,73.5,5,2.82,Yes,Yes,No,Medium
STU-03746,23,female,Electrical Engineering,6.8,2.8,302.0,5,87,1,1,7.2,7.2,30,38,Yes,Education,0.0,10,Yes,93.6,4,2.21,Yes,No,Yes,Low
STU-03748,39,Male,Electrical Engineering,6.6,3.7,337.0,9,84,9,6,2.8,7.2,29,75,Yes,Social Media/Trends,9.1,6,Yes,73.5,5,2.45,Yes,Yes,Yes,Low
STU-03751,28,Female,Law,7.2,0.6,535.0,6,63,6,5,1.0,4.2,27,-5,Yes,News,4.5,6,No,70.2,4,2.86,No,No,Yes,Medium
STU-03752,63,Female,Culinary Arts,6.8,3.9,133.0,4,102,5,2,5.4,1.3,0,75,Yes,Education,4.5,2,No,,3,2.2,Yes,Yes,Yes,High
STU-03753,47,Male,Medicine,6.7,0.7,298.0,1,72,10,4,12.5,8.0,26,150,Yes,Social Media/Trends,9.1,5,No,80.3,0,2.55,Yes,No,No,Medium
STU-03755,51,Other,Sports Science,6.7,3.8,148.0,8,89,10,4,9.8,1.3,15,0,,Education,2.3,6,Yes,81.0,2,1.73,No,No,No,Medium
STU-03757,35,Other,Sports Science,8.2,8.5,257.0,1,112,10,1,14.2,6.3,68,112,No,Education,,6,No,74.8,4,2.13,No,Yes,No,Low
STU-03758,63,Female,Culinary Arts,5.9,3.8,179.0,10,76,2,4,7.2,2.9,38,0,,Entertainment,4.5,8,Yes,84.6,3,2.21,No,Yes,Yes,Low
STU-03759,29,Other,Culinary Arts,7.8,4.5,206.0,3,75,1,1,12.5,0.4,32,150,No,News,9.1,2,No,79.5,5,2.73,Yes,Yes,No,Medium
STU-03761,36,Other,Computer Science,6.3,5.3,340.0,10,76,9,6,16.0,5.5,4,38,Yes,Education,13.6,2,No,86.9,5,2.88,Yes,No,Yes,High
STU-03762,30,Male,Fine Arts,4.9,7.2,73.0,3,80,4,2,14.2,8.0,9,150,No,Entertainment,4.5,9,Yes,61.5,4,1.86,No,Yes,Yes,Low
STU-03763,56,Other,Electrical Engineering,5.0,1.8,370.0,2,90,6,3,6.3,3.8,23,112,Yes,News,6.8,5,Yes,73.6,4,2.86,Yes,Yes,Yes,Medium
STU-03764,34,Male,Fine Arts,5.4,0.1,578.0,10,119,4,10,10.7,2.5,39,75,No,Education,11.4,10,Yes,84.8,7,2.46,No,Yes,Yes,Low
STU-03765,57,Male,Information Systems,7.8,0.5,239.0,7,97,9,3,9.8,1.7,47,112,Yes,Social Media/Trends,0.0,2,No,70.8,1,2.54,No,Yes,No,High
STU-03766,48,Female,Computer Science,8.2,7.1,251.0,1,65,4,1,16.0,4.2,37,150,No,Entertainment,6.8,2,No,71.4,2,1.95,Yes,No,Yes,Medium
STU-03767,42,Female,Education,6.4,3.3,,6,61,5,4,1.0,2.1,31,38,No,Social Media/Trends,0.0,4,Yes,,4,2.55,No,Yes,Yes,Medium
STU-03769,54,Other,Computer Science,5.6,1.6,204.0,6,119,10,4,7.2,1.3,27,38,Yes,News,0.0,6,Yes,80.5,4,1.95,No,No,No,Low
STU-03770,27,Female,Fine Arts,7.8,5.7,206.0,8,77,6,4,5.4,8.0,48,150,Yes,Gaming,0.0,8,Yes,73.7,5,1.98,No,No,Yes,Low
STU-03771,38,Male,Other Program,7.0,6.2,221.0,8,118,2,3,9.8,7.2,23,112,No,Education,2.3,4,Yes,100.0,6,2.51,No,No,Yes,Low
STU-03772,18,Other,Electrical Engineering,7.2,2.2,277.0,10,116,6,5,13.4,2.9,47,112,Yes,,4.5,6,Yes,86.5,2,2.3,Yes,No,Yes,Low
STU-03773,34,Female,Education,6.0,3.0,143.0,5,95,3,5,1.0,6.3,0,75,No,News,4.5,6,Yes,68.8,4,2.14,Yes,Yes,No,Low
STU-03774,19,Other,Other Program,8.3,4.1,126.0,4,96,10,3,9.8,3.8,37,0,No,News,2.3,8,Yes,69.1,5,2.35,No,Yes,No,Low
STU-03777,30,Male,Medicine,8.0,5.4,499.0,3,67,9,2,9.8,1.7,0,75,Yes,Gaming,2.3,6,No,,2,2.28,No,No,Yes,High
STU-03778,29,Male,Culinary Arts,7.0,8.6,334.0,3,116,7,2,10.7,0.4,35,150,,Gaming,0.0,8,Yes,74.6,1,2.25,No,No,Yes,Low
STU-03779,42,Female,Computer Science,9.9,3.3,311.0,5,80,7,2,1.9,7.2,40,112,No,News,6.8,7,Yes,87.2,4,2.36,Yes,Yes,Yes,Low
STU-03780,40,Male,Visual Communication Design,7.1,1.2,,5,63,4,3,1.0,8.0,50,38,Yes,Social Media/Trends,2.3,9,No,80.3,5,1.92,No,No,Yes,Low
STU-03781,36,Female,Information Systems,6.8,3.1,174.0,10,99,9,3,9.8,3.4,15,75,Yes,Entertainment,13.6,6,Yes,77.6,3,3.07,Yes,Yes,No,High
STU-03782,31,Male,Medicine,8.5,2.4,419.0,1,119,10,2,1.0,3.4,49,150,Yes,Entertainment,2.3,5,Yes,77.8,5,2.2,No,Yes,Yes,High
STU-03783,47,Female,Fine Arts,4.1,2.6,267.0,2,70,6,2,5.4,6.3,51,75,Yes,Entertainment,0.0,8,Yes,90.6,5,2.29,No,Yes,No,Low
STU-03784,62,Female,Nursing,7.6,1.1,286.0,6,84,7,3,5.4,7.2,32,0,Yes,Education,9.1,6,No,63.7,6,2.55,Yes,No,Yes,Low
STU-03787,41,Female,Visual Communication Design,6.1,3.5,115.0,2,118,6,1,10.7,0.4,55,75,Yes,Education,2.3,7,No,60.9,2,2.23,No,No,No,Low
STU-03788,32,Female,Electrical Engineering,7.5,6.6,,5,77,2,1,14.2,3.4,8,-5,No,Social Media/Trends,11.4,10,Yes,79.6,5,2.36,Yes,Yes,No,Low
STU-03789,25,MALE,Visual Communication Design,4.7,1.5,317.0,8,94,3,8,11.6,2.5,38,150,No,News,13.6,3,No,78.2,5,2.81,No,Yes,Yes,Low
STU-03790,26,Male,Electrical Engineering,5.2,1.7,398.0,9,113,1,9,14.2,5.1,41,75,No,Entertainment,15.9,6,No,86.2,4,2.47,Yes,Yes,Yes,Low
STU-03793,22,Female,Education,7.9,0.8,231.0,9,63,9,5,8.9,4.2,58,112,No,Social Media/Trends,9.1,4,No,92.7,6,2.8,Yes,No,No,Low
STU-03794,30,Female,Information Systems,5.2,5.5,223.0,9,64,2,5,15.1,2.9,5,75,No,Gaming,0.0,10,Yes,96.7,5,1.95,No,Yes,No,Low
STU-03796,32,Male,Law,7.4,3.8,583.0,6,105,9,4,6.3,6.7,40,150,Yes,Social Media/Trends,0.0,4,No,99.3,7,2.73,No,No,No,High
STU-03798,61,Other,Information Systems,6.3,2.1,395.0,8,80,6,3,16.0,1.3,21,112,No,Education,2.3,4,No,83.3,2,2.4,Yes,No,No,Medium
STU-03799,25,Female,Law,7.7,1.6,386.0,2,72,3,2,10.8,5.5,16,112,Yes,Gaming,2.3,5,No,88.8,3,2.08,No,Yes,Yes,High
STU-03800,24,Female,Visual Communication Design,6.5,0.4,89.0,8,119,8,7,8.1,7.6,45,38,No,Gaming,6.8,7,Yes,81.9,4,2.41,Yes,Yes,No,Low
STU-03801,34,FEMALE,Computer Science,4.3,1.2,131.0,6,90,6,6,6.3,4.2,70,150,No,News,2.3,4,Yes,84.5,1,2.79,No,Yes,Yes,Low
STU-03802,40,Female,Nursing,4.5,2.1,459.0,10,98,1,10,13.4,4.2,24,112,No,Social Media/Trends,15.9,5,No,100.0,3,2.98,Yes,No,Yes,Low
STU-03804,29,Other,Culinary Arts,7.3,4.4,169.0,7,92,8,3,8.1,0.8,20,38,Yes,News,6.8,2,No,88.1,3,2.73,Yes,No,Yes,High
STU-03805,59,Other,Computer Science,7.4,5.2,184.0,9,99,5,6,11.6,5.1,0,112,No,Education,2.3,8,Yes,87.2,4,2.21,Yes,No,No,Low
STU-03807,59,Other,Fine Arts,6.1,2.7,142.0,10,79,10,6,7.2,4.2,20,75,Yes,Gaming,4.5,3,No,98.5,3,3.04,Yes,Yes,Yes,High
STU-03808,43,Female,Education,8.5,4.1,25.0,7,75,7,4,14.2,4.2,12,150,Yes,Education,0.0,7,Yes,83.0,6,1.73,No,No,No,Medium
STU-03809,59,Other,Computer Science,5.8,4.4,,5,77,6,1,10.7,6.3,50,112,Yes,Social Media/Trends,2.3,8,Yes,92.1,3,2.14,No,No,No,Medium
STU-03810,33,Other,Electrical Engineering,6.1,0.4,596.0,5,117,10,4,3.6,6.7,4,0,Yes,Entertainment,6.8,7,Yes,96.1,9,2.85,Yes,No,No,High
STU-03812,50,Other,Nursing,6.9,0.5,204.0,9,90,8,5,8.1,5.1,61,112,Yes,Social Media/Trends,6.8,7,No,57.0,2,1.97,Yes,Yes,Yes,Low
STU-03814,37,Female,Law,7.2,1.9,454.0,3,105,9,4,3.6,4.2,7,112,Yes,,0.0,1,No,71.5,1,2.46,No,Yes,No,High
STU-03816,56,Other,Visual Communication Design,6.2,3.0,153.0,2,116,5,3,16.0,0.4,19,112,No,Entertainment,2.3,6,No,82.0,5,2.24,No,Yes,Yes,Medium
STU-03817,32,male,Nursing,8.5,3.3,341.0,8,82,7,1,13.4,6.7,40,0,No,Social Media/Trends,2.3,8,Yes,86.3,5,2.09,No,No,No,Low
STU-03818,40,Other,Medicine,7.0,1.5,481.0,3,84,9,1,15.1,5.5,15,112,No,Education,0.0,1,No,77.9,0,2.32,No,No,Yes,Low
STU-03819,24,Other,Fine Arts,6.2,1.4,142.0,1,75,4,2,1.9,1.7,45,38,No,News,0.0,6,Yes,94.8,3,2.1,No,Yes,Yes,Low
STU-03821,29,Other,Culinary Arts,6.2,6.1,260.0,8,115,1,4,12.5,2.5,22,150,No,Social Media/Trends,6.8,3,Yes,75.9,1,2.1,Yes,Yes,No,Low
STU-03822,32,Other,Visual Communication Design,3.7,0.4,441.0,8,102,3,9,14.2,4.6,20,150,Yes,Social Media/Trends,18.2,10,Yes,93.8,6,2.27,Yes,Yes,Yes,Medium
STU-03824,36,Other,Information Systems,7.4,3.1,299.0,6,77,5,4,13.4,2.5,38,112,No,Gaming,,7,Yes,66.7,5,2.33,Yes,No,Yes,Low
STU-03825,45,Other,Culinary Arts,6.7,2.3,201.0,8,89,8,4,7.2,6.7,98,38,No,Entertainment,6.8,7,Yes,77.6,7,2.55,No,Yes,Yes,Low
STU-03826,62,Male,Medicine,6.4,7.1,532.0,9,85,3,4,7.2,,28,150,Yes,News,6.8,6,Yes,95.9,6,2.57,Yes,No,No,Low
STU-03827,58,Female,Medicine,7.1,3.7,305.0,8,89,2,5,8.9,1.3,25,75,Yes,Education,2.3,8,Yes,79.2,3,2.25,No,Yes,Yes,High
STU-03828,46,Male,Other Program,5.4,0.7,13.0,4,87,4,3,8.9,1.3,27,112,Yes,News,4.5,4,No,99.4,0,3.13,Yes,Yes,Yes,High
STU-03829,21,Other,Fine Arts,8.0,4.0,197.0,6,67,10,4,10.7,2.5,39,150,Yes,Social Media/Trends,9.1,2,No,79.9,2,2.48,Yes,Yes,No,High
STU-03830,31,Male,Education,6.1,6.8,0.0,2,63,8,3,12.5,4.2,44,75,Yes,Education,4.5,5,Yes,79.9,0,2.58,No,Yes,Yes,High
STU-03831,35,Other,Nursing,7.3,1.5,139.0,9,91,5,4,12.5,7.2,25,0,Yes,Gaming,,3,No,74.5,4,2.34,No,Yes,Yes,Low
STU-03832,50,Other,Sports Science,5.0,3.0,196.0,9,98,4,4,10.7,6.3,31,38,Yes,Social Media/Trends,4.5,2,No,83.9,4,2.51,No,Yes,Yes,Medium
STU-03833,53,male,Information Systems,6.0,2.5,333.0,6,105,1,5,8.1,3.8,37,112,No,News,9.1,6,No,94.7,4,2.96,Yes,Yes,Yes,Low
STU-03834,61,Other,Information Systems,7.3,3.1,284.0,1,62,4,1,7.2,2.9,53,112,Yes,Gaming,2.3,8,Yes,88.9,4,2.07,Yes,Yes,Yes,High
STU-03835,30,Male,Education,6.3,7.0,240.0,5,68,6,2,14.2,4.2,34,150,No,Education,,1,No,100.0,0,2.64,Yes,No,Yes,Medium
STU-03836,38 yrs,Male,Visual Communication Design,6.3,3.8,149.0,4,83,10,3,13.4,,19,0,No,Entertainment,0.0,5,Yes,62.7,5,2.15,No,No,Yes,Low
STU-03837,23,Male,Sports Science,6.5,2.9,204.0,4,70,8,3,16.0,2.9,81,150,No,News,0.0,5,No,85.8,3,2.17,No,Yes,Yes,Low
STU-03838,53,Male,Nursing,6.6,0.0,,2,103,10,1,14.2,7.2,61,112,,Gaming,2.3,5,Yes,61.5,2,2.49,No,Yes,No,Low
STU-03840,52,Other,Nursing,6.0,6.0,267.0,5,95,7,5,8.1,1.3,34,150,Yes,Social Media/Trends,11.4,7,No,86.4,3,2.48,Yes,No,Yes,Medium
STU-03841,20,Other,Sports Science,8.0,5.2,160.0,7,88,10,3,13.4,5.9,44,38,No,Education,2.3,8,Yes,69.9,6,1.75,Yes,Yes,No,Low
STU-03842,64,Other,Medicine,5.4,5.4,356.0,1,67,6,1,8.9,8.0,16,38,Yes,Entertainment,4.5,4,No,72.3,3,1.84,Yes,Yes,Yes,Low
STU-03843,39,Other,Sports Science,7.7,0.6,,7,108,8,4,5.4,2.1,44,0,No,Gaming,9.1,1,Yes,78.7,4,2.68,Yes,No,No,Medium
STU-03844,50,Other,Fine Arts,6.3,2.0,164.0,2,88,6,2,10.7,3.4,24,75,No,Entertainment,0.0,6,No,87.9,4,2.15,No,Yes,Yes,High
STU-03845,49,Other,Medicine,7.5,1.6,408.0,3,93,9,1,8.1,0.0,64,38,No,Gaming,0.0,6,Yes,91.1,4,2.44,No,Yes,No,Medium
STU-03846,41,Male,Electrical Engineering,4.8,2.1,422.0,9,117,4,9,13.4,3.8,96,150,No,News,9.1,6,Yes,87.5,4,2.6,Yes,Yes,No,Low
STU-03847,59,Female,Computer Science,6.0,3.2,339.0,1,99,3,4,13.4,4.2,40,75,No,Education,6.8,7,No,83.4,4,2.51,Yes,No,No,Low
STU-03848,26,Male,Other Program,6.9,1.8,95.0,5,113,8,5,9.8,0.4,53,75,Yes,Entertainment,4.5,8,No,71.3,1,1.72,Yes,Yes,Yes,Low
STU-03849,34,Female,Medicine,7.8,3.5,,2,112,9,4,5.4,0.8,65,0,No,Entertainment,18.2,6,No,70.5,5,3.07,Yes,No,Yes,Medium
STU-03850,59,female,Fine Arts,4.9,5.0,73.0,6,84,4,2,5.4,7.2,11,0,Yes,Social Media/Trends,2.3,3,No,,6,2.71,No,Yes,Yes,Medium
STU-03851,43,Female,Other Program,8.0,0.5,255.0,1,109,2,1,15.1,7.6,12,0,No,Education,0.0,7,Yes,88.8,4,1.82,No,No,No,Low
STU-03852,25,Female,Other Program,6.7,0.4,,8,95,9,4,12.5,2.9,36,0,Yes,Education,4.5,7,Yes,64.4,7,2.03,Yes,No,No,Medium
STU-03853,51,Other,Sports Science,6.5,2.7,189.0,9,62,2,3,12.5,7.6,37,150,Yes,News,6.8,4,No,74.6,5,2.46,Yes,Yes,Yes,Medium
STU-03854,35,Male,Computer Science,3.5,1.3,434.0,10,99,4,8,12.5,6.7,37,75,No,News,18.2,7,No,80.1,8,2.54,Yes,Yes,No,Low
STU-03855,48,Other,Law,7.4,4.1,423.0,5,112,10,3,6.3,6.7,31,75,Yes,News,2.3,3,Yes,83.5,3,2.41,Yes,Yes,Yes,Medium
STU-03858,22,Male,Sports Science,8.2,3.1,249.0,8,94,10,4,14.2,3.8,22,0,No,Entertainment,4.5,1,No,74.4,2,2.91,No,No,Yes,Medium
STU-03860,55,Other,Law,8.1,3.8,378.0,7,85,10,2,13.4,1.7,2,75,No,Social Media/Trends,2.3,7,No,88.8,5,1.87,Yes,Yes,Yes,High
STU-03861,24,Other,Medicine,5.4,1.2,592.0,9,113,1,9,13.4,2.9,2,112,No,News,9.1,5,No,85.1,3,2.29,Yes,Yes,No,Low
STU-03862,52,Male,Computer Science,6.9,2.2,309.0,8,77,3,4,8.9,8.0,7,75,No,Education,0.0,8,Yes,79.8,6,2.11,No,No,No,Low
STU-03863,41,FEMALE,Computer Science,4.3,2.0,538.0,10,90,1,10,11.6,2.9,59,112,No,News,20.5,3,No,76.6,2,2.77,Yes,Yes,No,Low
STU-03864,33,Other,Fine Arts,7.8,3.8,132.0,1,64,4,1,15.1,8.0,4,75,No,Education,13.6,1,No,65.8,2,2.47,Yes,Yes,Yes,High
STU-03866,21,Female,Visual Communication Design,7.0,1.3,179.0,5,104,3,3,14.2,2.9,52,150,Yes,Entertainment,2.3,5,Yes,83.5,3,2.3,No,Yes,No,Medium
STU-03867,61,Other,Sports Science,6.7,5.0,81.0,2,94,8,1,2.8,0.0,0,0,Yes,Entertainment,13.6,8,Yes,80.1,5,2.93,Yes,No,No,High
STU-03869,28,Other,Other Program,5.7,0.9,410.0,9,97,1,10,8.9,7.6,39,112,Yes,Gaming,20.5,1,No,83.2,0,2.8,Yes,Yes,Yes,Low
STU-03871,40,Male,Computer Science,7.5,3.7,118.0,5,105,10,4,1.0,2.9,66,0,No,Social Media/Trends,6.8,8,No,79.3,3,2.32,Yes,No,No,Low
STU-03872,61,Other,Electrical Engineering,6.2,4.0,411.0,1,104,7,2,5.4,5.9,44,0,Yes,Education,0.0,3,Yes,72.6,4,2.02,No,Yes,No,Medium
STU-03873,55,Female,Education,8.3,3.8,138.0,2,111,5,1,15.1,2.1,0,75,Yes,Gaming,9.1,7,Yes,76.7,5,2.23,Yes,Yes,No,High
STU-03874,51,Female,Culinary Arts,5.2,4.0,241.0,10,110,10,5,8.9,5.5,38,150,No,Entertainment,0.0,6,Yes,76.6,4,1.95,No,Yes,No,Low
STU-03875,63,Other,Computer Science,6.4,5.6,306.0,1,100,6,1,11.6,2.1,18,75,Yes,Education,2.3,6,No,87.7,4,2.16,Yes,No,Yes,High
STU-03876,44,Female,Information Systems,6.3,3.4,219.0,1,119,10,2,7.2,0.8,40,112,No,Social Media/Trends,18.2,6,No,63.6,0,2.68,Yes,Yes,No,Low
STU-03877,54,Other,Nursing,7.5,1.6,219.0,10,79,6,4,11.6,2.5,43,150,No,Social Media/Trends,2.3,4,Yes,79.5,4,2.27,No,Yes,No,Low
STU-03878,33,Male,Electrical Engineering,5.6,6.5,276.0,8,72,6,5,1.9,3.4,68,75,Yes,Entertainment,6.8,1,No,82.2,3,2.61,Yes,Yes,Yes,High
STU-03879,47,male,Fine Arts,6.4,2.0,168.0,8,112,6,3,5.4,1.3,70,150,No,Education,0.0,8,Yes,75.1,4,2.61,No,Yes,Yes,Low
STU-03880,48,Other,Computer Science,8.2,3.6,398.0,5,118,2,3,7.2,8.0,60,150,No,Education,6.8,10,Yes,92.2,6,2.63,Yes,No,No,Low
STU-03881,36,Other,Law,8.0,2.1,432.0,3,112,9,3,7.2,2.9,0,38,No,Entertainment,4.5,3,No,80.7,7,2.55,No,Yes,Yes,High
STU-03882,31,Other,Information Systems,6.7,0.0,291.0,3,97,6,2,15.1,8.0,54,38,Yes,Gaming,9.1,6,Yes,83.6,1,2.56,Yes,Yes,Yes,Low
STU-03883,18,Female,Medicine,7.6,1.3,598.0,8,84,5,2,11.6,4.2,20,0,Yes,Social Media/Trends,4.5,4,No,80.3,5,2.21,Yes,Yes,No,Low
STU-03884,22,Male,Electrical Engineering,8.6,2.6,,8,72,8,4,10.7,6.7,49,75,Yes,Gaming,2.3,4,No,60.9,3,2.18,No,No,Yes,Low
STU-03885,59,Male,Information Systems,6.7,0.3,210.0,3,63,5,3,16.0,5.1,46,0,Yes,Education,6.8,2,No,92.3,4,2.56,Yes,Yes,Yes,High
STU-03886,22,Male,Law,7.8,2.0,301.0,3,85,6,3,8.9,2.5,38,112,No,Social Media/Trends,2.3,7,Yes,79.4,1,2.38,No,No,Yes,Medium
STU-03887,30,female,Law,5.3,2.5,421.0,8,105,3,8,8.9,5.1,47,150,No,Gaming,13.6,8,Yes,77.5,7,2.7,Yes,No,Yes,Low
STU-03888,60,Female,Other Program,6.1,0.2,145.0,3,107,5,2,16.0,3.8,31,75,Yes,Entertainment,6.8,4,No,77.7,3,2.48,Yes,No,Yes,High
STU-03889,36,Male,Medicine,8.3,0.6,512.0,4,64,2,3,8.1,7.2,16,38,No,Social Media/Trends,0.0,7,Yes,100.0,8,2.61,No,Yes,Yes,Medium
STU-03890,46,Female,Education,7.3,5.6,86.0,2,94,9,3,6.3,3.4,48,38,No,News,9.1,10,No,80.9,11,2.69,Yes,Yes,Yes,Low
STU-03891,42,Male,Nursing,7.2,5.9,150.0,1,108,9,1,8.1,1.3,79,0,No,Entertainment,4.5,6,Yes,95.3,5,2.49,No,No,Yes,Medium
STU-03892,40,Male,Nursing,6.5,1.9,370.0,3,115,6,4,5.4,4.2,0,112,Yes,Education,15.9,10,Yes,75.9,10,2.23,Yes,Yes,Yes,High
STU-03893,38,Male,Education,8.1,1.8,272.0,1,115,1,1,4.5,3.4,67,0,Yes,Social Media/Trends,9.1,3,No,80.7,4,2.46,Yes,Yes,No,High
STU-03895,54,Other,Law,7.3,2.6,257.0,9,63,3,6,11.6,4.6,58,75,No,News,0.0,8,Yes,76.4,4,1.95,No,Yes,No,Low
STU-03896,27,Other,Law,7.4,2.1,505.0,4,106,6,4,8.1,6.3,69,0,No,News,4.5,7,Yes,76.9,6,2.47,Yes,Yes,Yes,Low
STU-03897,42,Other,Other Program,5.6,4.9,284.0,2,89,6,3,1.0,8.0,2,0,Yes,News,4.5,3,No,72.8,6,3.08,No,Yes,No,Medium
STU-03899,57,MALE,Sports Science,7.0,3.1,281.0,8,113,1,6,10.7,2.5,57,112,Yes,News,2.3,4,No,80.1,2,2.62,No,No,Yes,Medium
STU-03901,28,Other,Other Program,5.3,5.0,95.0,6,94,6,4,5.4,1.3,39,112,No,Education,6.8,9,Yes,89.5,5,2.34,No,No,Yes,Low
STU-03902,48,Female,Electrical Engineering,6.8,3.1,385.0,10,97,7,4,11.6,4.6,34,112,Yes,News,2.3,3,No,91.9,4,2.01,Yes,Yes,No,Low
STU-03903,34,Female,Biology/Science,7.4,2.8,272.0,3,77,6,3,15.1,5.1,34,75,Yes,News,2.3,8,No,86.0,4,2.31,No,Yes,No,High
STU-03904,21,Other,Biology/Science,5.3,2.9,548.0,5,91,10,6,6.3,8.0,47,38,No,Entertainment,4.5,9,Yes,91.4,5,2.37,Yes,No,No,Low
STU-03905,21,male,Computer Science,6.5,4.1,163.0,1,108,3,2,8.1,2.5,52,38,Yes,News,0.0,6,No,83.8,1,2.18,No,Yes,No,Medium
STU-03906,29,Female,Other Program,9.1,0.0,64.0,1,108,7,1,9.8,6.7,22,0,No,News,9.1,3,No,74.4,3,2.85,Yes,No,No,Medium
STU-03907,20,Female,Computer Science,7.2,3.0,321.0,10,102,8,4,5.4,8.0,38,0,No,Social Media/Trends,0.0,5,No,77.4,3,2.28,No,Yes,No,Low
STU-03909,20,Other,Culinary Arts,8.1,4.1,114.0,5,62,6,3,1.0,4.2,38,112,No,Entertainment,6.8,6,Yes,92.4,3,2.67,Yes,No,No,Low
STU-03910,24,Female,Information Systems,9.4,1.2,155.0,6,95,10,3,3.6,1.3,59,0,Yes,Education,13.6,10,Yes,75.4,7,2.27,Yes,Yes,No,Medium
STU-03911,21,Female,Education,6.3,4.4,,6,119,7,3,10.7,3.4,45,150,No,Social Media/Trends,2.3,4,No,96.8,4,3.09,Yes,No,No,Low
STU-03912,27,Other,Sports Science,7.9,2.0,75.0,7,62,5,4,16.0,,39,150,,News,4.5,1,No,75.0,1,2.77,No,No,No,High
STU-03913,28,male,Computer Science,6.6,4.4,206.0,3,71,7,4,6.3,4.2,56,150,No,News,22.7,6,No,86.4,3,3.06,Yes,No,Yes,Low
STU-03916,40,Male,Electrical Engineering,5.8,1.1,483.0,1,85,9,1,6.3,4.6,43,150,Yes,Education,6.8,5,Yes,79.7,5,2.06,No,Yes,No,Low
STU-03917,21,Male,Culinary Arts,7.3,4.6,137.0,7,111,7,2,9.8,1.3,79,0,Yes,Social Media/Trends,0.0,10,Yes,88.7,5,1.76,No,No,Yes,Low
STU-03918,54,FEMALE,Law,7.1,6.2,598.0,9,99,7,5,9.8,8.0,5,38,Yes,Social Media/Trends,9.1,5,No,55.9,7,2.11,Yes,Yes,No,Low
STU-03920,64,Other,Education,5.3,0.2,258.0,10,90,6,6,15.1,,21,75,No,Gaming,13.6,7,Yes,64.8,7,2.52,Yes,No,No,Low
STU-03922,27,Other,Education,7.1,4.8,268.0,5,117,5,5,6.3,5.5,28,75,Yes,News,4.5,2,No,81.4,0,2.44,No,Yes,Yes,Medium
STU-03923,27,Other,Other Program,7.7,5.0,102.0,8,106,5,2,13.4,4.2,7,150,Yes,Entertainment,0.0,10,Yes,90.6,3,1.83,No,Yes,Yes,Medium
STU-03924,30,Female,Computer Science,6.3,2.4,388.0,8,118,6,4,1.9,3.4,76,38,Yes,Education,13.6,3,No,74.2,2,2.69,Yes,No,Yes,Medium
STU-03926,48,Other,Culinary Arts,7.4,3.3,244.0,5,82,9,4,7.2,6.3,57,150,Yes,News,6.8,3,No,74.1,1,2.69,Yes,Yes,No,Medium
STU-03927,51,Female,Culinary Arts,8.1,2.8,286.0,2,114,5,3,11.6,8.0,63,150,Yes,Entertainment,4.5,7,Yes,77.8,3,2.42,Yes,Yes,No,Medium
STU-03928,36,Female,Fine Arts,5.5,0.2,554.0,9,94,4,10,12.5,2.5,12,75,No,Gaming,15.9,10,No,78.5,9,2.41,No,Yes,No,Low
STU-03929,63,Male,Education,6.5,6.4,278.0,5,112,8,3,15.1,3.4,76,0,No,Education,13.6,3,No,70.0,2,2.76,Yes,Yes,No,Medium
STU-03930,52,Male,Other Program,6.0,5.2,206.0,2,108,6,1,13.4,2.1,1,112,No,Education,4.5,9,Yes,83.9,4,2.49,No,Yes,Yes,Low
STU-03931,45,Female,Computer Science,7.3,3.5,,8,105,1,4,2.8,5.1,9,38,Yes,Social Media/Trends,4.5,7,Yes,83.9,5,2.48,No,No,Yes,High
STU-03932,33,Male,Education,7.0,6.0,180.0,5,103,6,5,6.3,2.1,22,0,Yes,Gaming,4.5,8,No,72.7,2,2.09,Yes,Yes,Yes,Medium
STU-03933,21,male,Computer Science,6.5,4.1,163.0,1,108,3,2,8.1,2.5,52,38,Yes,News,0.0,6,No,83.8,1,2.18,No,Yes,No,Medium
STU-03935,52,Male,Fine Arts,6.1,3.3,,6,94,2,3,3.6,3.8,9,150,Yes,Gaming,15.9,4,No,,4,3.04,Yes,Yes,Yes,High
STU-03936,44,Male,Sports Science,4.4,0.1,,9,105,4,9,13.4,2.9,44,150,No,Entertainment,18.2,2,Yes,74.6,0,3.19,Yes,Yes,Yes,Low
STU-03937,32,Other,Computer Science,7.4,4.1,380.0,8,119,9,5,1.0,7.6,0,38,No,Education,2.3,10,Yes,67.6,8,1.95,No,Yes,Yes,Low
STU-03938,54,Other,Biology/Science,6.8,6.9,438.0,2,68,2,1,13.4,1.3,45,0,No,News,9.1,10,Yes,73.5,8,2.11,Yes,Yes,Yes,Low
STU-03939,35,Other,Medicine,7.8,2.2,484.0,2,84,6,5,13.4,5.1,65,0,No,Education,11.4,7,Yes,68.6,2,2.42,Yes,Yes,No,Medium
STU-03940,19,Male,Visual Communication Design,9.2,3.7,213.0,1,96,1,1,1.0,0.0,5,0,Yes,Gaming,0.0,6,Yes,,6,2.54,No,Yes,Yes,High
STU-03942,33,Female,Culinary Arts,3.7,0.1,594.0,10,114,3,8,11.6,7.2,31,112,Yes,Education,18.2,9,Yes,60.5,3,3.11,No,Yes,Yes,Low
STU-03943,21,Female,Computer Science,7.5,1.7,,7,95,8,4,4.5,5.9,50,0,Yes,Social Media/Trends,9.1,6,Yes,67.2,0,2.77,Yes,Yes,No,Low
STU-03944,57,Other,Medicine,9.3,3.6,418.0,8,74,4,1,10.7,1.7,24,38,Yes,Entertainment,0.0,9,No,63.6,4,2.1,No,Yes,Yes,Medium
STU-03945,34,Other,Other Program,7.0,0.5,190.0,1,72,4,3,5.4,1.3,66,0,Yes,Social Media/Trends,6.8,8,Yes,68.8,3,2.49,Yes,No,No,Low
STU-03946,40,Other,Education,7.5,0.1,62.0,4,86,6,3,9.8,7.2,0,0,Yes,Gaming,4.5,4,No,58.9,1,2.41,Yes,No,No,Medium
STU-03947,23,Male,Sports Science,6.3,0.3,277.0,9,111,6,4,1.9,1.3,65,-5,No,Gaming,4.5,5,No,67.6,4,2.21,No,Yes,No,Low
STU-03948,48,Female,Medicine,5.4,2.7,488.0,2,75,5,4,16.0,4.6,54,75,No,Entertainment,2.3,6,No,87.4,1,1.96,No,No,No,Low
STU-03949,48,Male,Information Systems,6.1,0.3,110.0,1,70,8,2,4.5,,80,150,Yes,Education,2.3,1,No,84.3,2,2.31,Yes,Yes,Yes,Medium
STU-03951,55,Female,Nursing,8.2,4.0,303.0,5,118,1,3,14.2,5.1,38,112,Yes,News,4.5,5,Yes,79.5,5,2.65,Yes,No,No,Medium
STU-03952,53,Male,Medicine,6.4,2.6,585.0,5,102,9,2,12.5,3.8,41,38,Yes,Gaming,0.0,3,No,77.7,1,2.19,No,No,No,High
STU-03953,48,male,Law,6.7,2.8,371.0,2,93,2,3,2.8,3.8,15,38,,Education,2.3,2,No,82.0,4,2.81,No,Yes,No,High
STU-03954,33,Female,Law,7.2,3.0,273.0,8,106,10,4,10.7,7.2,59,112,,Entertainment,0.0,10,Yes,77.3,5,1.69,No,Yes,No,Low
STU-03955,49,Female,Biology/Science,7.0,2.6,394.0,2,90,6,4,3.6,2.1,64,112,No,News,0.0,8,Yes,79.1,2,2.22,No,Yes,No,Medium
STU-03956,27,Female,Computer Science,4.2,0.1,390.0,8,100,2,10,12.5,2.5,21,112,Yes,Social Media/Trends,15.9,7,Yes,81.0,4,2.46,Yes,Yes,Yes,Low
STU-03957,41,Male,Medicine,8.6,3.7,468.0,9,108,5,5,13.4,2.1,56,150,No,Entertainment,0.0,7,Yes,75.4,3,1.7,No,No,No,Low
STU-03958,34,Female,Electrical Engineering,3.7,1.3,373.0,9,119,3,9,13.4,5.1,17,112,No,Education,15.9,7,Yes,87.5,7,2.62,Yes,Yes,No,Low
STU-03959,64,Other,Sports Science,5.2,0.9,264.0,4,83,8,3,11.6,4.6,49,0,No,News,2.3,9,Yes,86.4,5,2.06,No,Yes,Yes,Low
STU-03960,40,Male,Visual Communication Design,6.9,6.6,105.0,7,103,6,4,16.0,5.9,15,112,Yes,Social Media/Trends,9.1,1,No,91.3,0,2.6,Yes,Yes,No,Medium
STU-03961,63,Male,Education,4.6,5.5,202.0,1,107,4,1,2.8,3.8,47,0,Yes,Gaming,2.3,1,No,,1,2.99,No,Yes,Yes,High
STU-03962,59,Other,Electrical Engineering,7.9,1.3,314.0,3,94,4,2,9.8,6.7,34,38,Yes,Entertainment,13.6,8,Yes,95.9,4,2.66,Yes,No,No,Medium
STU-03963,18,Male,Education,8.5,1.1,68.0,8,100,5,4,2.8,3.8,17,150,No,News,4.5,4,Yes,86.9,3,2.48,No,No,No,High
STU-03964,56,Other,Fine Arts,6.4,3.9,230.0,3,93,6,2,5.4,5.1,18,38,No,News,4.5,8,Yes,78.4,5,2.36,Yes,No,Yes,Low
STU-03965,32,Other,Other Program,7.0,0.4,251.0,3,115,4,2,8.1,0.0,16,38,No,News,6.8,3,No,73.0,2,2.63,Yes,Yes,Yes,Medium
STU-03967,47,Male,Sports Science,6.8,5.9,269.0,4,74,4,2,7.2,7.2,25,150,No,News,2.3,2,No,77.6,7,2.22,No,No,Yes,Low
STU-03968,52,Male,Sports Science,6.3,2.9,299.0,10,69,8,7,1.0,4.6,58,150,No,Social Media/Trends,4.5,4,Yes,69.4,2,2.85,Yes,No,No,Low
STU-03969,42,Female,Visual Communication Design,7.2,3.4,184.0,6,112,6,4,9.8,0.8,46,38,No,Entertainment,0.0,5,Yes,84.3,4,2.47,No,No,No,Low
STU-03971,34,Female,Law,7.7,2.6,419.0,4,115,5,3,5.4,6.3,39,112,No,Education,15.9,5,Yes,74.6,9,2.91,Yes,Yes,Yes,Low
STU-03972,49,Other,Other Program,6.0,4.5,130.0,9,93,5,6,16.0,5.1,42,150,Yes,News,13.6,5,No,88.9,0,2.85,Yes,Yes,Yes,Medium
STU-03973,62,Female,Biology/Science,6.0,3.9,360.0,6,84,4,2,42.599999999999994,5.5,17,75,Yes,Gaming,0.0,5,No,68.0,2,2.05,No,No,Yes,Low
STU-03975,60,Other,Information Systems,8.4,2.0,200.0,7,65,2,2,12.5,8.0,8,112,Yes,Entertainment,2.3,9,Yes,92.3,7,2.23,No,Yes,No,Medium
STU-03976,47,Female,Culinary Arts,3.7,2.2,320.0,10,112,2,10,15.1,6.7,49,150,No,Gaming,18.2,10,Yes,72.2,6,2.5,Yes,No,Yes,Low
STU-03977,21,Female,Biology/Science,7.1,1.7,419.0,4,116,6,1,1.9,1.7,54,75,Yes,News,2.3,7,No,84.0,6,2.1,Yes,Yes,Yes,Medium
STU-03978,35,Other,Electrical Engineering,5.1,0.2,569.0,8,98,3,9,12.5,6.7,31,150,Yes,Education,13.6,7,Yes,70.6,5,2.35,Yes,Yes,Yes,Medium
STU-03979,56,Other,Culinary Arts,7.5,4.1,364.0,5,109,9,3,3.6,1.3,0,0,Yes,Social Media/Trends,0.0,8,No,,5,2.41,No,No,Yes,Medium
STU-03980,23,Female,Education,6.6,2.5,102.0,10,114,7,4,1.9,1.7,63,0,Yes,Entertainment,4.5,7,Yes,,4,2.07,No,No,Yes,Medium
STU-03981,42,male,Sports Science,5.2,0.6,372.0,10,91,1,8,10.7,8.0,75,150,No,Gaming,18.2,5,Yes,96.9,6,3.21,Yes,Yes,Yes,Low
STU-03982,32,Female,Other Program,7.1,3.6,223.0,6,77,9,2,3.6,0.8,24,150,Yes,,2.3,8,Yes,,5,2.24,No,No,Yes,Medium
STU-03983,61,MALE,Visual Communication Design,6.1,0.6,81.0,10,62,10,4,10.7,8.0,30,112,Yes,,6.8,4,Yes,74.0,1,2.39,Yes,No,Yes,Low
STU-03984,54,Female,Education,5.2,2.3,206.0,10,74,10,4,1.9,2.9,25,0,Yes,Gaming,4.5,10,Yes,90.0,5,2.62,Yes,Yes,No,Low
STU-03985,62,Male,Nursing,6.3,4.8,169.0,5,98,8,2,16.0,4.6,25,38,No,Social Media/Trends,0.0,4,No,81.0,3,1.72,No,Yes,No,Low
STU-03986,32,Female,Electrical Engineering,8.2,2.0,492.0,2,115,4,1,12.5,3.8,18,112,,Gaming,4.5,4,No,80.6,3,2.31,Yes,No,Yes,High
STU-03987,53,Male,Education,10.0,5.7,,8,111,4,3,1.0,8.0,1,150,No,Entertainment,4.5,8,No,71.5,5,2.44,Yes,No,No,Low
STU-03988,19,Other,Law,6.2,0.2,262.0,7,119,7,4,1.0,0.8,26,0,Yes,Gaming,9.1,7,Yes,68.9,5,2.19,Yes,No,No,Low
STU-03989,44,Female,Other Program,5.9,5.6,182.0,5,119,5,4,13.4,5.5,48,0,No,Social Media/Trends,2.3,2,No,83.9,4,2.41,No,Yes,No,Low
STU-03990,54,Female,Sports Science,5.8,4.3,216.0,8,80,4,6,10.7,4.6,44,-5,No,News,4.5,6,No,76.7,3,2.27,Yes,No,No,Low
STU-03992,20,Male,Law,7.8,1.2,281.0,7,90,4,2,2.8,0.4,68,38,Yes,News,2.3,2,No,94.5,2,2.36,No,Yes,No,High
STU-03993,60,Other,Nursing,7.9,6.3,337.0,4,101,6,2,7.2,0.8,14,38,,Social Media/Trends,6.8,3,No,67.8,3,2.42,No,Yes,No,Medium
STU-03994,48,Other,Education,4.5,1.4,315.0,9,118,4,10,13.4,4.2,54,112,,News,18.2,8,Yes,82.4,6,2.4,Yes,No,Yes,Low
STU-03995,26,Female,Sports Science,6.7,4.6,233.0,6,116,8,4,1.0,2.5,47,112,No,,,9,Yes,100.0,6,2.7,No,Yes,Yes,Medium
STU-03996,19,Male,Biology/Science,7.6,2.9,377.0,1,99,5,1,16.0,4.2,39,112,Yes,Social Media/Trends,4.5,6,Yes,83.4,4,2.44,No,Yes,Yes,High
STU-03997,50,Female,Sports Science,6.4,9.0,203.0,8,85,2,5,5.4,3.4,42,38,Yes,News,15.9,8,Yes,73.8,9,2.62,Yes,No,No,Medium
STU-03998,37,Other,Biology/Science,6.8,2.8,403.0,7,87,9,3,3.6,4.6,16,112,No,Entertainment,6.8,1,No,82.2,2,2.35,Yes,No,Yes,Low
STU-03999,50,Female,Other Program,5.7,3.9,186.0,8,112,10,4,9.8,3.8,11,75,Yes,Entertainment,9.1,9,Yes,89.5,5,2.45,Yes,No,No,Medium
STU-04000,39,Male,Biology/Science,8.0,3.3,595.0,6,93,7,3,4.5,4.6,78,75,No,Social Media/Trends,0.0,7,Yes,82.6,1,2.44,No,No,No,Low
STU-04001,20,Other,Nursing,7.1,1.7,371.0,2,101,8,1,3.6,0.0,58,112,No,Education,9.1,6,No,81.1,3,2.99,Yes,No,No,High
STU-04003,43,Male,Sports Science,6.6,3.2,279.0,6,87,5,3,16.0,8.0,49,150,Yes,News,9.1,7,Yes,62.4,3,2.21,Yes,Yes,Yes,Low
STU-04004,30,Female,Culinary Arts,5.2,0.2,323.0,9,91,2,10,9.8,3.4,62,150,No,News,20.5,7,Yes,79.0,5,2.89,No,Yes,No,Low
STU-04005,43,Male,Medicine,8.1,1.9,331.0,4,112,3,4,14.2,6.3,9,0,Yes,,11.4,6,Yes,74.6,3,2.34,Yes,No,No,High
STU-04006,25,Female,Nursing,5.2,1.4,100.0,8,112,4,6,3.6,4.6,69,150,Yes,,4.5,6,No,77.9,4,1.86,Yes,No,No,Low
STU-04007,37,Other,Information Systems,8.5,1.8,299.0,4,103,10,2,3.6,3.8,0,38,Yes,Entertainment,9.1,8,Yes,84.1,6,2.34,Yes,No,Yes,Medium
STU-04008,54,Male,Electrical Engineering,6.4,2.5,,6,109,8,4,5.4,3.4,8,75,Yes,Social Media/Trends,11.4,6,No,100.0,4,2.52,Yes,No,Yes,High
STU-04009,35,Other,Computer Science,6.4,4.3,207.0,2,100,10,1,1.9,5.9,31,112,Yes,Entertainment,2.3,2,Yes,71.6,4,2.57,No,No,Yes,Medium
STU-04010,22,Male,Computer Science,7.6,2.9,359.0,1,111,6,1,16.0,7.6,40,0,Yes,News,2.3,6,Yes,65.6,6,2.04,No,Yes,No,Medium
STU-04011,44,Male,Electrical Engineering,6.3,6.0,312.0,9,75,2,4,4.5,2.5,42,112,Yes,Social Media/Trends,6.8,5,Yes,82.7,7,2.34,Yes,No,Yes,Medium
STU-04012,29,Female,Nursing,6.3,0.8,294.0,4,104,7,3,13.4,2.9,14,112,Yes,Education,0.0,3,Yes,85.4,3,2.8,Yes,Yes,No,High
STU-04013,49 yrs,Other,Sports Science,6.7,5.9,216.0,5,61,3,3,1.0,0.4,21,150,No,Education,9.1,8,Yes,91.0,6,2.47,Yes,No,Yes,Low
STU-04014,45,Male,Sports Science,7.0,2.8,183.0,5,112,10,4,7.2,3.4,54,75,No,Education,15.9,9,Yes,73.3,6,2.5,Yes,Yes,No,Medium
STU-04015,19,Male,Biology/Science,7.2,7.4,252.0,9,80,6,5,3.6,,34,38,Yes,News,0.0,7,Yes,55.6,5,2.31,No,Yes,No,Medium
STU-04016,35,Other,Culinary Arts,6.9,1.7,379.0,2,60,10,3,14.2,5.5,56,150,Yes,News,9.1,10,Yes,82.4,4,2.08,Yes,No,No,Medium
STU-04017,25,Male,Education,4.7,0.5,343.0,9,110,4,8,15.1,5.9,0,150,Yes,News,18.2,5,Yes,61.6,0,2.24,Yes,Yes,Yes,Low
STU-04018,23,Other,Fine Arts,6.8,3.6,211.0,3,95,6,4,13.4,7.2,41,0,Yes,Entertainment,0.0,6,Yes,,5,1.97,No,Yes,Yes,Medium
STU-04019,64,Other,Information Systems,6.7,1.1,390.0,7,87,1,5,16.0,1.3,38,0,Yes,Education,0.0,5,No,90.5,6,2.16,No,Yes,No,Medium
STU-04020,53,Male,Biology/Science,7.4,2.7,543.0,6,61,3,2,13.4,0.8,61,112,,Social Media/Trends,4.5,7,No,88.9,7,2.63,No,Yes,Yes,High
STU-04021,64,Other,Visual Communication Design,7.2,3.8,259.0,10,96,3,5,12.5,0.4,41,112,Yes,News,4.5,2,Yes,76.4,3,2.32,Yes,No,No,Medium
STU-04022,36,Other,Visual Communication Design,7.3,3.4,115.0,9,82,10,4,9.8,0.0,64,75,Yes,,0.0,9,Yes,82.5,7,2.01,No,Yes,No,Medium
STU-04023,25,Other,Medicine,6.8,1.6,557.0,7,100,4,4,26.700000000000003,2.1,75,38,No,Gaming,2.3,4,Yes,84.5,4,2.7,Yes,Yes,Yes,Medium
STU-04024,57,Other,Culinary Arts,6.3,2.9,388.0,3,104,4,2,3.6,6.7,44,150,No,News,2.3,3,No,81.4,1,2.29,Yes,Yes,Yes,Low
STU-04026,31,Female,Visual Communication Design,5.4,2.3,326.0,8,102,3,9,12.5,2.5,28,75,Yes,Entertainment,18.2,5,Yes,82.1,4,2.69,Yes,Yes,Yes,Low
STU-04027,53,Other,Visual Communication Design,5.5,3.3,166.0,9,118,3,5,3.6,5.5,33,150,Yes,Education,2.3,2,No,100.0,1,2.67,No,Yes,Yes,High
STU-04028,62,Male,Nursing,8.3,1.9,134.0,5,71,6,1,12.5,5.9,75,150,Yes,Gaming,2.3,5,Yes,78.0,0,2.2,No,No,Yes,Medium
STU-04029,43,Other,Law,7.6,1.1,436.0,9,108,7,5,4.5,2.5,36,38,Yes,Social Media/Trends,15.9,8,Yes,81.8,3,2.71,Yes,Yes,No,Low
STU-04030,34,Female,Visual Communication Design,5.4,6.9,56.0,9,90,6,6,2.8,7.2,23,150,Yes,Social Media/Trends,6.8,1,No,91.3,0,2.49,No,No,Yes,Medium
STU-04031,27,Other,Law,6.5,6.2,343.0,10,114,6,3,2.8,,0,150,No,Gaming,0.0,4,Yes,71.2,3,2.41,No,Yes,Yes,Low
STU-04032,29,Other,Fine Arts,6.0,5.7,196.0,5,103,8,5,8.1,4.2,35,0,No,Education,9.1,9,Yes,83.1,4,2.25,Yes,Yes,No,Low
STU-04033,40,Female,Law,6.0,1.9,466.0,3,113,1,4,5.4,0.8,32,150,No,Gaming,4.5,7,Yes,63.9,3,2.29,No,No,Yes,Medium
STU-04034,19,Other,Computer Science,6.6,1.0,331.0,10,65,7,5,9.8,7.6,53,38,Yes,Social Media/Trends,2.3,9,Yes,94.5,9,2.53,No,Yes,No,Low
STU-04035,18,Other,Fine Arts,7.1,5.0,59.0,9,105,3,3,8.1,1.3,36,150,Yes,Entertainment,2.3,9,Yes,79.7,6,2.13,No,No,Yes,Medium
STU-04036,19,male,Computer Science,7.9,0.4,387.0,2,70,9,1,5.4,5.9,52,112,Yes,Social Media/Trends,0.0,6,No,81.8,3,2.43,No,No,No,Medium
STU-04037,64,Other,Biology/Science,6.4,2.5,425.0,9,98,5,5,1.9,0.4,36,112,No,News,9.1,5,Yes,100.0,3,2.55,No,No,Yes,Medium
STU-04039,27 yrs,FEMALE,Other Program,6.8,1.8,210.0,9,99,4,6,5.4,1.3,33,0,Yes,Gaming,4.5,4,Yes,69.4,4,2.8,Yes,No,No,Medium
STU-04040,34,Other,Visual Communication Design,8.8,4.0,240.0,3,114,8,1,10.7,5.9,44,38,Yes,Gaming,4.5,6,Yes,76.6,2,2.18,No,Yes,No,Medium
STU-04042,33,Male,Fine Arts,4.8,4.4,88.0,6,64,7,2,1.0,5.9,53,75,No,News,0.0,2,No,80.2,2,2.36,No,Yes,Yes,Low
STU-04043,30,Male,Information Systems,7.2,1.8,165.0,6,80,5,2,4.5,0.4,18,112,No,Education,,7,Yes,100.0,2,2.61,Yes,No,Yes,Medium
STU-04044,61,Female,Other Program,4.9,3.3,242.0,3,118,9,4,14.2,4.6,13,38,No,Social Media/Trends,4.5,9,Yes,91.2,6,1.89,Yes,No,No,Low
STU-04045,39,Male,Electrical Engineering,9.2,3.2,491.0,7,91,8,6,3.6,8.0,59,38,No,Entertainment,15.9,8,Yes,78.7,4,2.24,Yes,Yes,No,Low
STU-04046,34,Male,Nursing,6.2,2.7,376.0,5,60,6,3,15.1,2.5,0,112,No,Entertainment,9.1,2,No,,8,2.4,Yes,Yes,No,High
STU-04047,43,Male,Biology/Science,8.7,1.2,437.0,8,60,10,5,9.8,7.2,0,112,Yes,Entertainment,0.0,5,Yes,81.5,5,2.78,No,No,Yes,High
STU-04048,50,Other,Visual Communication Design,6.9,3.5,178.0,10,116,3,4,2.8,7.2,78,150,No,Social Media/Trends,0.0,4,Yes,79.9,1,2.67,No,Yes,No,Low
STU-04049,37,male,Fine Arts,7.2,5.9,198.0,1,63,10,1,16.0,3.4,48,75,Yes,Entertainment,2.3,1,No,87.1,3,2.15,No,No,Yes,High
STU-04050,22,Male,Visual Communication Design,6.9,0.6,266.0,1,67,9,1,15.1,4.2,42,150,No,Education,4.5,2,No,100.0,5,2.83,Yes,No,Yes,Medium
STU-04052,48,Male,Fine Arts,6.7,5.8,253.0,4,60,1,4,9.8,0.8,36,75,Yes,Social Media/Trends,6.8,5,No,77.3,4,2.74,Yes,Yes,No,High
STU-04054,21,Male,Visual Communication Design,7.0,3.9,297.0,9,102,7,5,9.8,2.1,28,38,Yes,News,13.6,7,Yes,91.8,3,2.4,Yes,Yes,Yes,Medium
STU-04056,38,Male,Law,5.4,1.0,562.0,10,91,4,9,11.6,7.2,11,112,No,Entertainment,11.4,6,Yes,84.3,6,1.82,Yes,No,Yes,Low
STU-04057,59,Other,Computer Science,7.5,4.5,365.0,4,114,3,3,2.8,5.5,22,38,No,Education,11.4,5,No,72.9,2,2.82,Yes,Yes,Yes,Low
STU-04058,52,Male,Education,7.4,0.9,164.0,7,60,7,5,2.8,5.9,0,38,Yes,Entertainment,0.0,5,No,87.8,4,2.39,No,Yes,No,Low
STU-04059,34,Female,Visual Communication Design,5.4,6.9,56.0,9,90,6,6,2.8,7.2,23,150,Yes,Social Media/Trends,6.8,1,No,91.3,0,2.49,No,No,Yes,Medium
STU-04060,31,Other,Computer Science,4.7,1.4,216.0,9,98,6,4,8.1,7.2,35,150,Yes,Social Media/Trends,,6,Yes,70.3,4,2.01,No,No,No,Low
STU-04061,21,Male,Other Program,4.2,0.1,507.0,10,92,2,9,10.7,7.6,37,-5,No,News,18.2,10,Yes,69.4,5,2.38,Yes,Yes,Yes,Low
STU-04062,34,Other,Culinary Arts,7.6,9.6,280.0,2,69,10,2,8.1,6.3,4,38,Yes,Social Media/Trends,4.5,3,No,,6,2.73,Yes,Yes,No,Medium
STU-04064,27,Male,Education,7.6,2.9,46.0,1,60,1,1,10.7,5.9,24,38,No,Gaming,4.5,8,No,75.0,6,1.98,No,Yes,Yes,Low
STU-04065,37,Male,Information Systems,7.4,0.3,379.0,8,118,1,5,8.9,7.6,80,150,No,Social Media/Trends,2.3,4,No,70.4,1,2.49,Yes,Yes,Yes,Low
STU-04067,21,female,Information Systems,8.1,4.5,213.0,9,70,8,4,5.4,4.2,33,112,No,Gaming,2.3,8,Yes,73.9,6,2.62,No,Yes,No,Medium
STU-04068,37,Other,Education,7.1,3.2,117.0,3,118,3,4,8.9,6.3,51,0,Yes,Education,11.4,5,No,82.4,3,2.33,Yes,Yes,No,Medium
STU-04070,55,Other,Sports Science,7.0,1.5,204.0,5,62,10,4,12.5,4.6,79,75,No,,2.3,9,Yes,74.4,5,1.91,Yes,Yes,No,Low
STU-04071,24,Male,Law,7.5,7.2,309.0,8,63,8,4,3.6,5.9,40,0,Yes,Social Media/Trends,4.5,5,Yes,80.5,2,2.34,No,No,No,Low
STU-04073,52,Male,Computer Science,5.9,6.1,217.0,1,90,2,1,1.9,5.5,83,112,Yes,Social Media/Trends,6.8,6,No,84.7,3,2.49,Yes,Yes,No,High
STU-04074,19 yrs,Male,Fine Arts,7.6,3.2,128.0,2,107,3,1,14.2,2.1,0,38,No,Social Media/Trends,2.3,6,No,88.4,6,2.06,No,Yes,No,Low
STU-04075,54,Female,Medicine,6.5,2.1,322.0,7,106,1,3,11.6,6.3,31,112,Yes,Social Media/Trends,4.5,6,No,93.4,0,2.29,Yes,Yes,No,Medium
STU-04077,41,Female,Biology/Science,10.0,0.4,352.0,4,74,8,4,12.5,5.9,0,38,Yes,Social Media/Trends,2.3,10,Yes,80.4,6,1.94,No,Yes,Yes,Medium
STU-04078,41,Other,Visual Communication Design,8.1,6.0,164.0,2,92,2,1,14.2,1.7,36,75,Yes,Social Media/Trends,0.0,9,Yes,77.0,5,2.21,No,Yes,No,High
STU-04080,50,Female,Electrical Engineering,6.0,0.4,254.0,9,98,1,4,1.0,2.1,71,75,Yes,Social Media/Trends,4.5,9,No,94.6,7,2.14,Yes,Yes,No,Medium
STU-04081,20,Other,Electrical Engineering,6.7,0.5,433.0,2,102,4,3,16.0,6.3,20,38,Yes,News,6.8,6,Yes,,4,1.99,Yes,Yes,No,Medium
STU-04082,51,Other,Nursing,6.7,3.9,215.0,1,92,1,3,13.4,2.5,20,150,No,Entertainment,6.8,7,Yes,,5,2.44,Yes,No,No,Low
STU-04083,34,Other,Culinary Arts,7.2,3.9,270.0,8,83,5,5,6.3,5.5,61,150,No,Gaming,2.3,3,No,88.2,0,2.29,No,No,No,Low
STU-04084,51,Female,Culinary Arts,7.3,2.4,314.0,7,66,2,3,7.2,5.5,0,112,Yes,Entertainment,2.3,1,No,81.8,3,2.65,No,No,No,High
STU-04085,43,Female,Fine Arts,7.7,0.6,217.0,9,96,3,4,16.0,2.1,35,38,Yes,Gaming,4.5,6,No,83.1,5,1.8,Yes,No,No,Medium
STU-04086,55,Other,Visual Communication Design,5.5,2.7,53.0,3,87,8,3,11.6,8.0,17,112,Yes,Social Media/Trends,6.8,7,No,85.7,4,1.97,Yes,No,No,Low
STU-04087,24 yrs,Other,Education,7.1,2.8,162.0,10,91,5,5,11.6,0.0,9,38,Yes,Education,0.0,5,No,85.7,7,2.06,No,No,No,Low
STU-04088,45,Other,Sports Science,6.1,5.1,223.0,7,84,5,3,12.5,1.3,59,112,Yes,Gaming,4.5,4,Yes,79.0,4,2.51,Yes,Yes,No,High
STU-04090,19,Other,Sports Science,6.8,5.6,93.0,1,110,9,2,12.5,6.3,9,38,No,Entertainment,2.3,5,Yes,88.5,1,2.39,No,Yes,No,Medium
STU-04091,35,Female,Nursing,9.7,2.6,253.0,1,114,6,1,1.0,8.0,20,75,Yes,Entertainment,13.6,6,No,88.3,5,2.3,Yes,No,No,High
STU-04092,44,Other,Sports Science,8.2,1.9,230.0,10,76,10,5,12.5,5.9,39,112,Yes,Social Media/Trends,4.5,7,No,84.3,0,2.09,Yes,Yes,No,Low
STU-04093,42,Other,Nursing,7.2,2.6,265.0,7,117,4,3,9.8,,42,112,Yes,Education,2.3,5,Yes,88.7,5,2.62,No,Yes,No,Medium
STU-04094,45,Other,Fine Arts,4.0,0.9,403.0,10,116,4,8,16.0,7.6,24,150,No,Entertainment,18.2,8,No,61.2,2,1.96,Yes,Yes,Yes,Low
STU-04095,44,Male,Electrical Engineering,4.0,0.6,313.0,10,92,3,8,10.7,2.1,3,112,No,Social Media/Trends,18.2,2,No,100.0,2,2.99,Yes,No,Yes,High
STU-04096,27,Female,Law,4.8,0.7,585.0,8,102,3,8,10.7,4.2,40,150,No,Gaming,13.6,3,Yes,95.3,1,2.84,Yes,No,Yes,Low
STU-04098,64,Female,Biology/Science,5.0,0.0,395.0,5,62,5,4,10.7,0.4,56,150,No,Social Media/Trends,4.5,3,Yes,95.9,3,2.6,Yes,Yes,No,Low
STU-04099,24,Other,Fine Arts,7.7,4.1,70.0,6,81,1,4,8.9,4.2,34,150,Yes,Gaming,6.8,7,Yes,69.4,1,2.28,Yes,Yes,No,High
STU-04100,23,Male,Culinary Arts,6.9,1.5,247.0,8,78,4,5,12.5,3.4,45,0,No,Education,0.0,8,Yes,70.0,6,2.17,No,Yes,Yes,Low
STU-04101,35,Female,Law,6.7,4.0,316.0,7,63,2,5,4.5,,52,0,No,Social Media/Trends,2.3,3,Yes,,0,2.42,No,No,No,Low
STU-04102,35,Male,Nursing,7.9,3.9,303.0,8,107,1,5,11.6,1.7,52,0,No,Gaming,6.8,2,No,100.0,1,2.31,Yes,Yes,Yes,Medium
STU-04103,51,Other,Visual Communication Design,7.1,1.8,234.0,8,117,6,5,9.8,7.2,7,75,No,Gaming,9.1,5,Yes,73.9,4,2.66,Yes,Yes,No,Low
STU-04105,45,Other,Biology/Science,6.7,1.6,286.0,2,80,8,2,13.4,0.8,55,112,No,Gaming,4.5,10,Yes,90.8,5,2.4,No,Yes,Yes,Low
STU-04106,31,Male,Electrical Engineering,5.1,2.1,554.0,9,82,4,4,12.5,0.0,35,0,Yes,,4.5,7,No,83.5,2,1.94,Yes,No,Yes,Medium
STU-04107,18,Other,Medicine,7.8,5.3,500.0,1,62,2,2,1.0,7.6,21,0,Yes,Social Media/Trends,2.3,6,No,87.9,5,2.65,No,No,No,Low
STU-04109,25,Male,Sports Science,6.4,4.2,144.0,9,107,1,5,14.2,8.0,20,0,No,Gaming,0.0,5,Yes,80.8,5,2.43,No,Yes,No,Low
STU-04110,51,Other,Biology/Science,7.9,2.0,502.0,8,77,2,4,9.8,1.3,21,75,Yes,Gaming,4.5,5,No,69.5,4,2.58,No,Yes,Yes,Medium
STU-04112,60,Female,Nursing,5.4,3.7,227.0,6,79,1,5,3.6,0.8,16,75,,Education,4.5,4,Yes,75.5,5,2.43,No,Yes,No,Medium
STU-04114,50,Female,Computer Science,7.0,2.9,384.0,8,73,5,5,16.0,4.6,22,150,Yes,Gaming,6.8,6,No,51.9,3,2.39,Yes,No,Yes,Medium
STU-04115,34,Female,Culinary Arts,4.9,0.6,289.0,9,112,3,4,4.5,4.2,5,75,Yes,Social Media/Trends,0.0,8,No,87.1,6,2.03,No,Yes,No,Low
STU-04118,23,Other,Sports Science,8.6,1.1,242.0,10,86,4,4,12.5,4.2,30,112,Yes,Entertainment,2.3,8,No,74.4,6,2.8,No,Yes,Yes,Medium
STU-04119,39,Other,Education,7.8,5.6,52.0,10,96,7,5,11.6,3.4,46,150,Yes,Social Media/Trends,9.1,5,No,82.9,2,2.61,Yes,Yes,No,Medium
STU-04120,48,FEMALE,Fine Arts,3.9,3.2,200.0,2,78,3,3,1.0,6.7,75,112,Yes,Social Media/Trends,9.1,9,Yes,71.6,6,2.21,Yes,Yes,No,Low
STU-04123,56,Female,Culinary Arts,7.0,7.5,342.0,6,82,4,2,12.5,2.5,64,0,Yes,Social Media/Trends,6.8,5,No,88.0,2,2.42,Yes,No,No,Medium
STU-04124,60,Male,Biology/Science,5.1,1.5,590.0,9,66,4,8,2.8,2.9,18,150,No,Education,,7,No,65.8,5,1.98,No,No,No,Low
STU-04125,54,Other,Electrical Engineering,9.0,2.6,443.0,8,69,8,5,12.5,5.9,49,38,No,Gaming,9.1,9,Yes,72.4,6,2.53,Yes,No,No,Low
STU-04126,25,Female,Sports Science,5.5,2.4,211.0,8,84,6,5,12.5,7.6,44,0,Yes,Entertainment,2.3,4,Yes,87.0,6,1.84,Yes,No,Yes,Low
STU-04127,60,Female,Education,6.2,3.4,230.0,8,105,1,4,13.4,4.6,22,150,Yes,Social Media/Trends,0.0,6,No,91.1,2,2.45,No,Yes,Yes,High
STU-04129,22,Other,Nursing,7.4,1.2,216.0,1,112,10,1,8.9,4.6,80,150,No,Entertainment,2.3,4,No,86.3,2,2.09,Yes,Yes,Yes,Low
STU-04130,64,Other,Visual Communication Design,5.6,3.2,135.0,8,66,6,5,16.0,4.6,64,75,Yes,Social Media/Trends,2.3,6,Yes,73.3,4,2.19,No,No,No,Low
STU-04131,44,Male,Electrical Engineering,6.4,6.5,349.0,4,106,2,3,15.1,2.1,22,38,No,Gaming,6.8,8,Yes,78.0,4,1.76,Yes,Yes,No,Low
STU-04132,27,Female,Electrical Engineering,4.9,0.9,528.0,9,109,2,9,11.6,4.2,38,150,No,Education,13.6,6,Yes,80.3,6,2.2,Yes,No,Yes,Low
STU-04133,62,Male,Computer Science,6.2,2.1,184.0,9,78,7,5,8.1,7.2,50,75,Yes,Social Media/Trends,6.8,4,Yes,88.4,1,2.46,Yes,Yes,No,Low
STU-04135,33,Female,Computer Science,8.1,3.3,129.0,2,104,4,1,8.9,1.3,75,150,No,News,0.0,6,Yes,80.6,8,1.77,No,Yes,No,Medium
STU-04136,58,Male,Nursing,5.6,2.7,325.0,3,119,1,1,5.4,4.6,50,75,Yes,Gaming,0.0,6,Yes,61.2,5,2.45,No,Yes,Yes,Medium
STU-04137,38,Other,Electrical Engineering,7.3,3.5,433.0,5,116,3,3,8.9,1.7,53,150,Yes,Social Media/Trends,0.0,4,No,83.5,2,2.28,No,No,No,High
STU-04138,33,Male,Sports Science,7.1,1.5,128.0,7,98,7,4,3.6,5.5,41,150,No,Social Media/Trends,2.3,5,No,65.8,6,2.15,No,Yes,No,Low
STU-04139,24,Other,Computer Science,7.4,1.2,101.0,6,72,1,1,8.9,7.2,41,150,No,,0.0,4,Yes,79.0,5,2.48,No,Yes,No,Low
STU-04140,23,Other,Culinary Arts,5.2,1.2,501.0,9,112,2,10,9.8,6.7,44,75,No,,13.6,4,No,90.6,0,2.77,Yes,Yes,Yes,Low
STU-04142,59,Other,Biology/Science,6.9,6.2,359.0,2,98,9,2,2.8,5.9,36,75,No,Entertainment,2.3,7,Yes,65.3,2,2.28,No,Yes,No,High
STU-04143,37,Male,Culinary Arts,4.5,0.9,506.0,8,107,1,10,15.1,7.2,17,75,No,News,18.2,10,Yes,78.4,3,2.24,Yes,Yes,No,Low
STU-04145,26,Male,Biology/Science,6.3,1.4,480.0,8,114,5,6,15.1,,70,112,Yes,Gaming,0.0,10,Yes,79.0,3,2.0,No,No,Yes,Low
STU-04146,38,FEMALE,Biology/Science,5.6,5.2,366.0,9,94,2,6,14.2,4.2,35,150,No,Social Media/Trends,2.3,8,No,83.7,5,1.92,No,Yes,No,Low
STU-04147,56,Male,Other Program,8.2,0.2,292.0,10,79,6,5,15.1,5.5,45,38,No,Entertainment,4.5,3,No,70.6,3,2.38,Yes,Yes,No,Low
STU-04148,25,Male,Medicine,7.6,2.4,474.0,8,95,9,5,16.0,0.4,22,150,Yes,Entertainment,6.8,9,Yes,85.7,6,1.79,Yes,No,Yes,Low
STU-04149,22,Male,Computer Science,5.7,4.0,380.0,3,85,7,2,8.1,2.9,32,-5,Yes,Social Media/Trends,2.3,10,Yes,63.7,8,1.86,Yes,No,Yes,Low
STU-04150,23,FEMALE,Nursing,9.7,5.9,238.0,9,106,6,3,7.2,0.4,32,150,Yes,Education,13.6,3,No,99.4,2,3.04,Yes,No,Yes,High
STU-04151,25,Male,Law,7.2,3.0,586.0,4,84,1,2,8.9,4.6,7,75,No,Entertainment,4.5,9,No,94.6,4,2.29,Yes,No,No,Medium
STU-04152,22,Female,Education,8.7,0.2,2.0,7,102,3,4,8.1,2.9,14,150,No,Entertainment,2.3,9,Yes,62.8,3,2.21,No,No,No,Low
STU-04153,18,Other,Visual Communication Design,7.6,7.3,198.0,1,100,4,1,8.9,5.1,34,38,No,Education,0.0,4,Yes,95.0,6,2.5,No,Yes,Yes,High
STU-04154,52,Female,Computer Science,6.3,6.5,371.0,10,73,7,6,9.8,2.1,0,0,No,Gaming,9.1,6,No,94.4,0,2.48,Yes,No,No,Low
STU-04156,45,female,Biology/Science,4.1,1.1,574.0,10,107,2,10,8.1,5.5,15,150,No,Gaming,18.2,9,Yes,79.0,2,2.82,Yes,No,Yes,Low
STU-04158,61,Male,Education,6.9,3.6,227.0,2,104,10,1,1.9,5.9,0,75,Yes,Entertainment,4.5,4,No,77.4,5,2.58,Yes,Yes,No,High
STU-04159,46,Other,Computer Science,5.1,1.5,235.0,2,89,1,3,6.3,2.1,40,0,No,Education,6.8,8,Yes,68.5,9,3.08,Yes,No,Yes,Low
STU-04160,47,Male,Nursing,6.5,4.3,375.0,8,104,9,5,9.8,1.3,38,38,Yes,Entertainment,9.1,8,Yes,84.0,5,1.77,Yes,Yes,Yes,Medium
STU-04161,35,Female,Fine Arts,8.2,2.0,210.0,5,98,5,3,1.9,6.3,65,0,No,Education,2.3,9,No,65.8,6,2.38,No,Yes,No,Low
STU-04162,35,Other,Computer Science,4.9,3.7,217.0,7,108,9,6,13.4,1.3,31,150,No,Social Media/Trends,11.4,5,Yes,92.1,2,2.64,No,No,Yes,Medium
STU-04164,49,FEMALE,Fine Arts,5.1,4.0,96.0,10,87,10,6,7.2,7.2,65,112,No,Entertainment,9.1,4,No,68.4,4,2.72,Yes,No,No,Low
STU-04165,54,Other,Computer Science,8.2,5.3,351.0,9,70,2,4,9.8,1.3,49,150,Yes,News,2.3,5,Yes,91.3,3,2.21,No,Yes,No,Medium
STU-04166,20,Male,Computer Science,6.9,0.8,308.0,4,100,4,1,3.6,2.5,39,0,No,Gaming,,8,Yes,88.1,5,2.05,Yes,No,Yes,Low
STU-04167,49,Other,Electrical Engineering,3.3,1.2,563.0,10,96,3,8,13.4,4.6,38,112,No,Gaming,9.1,1,No,81.4,1,2.54,No,No,No,Low
STU-04169,20,Other,Biology/Science,6.5,3.1,303.0,4,109,5,4,1.0,5.1,37,112,Yes,Gaming,4.5,6,No,87.6,5,2.43,Yes,Yes,Yes,Medium
STU-04171,22 yrs,Other,Computer Science,7.8,6.3,138.0,9,68,1,4,11.6,3.8,0,0,Yes,News,6.8,6,Yes,81.9,5,1.93,Yes,Yes,No,Medium
STU-04172,34,Other,Sports Science,7.5,4.5,87.0,2,60,1,1,4.5,1.3,46,112,Yes,Entertainment,2.3,6,No,86.5,5,2.49,No,Yes,No,High
STU-04173,25,Other,Visual Communication Design,6.3,5.3,277.0,3,112,7,2,8.9,4.6,4,112,Yes,Gaming,2.3,2,No,87.1,4,2.7,No,No,No,High
STU-04174,47,female,Culinary Arts,5.5,6.3,338.0,5,94,4,6,14.2,7.6,34,38,Yes,News,0.0,1,No,93.0,3,2.25,No,Yes,No,Medium
STU-04175,20,Male,Medicine,7.9,2.7,531.0,2,77,8,5,16.0,6.7,34,38,No,Education,4.5,10,Yes,89.2,8,2.12,Yes,Yes,Yes,Low
STU-04176,54,Other,Education,6.8,1.8,61.0,8,116,8,4,1.0,1.3,54,38,No,News,2.3,8,No,,7,2.12,Yes,No,Yes,Low
STU-04177,49,Other,Electrical Engineering,6.8,2.5,,6,94,7,5,3.6,3.8,15,150,Yes,Gaming,9.1,5,Yes,72.8,4,2.73,Yes,No,No,High
STU-04178,39,Male,Visual Communication Design,6.0,1.3,233.0,2,85,10,2,1.9,0.8,6,0,Yes,Entertainment,2.3,4,Yes,84.9,0,2.72,No,No,No,High
STU-04182,61,Female,Medicine,5.1,3.1,,10,78,9,6,16.0,3.4,36,38,No,Gaming,11.4,6,Yes,82.5,4,2.56,No,Yes,Yes,Low
STU-04183,27,Female,Medicine,6.8,2.4,522.0,5,115,8,4,7.2,0.4,41,75,Yes,Entertainment,2.3,3,No,100.0,0,2.85,No,No,No,High
STU-04185,51,Male,Information Systems,6.1,6.0,166.0,6,93,2,4,1.0,1.3,54,112,Yes,Entertainment,2.3,5,No,86.6,5,2.52,Yes,No,Yes,Low
STU-04186,21,Male,Visual Communication Design,7.5,3.7,127.0,7,83,1,3,32.099999999999994,4.6,0,38,No,Gaming,0.0,1,No,82.9,1,2.14,No,Yes,No,High
STU-04188,41,Female,Culinary Arts,8.1,4.2,286.0,5,80,3,3,12.5,3.4,29,112,No,Education,6.8,6,Yes,76.5,6,2.55,Yes,Yes,No,Low
STU-04190,25,Male,Culinary Arts,4.9,2.0,267.0,9,117,4,5,15.1,,30,0,Yes,Education,2.3,6,Yes,91.9,4,2.47,No,Yes,Yes,Low
STU-04191,20,Male,Education,7.6,2.1,71.0,4,66,2,3,3.6,6.3,29,112,Yes,Education,2.3,7,Yes,73.7,4,2.42,No,No,Yes,Medium
STU-04192,41,Female,Visual Communication Design,5.7,0.4,137.0,4,61,10,2,8.9,0.0,34,0,Yes,News,,9,No,70.6,3,2.23,Yes,Yes,No,Low
STU-04194,56,Female,Fine Arts,7.5,6.1,289.0,8,92,3,4,8.1,2.9,33,150,No,Education,6.8,6,Yes,75.0,3,2.68,Yes,No,No,Low
STU-04195,39,Female,Culinary Arts,7.6,3.6,381.0,6,108,8,4,12.5,8.0,31,0,Yes,News,0.0,6,No,75.5,7,2.01,No,Yes,No,Medium
STU-04196,31,Other,Biology/Science,9.1,2.9,513.0,8,116,10,4,8.1,8.0,0,75,Yes,Education,2.3,3,Yes,55.4,1,2.2,Yes,No,No,High
STU-04199,53,Other,Fine Arts,5.4,2.2,228.0,1,108,3,1,1.0,0.4,17,150,Yes,Entertainment,6.8,9,No,76.5,5,2.59,No,Yes,No,High
STU-04200,26,Other,Medicine,7.5,5.0,500.0,4,88,2,6,3.6,5.5,52,38,Yes,Entertainment,0.0,5,No,86.6,6,2.27,Yes,Yes,Yes,Medium
STU-04202,28,Female,Nursing,7.7,2.2,379.0,5,111,5,3,3.6,2.5,0,38,Yes,Education,2.3,2,No,72.6,4,2.6,No,Yes,Yes,Medium
STU-04203,55,Other,Law,4.6,8.3,559.0,1,111,3,2,16.0,5.1,30,75,No,,0.0,7,Yes,75.8,4,2.3,No,Yes,No,Low
STU-04204,21,Other,Law,7.9,4.4,405.0,6,91,8,4,12.5,8.0,18,112,No,Social Media/Trends,0.0,2,No,97.6,3,1.83,No,Yes,No,Low
STU-04205,37,Other,Education,5.6,0.4,539.0,9,96,4,10,14.2,4.6,14,112,Yes,News,11.4,8,Yes,76.8,8,2.06,Yes,Yes,Yes,Low
STU-04206,32,Male,Sports Science,8.9,4.8,72.0,5,66,5,3,14.2,0.8,50,75,No,Social Media/Trends,9.1,8,No,95.9,1,2.38,Yes,No,No,Low
STU-04208,23,Female,Nursing,6.8,3.9,179.0,6,79,2,5,7.2,6.3,45,75,No,News,11.4,10,Yes,81.4,4,2.83,Yes,No,Yes,Low
STU-04209,59,FEMALE,Fine Arts,7.3,4.3,262.0,3,109,6,3,11.6,2.1,87,112,No,Social Media/Trends,4.5,7,Yes,76.2,5,2.27,No,Yes,Yes,Low
STU-04211,63,Male,Visual Communication Design,6.1,4.3,134.0,10,67,9,6,12.5,2.1,50,38,No,Gaming,0.0,5,No,80.6,2,2.09,No,Yes,Yes,Low
STU-04212,59,Female,Sports Science,4.3,0.4,292.0,8,103,2,6,13.4,2.1,45,0,No,News,0.0,3,No,71.4,2,2.46,No,No,No,Low
STU-04213,42,Other,Fine Arts,7.0,2.4,78.0,4,109,8,1,8.9,8.0,17,75,No,Social Media/Trends,0.0,6,Yes,74.5,7,1.94,No,No,No,Low
STU-04214,40,Other,Biology/Science,6.8,1.6,553.0,2,112,1,3,11.6,,52,38,Yes,Social Media/Trends,13.6,10,Yes,83.1,6,2.46,Yes,No,No,Low
STU-04216,34,Male,Fine Arts,6.9,6.1,175.0,2,82,2,2,12.5,1.7,33,0,No,Education,6.8,6,No,82.9,6,2.53,Yes,Yes,Yes,Medium
STU-04217,44,Male,Sports Science,4.6,0.5,479.0,9,113,2,8,8.1,5.5,37,75,No,News,11.4,8,Yes,69.9,6,2.46,No,Yes,Yes,Low
STU-04218,52,Male,Visual Communication Design,3.1,5.7,101.0,3,107,7,3,4.5,4.6,40,75,Yes,Gaming,4.5,3,No,67.1,3,2.12,No,No,No,Low
STU-04219,36,Other,Fine Arts,6.8,3.1,172.0,7,73,4,3,15.1,7.6,38,150,No,News,2.3,2,Yes,89.2,1,2.65,No,No,Yes,Low
STU-04220,20,Other,Visual Communication Design,8.0,0.6,214.0,2,80,1,3,10.7,7.2,58,-5,No,Education,9.1,5,Yes,87.9,5,2.14,Yes,No,No,Low
STU-04221,18,female,Electrical Engineering,4.7,1.0,327.0,3,80,5,4,12.5,8.0,0,0,No,Gaming,2.3,9,Yes,76.4,2,2.32,No,Yes,No,Low
STU-04223,45,Male,Culinary Arts,6.1,2.2,272.0,4,88,7,4,13.4,6.7,16,38,Yes,Entertainment,11.4,7,No,76.3,1,2.25,Yes,Yes,Yes,Medium
STU-04224,31,Other,Fine Arts,7.2,2.7,,8,100,9,4,4.5,4.2,1,112,No,Gaming,4.5,6,No,70.8,2,2.83,No,No,No,Medium
STU-04225,36,Male,Computer Science,8.1,4.0,145.0,2,83,4,1,5.4,1.7,40,75,,Gaming,4.5,9,Yes,97.3,1,2.24,Yes,Yes,No,High
STU-04226,51,Female,Nursing,7.4,1.7,347.0,6,70,9,2,16.0,6.3,62,112,Yes,News,13.6,5,No,90.1,4,2.42,Yes,Yes,Yes,Low
STU-04227,28,MALE,Computer Science,7.5,1.6,215.0,10,86,9,6,9.8,7.6,51,112,Yes,Education,2.3,9,Yes,80.7,9,2.17,No,Yes,No,Low
STU-04229,49,Female,Culinary Arts,6.3,1.6,234.0,2,116,9,2,14.2,7.2,36,112,No,Social Media/Trends,2.3,5,No,97.5,4,2.42,No,No,Yes,Medium
STU-04230,57,Female,Sports Science,6.0,6.0,263.0,2,101,6,2,5.4,5.5,43,38,Yes,Education,6.8,1,No,83.7,0,2.42,Yes,No,No,High
STU-04231,49,Female,Law,5.1,5.1,527.0,9,65,8,6,5.4,,33,150,No,Gaming,6.8,10,Yes,75.0,6,2.73,Yes,No,No,Low
STU-04232,30,Other,Medicine,8.6,3.4,580.0,9,80,6,6,11.6,3.4,39,38,Yes,Social Media/Trends,11.4,4,No,94.7,3,2.68,Yes,No,No,Medium
STU-04234,63,Male,Law,5.2,2.9,276.0,8,101,3,5,6.3,5.5,33,38,Yes,,6.8,1,No,78.2,0,2.64,No,Yes,Yes,Medium
STU-04235,47,Male,Information Systems,7.2,1.9,173.0,7,87,1,3,8.9,5.5,16,75,Yes,Social Media/Trends,11.4,5,No,75.3,2,2.57,Yes,Yes,No,Medium
STU-04236,45,Male,Visual Communication Design,5.8,4.6,126.0,1,85,10,1,16.0,7.2,0,112,No,Social Media/Trends,2.3,2,No,62.6,5,2.27,Yes,No,Yes,Low
STU-04237,33,FEMALE,Visual Communication Design,6.7,4.0,251.0,5,69,5,3,8.1,6.7,83,112,Yes,News,2.3,6,No,75.9,3,2.2,No,Yes,No,Medium
STU-04238,43,Female,Medicine,7.0,3.6,570.0,10,82,10,7,5.4,0.8,82,75,Yes,Entertainment,13.6,7,No,73.4,3,2.87,Yes,Yes,No,Low
STU-04239,63,Female,Information Systems,6.6,1.5,114.0,6,86,2,5,4.5,2.9,26,112,Yes,Social Media/Trends,,3,Yes,94.6,3,2.99,Yes,Yes,Yes,High
STU-04240,37,Male,Sports Science,4.6,4.7,82.0,2,66,3,2,5.4,0.4,20,75,No,Gaming,9.1,1,No,79.2,5,2.66,Yes,No,Yes,Medium
STU-04242,36,Other,Law,6.4,2.5,528.0,10,68,9,6,1.9,3.4,32,38,No,News,4.5,2,No,92.6,1,2.41,Yes,Yes,No,Low
STU-04246,61,Female,Culinary Arts,5.2,4.3,333.0,10,100,10,5,4.5,6.7,54,112,No,Social Media/Trends,0.0,10,No,71.0,5,2.28,No,Yes,Yes,Low
STU-04247,33,Male,Fine Arts,6.0,5.9,63.0,2,112,7,3,14.2,0.4,39,75,No,Entertainment,4.5,7,Yes,73.3,4,1.97,No,Yes,No,Low
STU-04249,45,Other,Electrical Engineering,6.3,1.2,,8,88,7,4,5.4,5.9,8,112,No,Education,0.0,8,No,64.9,0,2.12,No,No,No,Low
STU-04250,28,Male,Other Program,7.2,3.3,222.0,4,72,7,2,4.5,7.6,29,75,Yes,Social Media/Trends,2.3,1,No,97.4,5,2.52,Yes,No,Yes,High
STU-04251,33,Female,Visual Communication Design,7.1,3.4,226.0,8,99,1,4,1.0,0.8,4,75,No,Social Media/Trends,0.0,9,Yes,80.4,3,1.73,No,No,No,Low
STU-04252,28,Other,Electrical Engineering,6.0,5.6,323.0,5,75,7,2,3.6,0.0,88,75,No,Social Media/Trends,2.3,6,No,78.6,4,2.4,No,No,Yes,Low
STU-04253,32,male,Education,6.9,4.0,276.0,8,117,10,5,1.9,5.1,48,0,Yes,News,9.1,8,Yes,,2,2.23,Yes,No,No,Low
STU-04255,41,Female,Fine Arts,5.2,4.8,83.0,7,93,8,4,15.1,4.2,66,0,Yes,Social Media/Trends,6.8,10,Yes,61.2,6,1.83,Yes,No,Yes,Low
STU-04256,50,FEMALE,Nursing,5.8,1.0,,1,111,6,1,1.0,1.7,63,0,Yes,Entertainment,,6,No,70.3,3,2.45,No,No,No,Medium
STU-04258,57,Other,Culinary Arts,7.8,0.2,171.0,6,113,9,3,16.0,1.7,26,38,Yes,Entertainment,4.5,5,Yes,82.2,8,2.32,No,Yes,No,High
STU-04261,58,Female,Other Program,7.0,4.2,89.0,6,84,3,4,8.1,3.4,36,38,No,Gaming,6.8,1,No,76.2,0,3.07,Yes,No,No,High
STU-04262,43,Male,Information Systems,7.6,3.5,311.0,8,78,2,4,4.5,3.8,73,150,Yes,Social Media/Trends,6.8,10,Yes,68.0,6,2.29,Yes,Yes,Yes,Low
STU-04264,26,Other,Information Systems,7.0,4.3,397.0,4,65,1,1,4.5,0.4,74,150,No,Entertainment,0.0,5,No,75.7,4,2.27,No,No,Yes,Low
STU-04266,18,Other,Law,6.2,2.3,588.0,10,74,3,5,5.4,4.2,12,38,No,Entertainment,2.3,2,No,80.3,0,2.82,No,Yes,Yes,Medium
STU-04267,48,Female,Computer Science,7.0,2.7,192.0,5,69,7,5,8.9,3.8,66,38,Yes,Entertainment,2.3,3,No,82.9,0,2.57,Yes,Yes,Yes,Medium
STU-04269,39,Other,Education,6.0,2.5,33.0,3,80,3,3,11.6,4.2,32,38,Yes,Gaming,11.4,7,Yes,82.9,4,2.31,Yes,Yes,No,Medium
STU-04271,49,MALE,Nursing,5.0,1.1,425.0,9,90,4,9,14.2,5.5,23,150,No,Education,13.6,4,Yes,73.8,7,2.21,No,Yes,Yes,Low
STU-04272,54,Female,Biology/Science,6.4,0.6,522.0,3,93,10,3,4.5,,41,150,Yes,Entertainment,6.8,4,Yes,81.0,2,2.55,Yes,Yes,Yes,Medium
STU-04273,47,Male,Visual Communication Design,7.2,3.0,135.0,7,88,9,5,9.8,7.6,15,75,Yes,News,2.3,4,No,81.7,5,2.46,No,No,Yes,Medium
STU-04274,24,Other,Biology/Science,6.1,1.2,260.0,3,65,1,2,10.7,1.7,71,38,No,Gaming,4.5,2,No,85.4,4,3.19,Yes,Yes,No,Low
STU-04275,59,male,Biology/Science,5.7,1.4,488.0,5,119,9,5,1.9,0.8,56,150,No,Entertainment,2.3,3,No,,3,2.04,No,No,No,Low
STU-04276,55,Male,Fine Arts,6.8,8.5,296.0,10,98,10,5,3.6,5.5,19,150,No,News,4.5,7,Yes,78.8,6,2.07,Yes,No,Yes,Low
STU-04277,31,Male,Biology/Science,7.2,3.6,462.0,1,76,6,1,9.8,1.7,21,112,Yes,Social Media/Trends,0.0,7,Yes,84.9,4,2.14,No,No,Yes,High
STU-04278,29,Male,Computer Science,6.9,2.9,123.0,3,83,5,3,8.1,5.1,2,75,Yes,Social Media/Trends,4.5,4,No,90.5,4,2.67,Yes,No,Yes,High
STU-04280,32,male,Computer Science,8.4,2.5,321.0,2,60,7,1,1.0,3.8,25,150,Yes,News,0.0,4,No,79.5,2,2.3,No,Yes,No,High
STU-04281,48,Male,Information Systems,6.4,3.1,268.0,9,95,2,4,2.8,3.4,18,0,No,Education,6.8,10,Yes,85.0,7,2.01,Yes,No,No,Low
STU-04282,56,female,Medicine,6.5,8.2,357.0,1,101,8,1,10.7,1.3,40,38,Yes,News,6.8,8,Yes,69.0,0,2.51,No,No,No,Medium
STU-04283,18,FEMALE,Sports Science,9.5,0.1,89.0,6,104,5,3,1.9,,22,75,Yes,Entertainment,0.0,4,No,,2,2.94,No,No,Yes,High
STU-04284,43,Male,Medicine,5.8,1.6,352.0,3,109,3,2,8.9,8.0,24,0,Yes,Education,2.3,3,Yes,72.5,5,2.53,No,No,No,Medium
STU-04285,49,Other,Biology/Science,6.3,3.3,,2,90,7,2,6.3,4.2,0,0,Yes,Education,6.8,2,No,87.2,2,2.73,Yes,Yes,No,High
STU-04286,39,Female,Information Systems,7.0,0.7,158.0,10,67,5,4,2.8,5.1,46,150,Yes,Social Media/Trends,2.3,1,No,75.9,4,2.73,No,Yes,Yes,Medium
STU-04287,19,Female,Electrical Engineering,7.2,2.6,526.0,3,71,6,4,5.4,5.9,22,38,No,Entertainment,6.8,7,Yes,69.1,3,2.44,Yes,No,Yes,Medium
STU-04288,40,Female,Other Program,7.1,4.1,121.0,8,106,1,4,14.2,0.4,7,38,No,Entertainment,6.8,4,No,73.1,3,2.52,Yes,Yes,Yes,Medium
STU-04289,31,Male,Other Program,6.4,5.2,272.0,1,82,4,2,10.7,0.0,43,0,No,Entertainment,2.3,3,No,87.3,5,2.58,No,Yes,Yes,Medium
STU-04291,32,FEMALE,Culinary Arts,5.4,4.6,142.0,8,88,9,3,13.4,5.1,12,112,Yes,Social Media/Trends,2.3,3,No,87.8,3,2.24,No,Yes,Yes,Medium
STU-04292,62,female,Computer Science,6.9,5.1,356.0,6,117,10,3,8.1,4.6,15,38,Yes,Social Media/Trends,0.0,2,Yes,75.0,5,2.49,No,No,No,Medium
STU-04294,56,Other,Nursing,6.5,4.2,193.0,6,106,4,3,7.2,2.5,15,0,Yes,Gaming,11.4,4,No,79.9,4,2.53,Yes,No,No,High
STU-04295,58,Female,Information Systems,5.9,2.5,371.0,5,91,2,4,1.0,7.6,61,75,Yes,Social Media/Trends,4.5,5,Yes,81.3,1,3.0,Yes,No,No,Low
STU-04297,26,Male,Sports Science,4.9,0.6,432.0,9,108,1,8,8.9,5.5,24,75,,Social Media/Trends,15.9,5,Yes,92.6,2,2.78,Yes,Yes,No,Low
STU-04298,54,Male,Computer Science,7.5,5.1,,9,105,8,2,8.9,4.2,15,150,Yes,Entertainment,4.5,4,No,71.7,3,2.59,No,No,Yes,High
STU-04299,37,Male,Education,8.1,2.5,79.0,6,97,2,3,14.2,7.6,48,150,Yes,Gaming,4.5,9,Yes,81.5,8,1.97,Yes,No,No,Low
STU-04300,63,Other,Nursing,6.9,0.3,223.0,8,109,4,3,16.0,2.1,51,150,Yes,Education,4.5,8,Yes,87.8,2,2.28,No,Yes,Yes,Medium
STU-04301,42,Other,Computer Science,5.4,1.1,546.0,9,115,4,8,16.0,3.4,31,150,No,Social Media/Trends,20.5,10,Yes,57.3,6,2.45,Yes,Yes,No,Low
STU-04302,43,Female,Medicine,6.9,1.2,254.0,1,98,5,1,5.4,7.6,54,112,Yes,Education,9.1,2,No,,6,2.64,Yes,Yes,No,Low
STU-04303,30,Other,Medicine,7.1,5.8,431.0,9,93,9,5,7.2,,13,38,No,News,2.3,5,Yes,94.4,3,2.28,No,Yes,Yes,Low
STU-04304,36,Male,Visual Communication Design,8.9,1.7,72.0,9,75,3,2,3.6,5.1,45,38,Yes,Entertainment,9.1,3,No,,3,2.79,Yes,No,No,High
STU-04305,29,Other,Medicine,5.9,3.8,388.0,6,81,7,4,11.6,6.3,14,0,No,Education,0.0,6,Yes,85.0,4,2.23,Yes,Yes,No,Low
STU-04306,31,Female,Education,6.5,4.8,128.0,3,63,9,4,14.2,7.6,52,75,No,Social Media/Trends,4.5,4,No,81.9,1,2.73,No,Yes,No,Low
STU-04307,54,Other,Biology/Science,6.6,4.9,591.0,1,82,1,2,3.6,0.0,0,112,No,News,9.1,10,Yes,69.5,5,2.74,Yes,No,Yes,Low
STU-04309,31,Female,Visual Communication Design,4.0,1.1,545.0,9,110,4,8,8.9,2.5,49,150,Yes,Gaming,15.9,6,Yes,84.0,6,2.44,Yes,Yes,Yes,Low
STU-04310,51,male,Sports Science,3.2,5.6,,3,117,4,6,14.2,0.4,42,0,No,Social Media/Trends,0.0,4,No,77.3,2,1.89,No,No,No,Low
STU-04312,35,Male,Law,7.5,3.6,358.0,1,66,10,2,11.6,4.2,17,75,Yes,Entertainment,4.5,3,No,92.6,4,2.48,Yes,Yes,No,High
STU-04313,33,Male,Computer Science,4.9,1.7,485.0,9,103,3,10,11.6,3.8,18,75,Yes,Education,15.9,4,Yes,87.9,2,2.55,Yes,Yes,No,Low
STU-04314,58,Other,Visual Communication Design,5.3,2.6,142.0,4,108,7,4,14.2,0.4,41,75,No,Education,11.4,6,Yes,68.4,6,2.53,Yes,No,Yes,Low
STU-04315,28,Male,Nursing,8.3,3.6,100.0,6,80,9,3,1.9,5.5,68,75,No,Entertainment,6.8,6,Yes,86.9,7,2.87,Yes,No,No,High
STU-04316,24,Other,Other Program,8.1,2.5,127.0,2,65,1,2,4.5,6.3,32,0,Yes,Social Media/Trends,0.0,2,No,92.0,1,2.73,No,No,Yes,High
STU-04317,36,Female,Visual Communication Design,6.7,2.6,59.0,9,94,4,2,2.8,0.4,38,150,Yes,Gaming,6.8,6,No,74.8,5,2.33,Yes,No,No,Low
STU-04318,51,Male,Sports Science,6.5,0.7,110.0,8,89,10,5,12.5,0.0,43,0,No,Entertainment,11.4,6,Yes,80.8,0,2.24,Yes,No,No,Low
STU-04321,51,Other,Law,6.6,3.1,587.0,2,81,8,3,9.8,0.8,39,0,Yes,Education,4.5,5,Yes,91.0,3,2.23,No,No,Yes,High
STU-04322,54,Other,Law,6.3,4.5,513.0,10,114,9,7,14.2,2.5,27,112,Yes,Education,4.5,2,No,83.8,1,2.54,Yes,Yes,No,High
STU-04323,32,Female,Electrical Engineering,6.7,6.0,,8,79,10,7,1.9,0.4,68,75,Yes,Entertainment,0.0,9,Yes,84.4,7,2.55,No,No,No,Low
STU-04324,32,Other,Law,5.5,0.2,310.0,6,80,5,4,2.8,4.6,18,0,Yes,Entertainment,0.0,5,Yes,75.9,4,2.69,No,No,Yes,High
STU-04325,40,Male,Culinary Arts,8.2,3.5,141.0,2,117,7,1,3.6,8.0,42,0,No,Entertainment,4.5,3,No,78.5,6,2.39,No,Yes,No,Medium
STU-04326,53,Male,Visual Communication Design,6.6,1.4,116.0,8,110,1,5,2.8,2.1,15,0,Yes,Entertainment,2.3,6,Yes,78.4,6,2.43,No,No,No,High
STU-04327,47,Female,Electrical Engineering,8.2,0.7,308.0,1,110,9,1,11.6,0.8,78,150,No,Social Media/Trends,9.1,5,Yes,82.5,5,2.46,Yes,No,Yes,Medium
STU-04328,61,Male,Medicine,6.3,0.3,310.0,5,67,5,3,1.9,5.1,50,150,,Social Media/Trends,0.0,4,Yes,86.1,0,2.4,No,Yes,Yes,Low
STU-04331,61,Male,Medicine,6.2,2.2,285.0,4,78,7,3,3.6,7.2,46,0,Yes,News,2.3,6,Yes,70.1,4,2.37,No,No,Yes,Low
STU-04332,38,Female,Nursing,8.5,0.1,,5,64,10,2,8.1,3.8,18,75,Yes,Social Media/Trends,0.0,8,No,70.8,0,1.89,No,Yes,No,Medium
STU-04333,37,Male,Fine Arts,7.3,3.9,,5,111,10,4,4.5,3.4,42,0,No,Social Media/Trends,0.0,4,Yes,81.3,3,2.53,No,No,No,Medium
STU-04334,46,Male,Biology/Science,6.2,3.7,330.0,9,98,7,6,4.5,2.9,27,112,No,Social Media/Trends,2.3,10,Yes,55.2,5,2.29,Yes,No,No,Low
STU-04335,30,Other,Information Systems,7.3,3.8,335.0,9,81,7,5,12.5,3.8,10,75,No,News,0.0,5,No,68.9,0,2.77,No,No,No,Medium
STU-04336,48,Female,Nursing,5.8,2.0,,10,90,10,5,5.4,3.8,53,150,No,Gaming,9.1,2,No,66.8,3,2.66,Yes,Yes,No,Low
STU-04337,37,Male,Biology/Science,8.1,1.8,271.0,8,95,3,4,1.9,7.2,0,75,No,Entertainment,0.0,5,Yes,84.8,2,1.99,Yes,Yes,No,Low
STU-04338,39,Male,Visual Communication Design,6.4,8.3,219.0,1,66,4,2,8.1,5.1,47,75,No,Social Media/Trends,4.5,6,No,77.7,4,2.14,No,Yes,Yes,Low
STU-04339,52,Female,Biology/Science,7.2,5.7,550.0,2,116,8,3,2.8,3.4,21,150,No,Entertainment,2.3,3,No,69.7,3,2.42,No,No,Yes,Medium
STU-04340,18,female,Education,6.4,4.8,255.0,8,108,6,6,3.6,0.0,5,0,Yes,News,11.4,1,Yes,89.9,3,3.18,Yes,Yes,Yes,High
STU-04341,50,Other,Fine Arts,7.6,5.5,56.0,5,115,6,3,8.1,7.2,75,75,Yes,Social Media/Trends,,5,Yes,71.0,4,2.33,No,No,Yes,Medium
STU-04342,38,Male,Information Systems,6.8,0.3,340.0,9,98,5,5,12.5,4.6,1,75,Yes,News,9.1,6,No,69.0,2,2.33,Yes,Yes,Yes,High
STU-04343,52,Female,Education,7.9,1.0,,5,82,8,3,2.8,0.4,39,0,Yes,Education,6.8,6,No,88.4,3,2.44,No,No,No,High
STU-04344,46,Male,Visual Communication Design,6.4,1.8,158.0,1,67,4,1,15.1,4.6,47,75,No,News,4.5,8,Yes,67.1,3,1.58,Yes,Yes,No,Low
STU-04346,59,Male,Visual Communication Design,5.3,3.6,193.0,1,94,6,3,10.8,7.6,60,38,Yes,Gaming,4.5,10,Yes,79.0,4,2.01,Yes,Yes,No,Low
STU-04349,20,Female,Visual Communication Design,6.5,4.5,205.0,7,76,8,4,16.0,6.3,0,38,,Gaming,2.3,8,Yes,74.9,3,1.92,Yes,No,Yes,Low
STU-04350,18,Female,Biology/Science,7.0,5.4,455.0,5,82,4,2,14.2,0.0,4,112,Yes,News,,7,Yes,67.8,3,1.93,Yes,Yes,No,Medium
STU-04351,28,Other,Nursing,7.4,4.8,219.0,7,91,1,2,12.5,5.9,9,38,Yes,Education,6.8,8,No,78.2,3,2.33,Yes,No,Yes,Medium
STU-04353,51,Male,Other Program,8.1,3.5,3.0,9,62,10,3,1.9,4.2,0,0,Yes,Education,4.5,7,Yes,84.6,1,2.57,No,No,No,High
STU-04355,23,Other,Medicine,8.0,8.4,542.0,8,103,7,5,3.6,1.3,34,0,Yes,Education,0.0,5,Yes,82.0,6,2.62,No,Yes,Yes,Medium
STU-04356,54,Other,Sports Science,7.1,0.6,103.0,9,102,1,5,14.2,2.5,58,75,Yes,Gaming,9.1,8,Yes,60.7,5,2.05,Yes,No,No,Low
STU-04357,44,Male,Visual Communication Design,7.2,0.8,95.0,8,106,6,3,5.4,8.0,15,0,Yes,Gaming,2.3,1,No,88.3,3,2.99,No,Yes,Yes,High
STU-04359,64,Other,Law,7.7,1.8,510.0,1,114,10,1,15.1,6.7,29,150,No,News,9.1,10,Yes,61.3,5,1.73,Yes,Yes,Yes,Low
STU-04360,37,Female,Sports Science,5.9,4.7,130.0,5,98,7,1,8.9,5.5,61,112,Yes,News,6.8,6,Yes,68.5,5,2.31,Yes,No,No,Medium
STU-04361,21,Male,Culinary Arts,7.2,5.4,249.0,4,70,3,1,12.5,0.0,11,75,Yes,,4.5,5,Yes,88.1,4,2.39,No,No,Yes,High
STU-04362,53,Other,Biology/Science,7.8,3.1,388.0,4,104,6,5,2.8,4.2,61,150,Yes,Entertainment,6.8,6,Yes,83.7,2,2.77,Yes,No,No,High
STU-04363,33,Female,Information Systems,7.7,0.5,127.0,4,114,4,3,3.6,3.8,85,150,No,Education,0.0,9,Yes,81.5,5,1.83,No,No,Yes,Low
STU-04364,43,Male,Education,7.5,3.4,50.0,7,62,9,2,12.5,,41,75,Yes,Education,2.3,6,No,89.4,6,2.54,Yes,No,Yes,Medium
STU-04366,48,Other,Education,4.4,1.9,247.0,3,82,10,3,9.8,7.2,0,38,No,Social Media/Trends,4.5,7,No,90.2,0,2.21,Yes,No,Yes,Low
STU-04367,18,Other,Computer Science,7.5,3.1,384.0,8,90,2,5,9.8,5.1,103,0,,Social Media/Trends,4.5,10,Yes,82.7,8,1.97,Yes,Yes,No,Low
STU-04368,36,Male,Fine Arts,5.2,1.3,410.0,9,111,4,9,10.7,5.5,0,150,No,Education,11.4,9,Yes,94.3,4,1.86,Yes,Yes,No,Low
STU-04369,49,Female,Culinary Arts,6.0,4.9,393.0,8,111,10,6,15.1,4.6,27,38,No,Gaming,2.3,9,Yes,74.9,9,2.02,No,Yes,No,Low
STU-04370,27,Female,Visual Communication Design,7.5,0.1,239.0,9,87,7,5,3.6,6.3,14,75,No,Entertainment,6.8,1,Yes,87.2,5,2.86,Yes,Yes,Yes,Medium
STU-04371,25,Other,Culinary Arts,5.5,1.5,,8,90,4,10,11.6,3.8,31,150,No,Entertainment,13.6,3,Yes,77.2,2,2.67,Yes,Yes,No,Low
STU-04372,21,Female,Other Program,8.1,4.2,202.0,5,67,7,3,6.3,1.3,35,38,No,News,0.0,2,No,93.1,2,2.55,No,No,Yes,High
STU-04373,31,Female,Other Program,5.8,1.7,223.0,9,119,10,4,8.9,6.3,34,38,No,News,4.5,6,No,74.7,5,2.34,No,Yes,No,Low
STU-04374,46,Other,Electrical Engineering,6.1,1.0,379.0,6,62,4,6,6.3,5.9,0,75,Yes,News,2.3,9,Yes,87.0,5,1.91,Yes,Yes,Yes,Low
STU-04375,44,Female,Visual Communication Design,7.8,3.3,220.0,2,83,7,3,2.8,3.8,15,150,Yes,Social Media/Trends,11.4,4,No,83.1,3,2.73,Yes,Yes,No,High
STU-04377,50,Other,Electrical Engineering,4.1,4.1,288.0,2,61,3,4,13.4,4.2,22,0,No,News,2.3,8,Yes,69.7,3,2.09,Yes,Yes,No,Low
STU-04378,54,Other,Electrical Engineering,7.0,3.0,474.0,8,104,8,4,3.6,4.2,28,75,Yes,News,0.0,3,Yes,94.0,3,3.34,No,Yes,Yes,High
STU-04379,22,Male,Nursing,4.9,0.4,322.0,9,90,1,8,8.1,8.0,58,112,No,Education,15.9,3,No,82.1,0,2.86,Yes,No,Yes,Low
STU-04381,36,Female,Electrical Engineering,8.1,0.6,,7,87,1,3,12.5,5.9,45,75,Yes,Social Media/Trends,6.8,6,No,83.6,5,2.1,Yes,Yes,Yes,Medium
STU-04382,30,Other,Visual Communication Design,7.8,2.9,294.0,6,96,8,3,13.4,7.6,20,150,No,Entertainment,2.3,6,No,78.2,5,2.07,Yes,Yes,No,Low
STU-04383,59,Other,Electrical Engineering,7.0,0.5,363.0,9,119,3,5,2.8,4.2,69,112,No,,9.1,4,No,77.3,5,2.85,Yes,Yes,No,Low
STU-04384,22,Male,Nursing,8.3,4.9,276.0,10,101,10,3,13.4,0.4,24,112,No,Education,6.8,9,No,76.6,5,1.98,Yes,No,Yes,Low
STU-04385,64,Female,Fine Arts,5.6,0.7,294.0,1,78,10,2,1.0,5.1,59,112,No,Gaming,6.8,8,No,81.6,3,2.17,Yes,No,Yes,Low
STU-04386,30,Other,Computer Science,5.2,0.6,245.0,8,69,2,5,3.6,1.7,25,38,No,Education,0.0,2,No,86.4,0,2.29,No,No,Yes,Low
STU-04388,22,Other,Electrical Engineering,8.7,3.2,592.0,7,73,3,4,10.7,4.2,8,112,No,Entertainment,,6,No,56.4,3,2.57,Yes,No,Yes,Medium
STU-04389,18,Other,Electrical Engineering,7.4,1.5,384.0,8,119,1,4,1.0,7.2,16,112,No,Social Media/Trends,4.5,7,Yes,82.5,6,2.26,No,No,Yes,Low
STU-04390,61,Male,Visual Communication Design,4.6,2.8,117.0,9,106,7,5,14.2,7.2,68,-5,Yes,Education,11.4,7,Yes,76.2,7,2.78,Yes,Yes,No,Low
STU-04391,45,Male,Computer Science,7.2,2.5,319.0,3,103,9,2,3.6,4.2,66,0,Yes,Education,9.1,7,No,74.3,5,2.74,Yes,Yes,No,High
STU-04393,59,Male,Fine Arts,5.4,5.2,268.0,4,94,4,5,1.0,2.9,20,75,Yes,Gaming,4.5,7,No,67.8,6,2.05,No,No,Yes,Medium
STU-04394,55,MALE,Fine Arts,5.9,5.8,,1,117,3,3,1.0,,0,0,No,News,9.1,4,No,70.4,4,2.5,No,No,Yes,Medium
STU-04395,53,Female,Biology/Science,5.4,3.9,315.0,9,74,4,5,15.1,5.1,23,0,Yes,Social Media/Trends,6.8,7,Yes,75.1,9,2.11,Yes,Yes,Yes,Low
STU-04396,64,Other,Sports Science,6.8,3.4,283.0,2,76,8,2,8.9,0.4,41,38,Yes,Gaming,2.3,7,Yes,71.7,1,2.82,No,Yes,Yes,Medium
STU-04397,33,Female,Education,5.5,0.7,474.0,10,116,1,10,13.4,8.0,0,112,Yes,Entertainment,20.5,6,Yes,79.8,1,2.72,No,Yes,Yes,Low
STU-04398,30,Female,Medicine,6.7,4.7,551.0,6,92,7,4,1.9,0.4,49,38,No,Social Media/Trends,4.5,9,Yes,96.1,4,2.31,Yes,Yes,No,Low
STU-04399,20,Other,Education,8.9,3.5,80.0,7,100,5,2,1.9,5.1,46,112,,Social Media/Trends,4.5,8,No,84.7,8,2.33,No,No,No,Low
STU-04401,38,male,Nursing,4.2,5.0,148.0,10,71,3,5,1.0,7.2,8,38,Yes,Social Media/Trends,0.0,4,No,91.4,4,2.18,No,No,Yes,Low
STU-04402,29,Female,Education,7.8,1.6,212.0,3,77,1,2,1.0,5.1,41,75,Yes,News,2.3,8,Yes,79.0,4,2.37,Yes,Yes,No,Medium
STU-04403,60,Other,Law,5.1,4.2,430.0,7,82,2,4,7.2,6.3,48,112,Yes,News,2.3,8,Yes,73.2,8,2.29,No,No,No,Low
STU-04405,59,Female,Fine Arts,6.3,2.3,,5,94,2,5,3.6,,48,0,Yes,Entertainment,20.5,1,No,93.2,1,3.12,Yes,Yes,No,Medium
STU-04406,38,Other,Other Program,6.9,1.7,146.0,3,69,9,2,6.3,5.5,46,112,Yes,News,2.3,3,No,71.9,4,3.18,No,Yes,No,High
STU-04407,28,Male,Information Systems,5.6,2.5,369.0,6,107,1,4,15.1,2.1,25,38,Yes,Gaming,6.8,10,Yes,81.9,7,2.16,Yes,No,No,Low
STU-04408,54,Other,Nursing,6.8,1.4,227.0,10,78,8,6,7.2,2.1,73,150,No,Education,0.0,7,Yes,78.5,7,2.54,No,Yes,Yes,Low
STU-04409,40,Male,Sports Science,5.1,0.5,211.0,9,78,9,4,13.4,4.2,70,112,Yes,Entertainment,6.8,9,Yes,90.6,4,2.06,Yes,Yes,No,Low
STU-04411,25,Other,Fine Arts,6.3,4.3,128.0,3,116,4,1,9.8,3.8,0,75,No,Education,2.3,5,No,88.1,4,2.25,No,No,No,Medium
STU-04412,43,Male,Law,5.4,1.6,494.0,8,111,4,9,8.1,4.2,7,150,No,Education,9.1,5,Yes,94.8,4,2.57,Yes,No,No,Low
STU-04413,42,Other,Visual Communication Design,6.1,1.9,147.0,2,93,7,1,3.6,1.3,17,150,No,Social Media/Trends,9.1,4,No,80.6,1,3.05,Yes,Yes,No,High
STU-04414,59,Female,Sports Science,6.8,1.8,,6,111,7,4,12.5,2.1,45,0,Yes,Entertainment,,4,No,76.2,5,2.47,Yes,Yes,Yes,High
STU-04415,32,Male,Medicine,7.8,2.2,566.0,6,67,1,2,8.9,4.2,31,0,No,Education,0.0,6,No,94.2,3,2.08,Yes,Yes,No,Low
STU-04416,21,Female,Electrical Engineering,6.0,2.1,338.0,3,72,9,3,15.1,4.2,40,0,No,Social Media/Trends,2.3,5,No,80.4,0,2.03,Yes,Yes,No,Low
STU-04417,30,Other,Culinary Arts,5.3,6.8,277.0,7,90,5,5,11.6,2.1,18,0,No,Entertainment,20.5,5,No,,3,3.28,Yes,No,No,High
STU-04419,49,female,Culinary Arts,7.6,2.4,158.0,6,71,8,4,8.1,2.9,19,0,No,Entertainment,0.0,7,Yes,74.1,5,2.41,No,No,No,Medium
STU-04420,33,Male,Fine Arts,6.1,3.0,245.0,10,70,4,4,1.9,4.2,24,38,Yes,,0.0,3,No,72.3,0,2.26,Yes,Yes,No,High
STU-04421,62,male,Medicine,6.2,3.3,268.0,7,65,4,5,1.0,2.5,7,0,No,Gaming,20.5,5,No,83.1,1,3.01,Yes,Yes,Yes,Low
STU-04422,40,Male,Computer Science,4.5,1.2,527.0,10,118,3,10,15.1,4.6,67,112,No,Gaming,15.9,4,Yes,86.8,1,2.89,Yes,Yes,Yes,Low
STU-04423,19,Male,Electrical Engineering,7.6,1.9,579.0,4,63,8,1,5.4,0.4,12,150,No,Education,2.3,6,Yes,75.6,5,2.45,No,Yes,Yes,Medium
STU-04424,38,Other,Nursing,6.9,4.0,151.0,3,104,9,1,1.0,1.7,41,0,Yes,Social Media/Trends,6.8,6,Yes,66.1,6,2.67,Yes,No,No,Medium
STU-04425,42,Male,Nursing,7.7,4.1,376.0,9,87,2,5,15.1,5.5,25,38,Yes,,4.5,3,No,97.5,2,2.29,Yes,No,No,Medium
STU-04426,60,Other,Culinary Arts,6.7,1.1,141.0,4,81,8,2,8.9,5.5,18,0,Yes,Education,4.5,6,Yes,69.1,9,2.12,Yes,No,Yes,Medium
STU-04427,59,FEMALE,Electrical Engineering,7.2,1.3,340.0,7,73,9,5,12.5,1.7,31,38,No,News,11.4,4,Yes,61.4,2,2.3,Yes,Yes,Yes,Medium
STU-04428,49,Other,Law,4.3,1.6,585.0,10,78,6,4,5.4,5.9,29,75,Yes,Education,0.0,3,No,71.8,1,2.59,No,Yes,No,Low
STU-04429,22,Male,Visual Communication Design,5.2,7.3,263.0,4,110,10,6,10.7,6.3,22,112,Yes,News,6.8,7,Yes,87.0,4,2.29,No,Yes,No,Low
STU-04431,55,female,Fine Arts,8.6,3.7,151.0,8,66,10,2,9.8,2.1,22,112,Yes,Social Media/Trends,0.0,6,Yes,77.4,3,2.4,No,No,No,High
STU-04432,45,Male,Nursing,5.2,1.2,227.0,6,65,6,2,1.9,0.4,53,0,Yes,News,2.3,2,No,74.9,8,2.55,No,Yes,No,High
STU-04434,46,Other,Biology/Science,6.2,5.4,353.0,5,113,9,5,16.0,5.9,40,112,No,News,9.1,7,No,69.7,4,2.28,Yes,No,Yes,Low
STU-04435,60,Male,Computer Science,5.5,5.7,188.0,9,113,9,5,2.8,7.2,21,75,Yes,Education,2.3,3,No,81.6,1,2.83,No,No,No,Medium
STU-04438,49,Other,Culinary Arts,7.0,1.1,242.0,1,91,8,2,11.6,,51,150,No,Entertainment,2.3,9,Yes,67.5,7,2.32,Yes,Yes,No,Low
STU-04440,47,Male,Education,6.8,2.3,39.0,6,100,5,3,8.1,7.2,42,38,Yes,Social Media/Trends,0.0,1,No,82.6,2,2.68,No,No,No,Medium
STU-04441,63,Male,Computer Science,6.4,1.1,196.0,4,60,6,3,12.5,4.2,10,75,Yes,News,6.8,7,Yes,73.0,1,1.94,Yes,Yes,No,Medium
STU-04442,43,Female,Other Program,5.4,4.7,61.0,4,64,3,4,9.8,2.9,64,112,No,Education,4.5,5,No,81.8,2,2.01,Yes,No,Yes,Low
STU-04444,29,Other,Visual Communication Design,7.2,0.3,99.0,10,81,1,5,13.4,4.2,42,112,Yes,,6.8,8,Yes,72.9,3,1.86,No,Yes,No,Low
STU-04445,57,Male,Medicine,5.6,2.6,379.0,10,90,3,5,9.8,2.9,6,0,No,Education,15.9,10,Yes,57.1,7,2.37,Yes,Yes,Yes,Low
STU-04446,25,Other,Computer Science,7.0,1.5,276.0,2,103,9,2,9.8,6.7,33,150,No,News,0.0,10,Yes,83.9,4,1.92,No,No,No,Low
STU-04447,41,Male,Computer Science,5.7,2.0,277.0,4,116,3,4,15.1,5.1,0,38,No,Entertainment,4.5,1,No,79.3,4,2.56,Yes,Yes,No,High
STU-04448,42,Female,Medicine,8.9,1.0,435.0,8,63,3,4,13.4,3.8,33,75,Yes,Entertainment,13.6,7,No,69.8,2,1.95,Yes,No,No,Low
STU-04449,20,Male,Education,7.5,4.1,190.0,1,116,8,1,11.6,5.1,0,112,No,News,2.3,8,Yes,,6,1.54,No,No,Yes,Low
STU-04450,26,Other,Fine Arts,5.7,2.3,116.0,7,80,4,4,4.5,,0,112,,News,11.4,4,Yes,91.4,5,2.47,Yes,Yes,Yes,High
STU-04451,46,Female,Information Systems,5.4,1.8,386.0,9,97,3,9,15.1,5.5,16,112,No,Entertainment,15.9,3,No,72.0,2,2.19,No,No,Yes,Low
STU-04452,19,Female,Computer Science,9.0,4.5,300.0,2,71,5,1,7.2,1.7,17,38,Yes,Education,0.0,5,Yes,94.7,0,2.59,No,No,No,High
STU-04456,29,Other,Law,5.5,7.7,378.0,7,76,7,6,8.1,0.4,70,38,Yes,Gaming,4.5,5,Yes,92.5,0,2.47,Yes,Yes,No,Low
STU-04458,27,Male,Other Program,9.1,1.3,278.0,8,87,6,5,15.1,4.6,60,150,Yes,Entertainment,4.5,5,No,78.3,4,2.2,Yes,Yes,Yes,Medium
STU-04459,27 yrs,female,Information Systems,6.6,1.5,323.0,9,66,1,5,16.0,5.9,8,0,No,Entertainment,4.5,6,No,98.1,8,2.33,No,No,No,Low
STU-04460,50,Male,Information Systems,6.1,3.4,340.0,2,94,6,3,10.7,6.3,40,38,No,News,6.8,5,No,80.5,4,2.65,Yes,Yes,Yes,Low
STU-04461,31,Female,Sports Science,7.8,0.4,280.0,7,100,1,5,7.2,0.8,54,75,No,Social Media/Trends,6.8,4,No,89.8,2,2.4,Yes,No,Yes,Low
STU-04462,64 yrs,Other,Visual Communication Design,7.6,2.7,285.0,2,75,4,4,5.4,4.2,50,112,Yes,Social Media/Trends,6.8,3,No,79.8,3,2.48,Yes,Yes,Yes,Medium
STU-04463,36,Female,Computer Science,3.8,1.5,449.0,9,100,4,9,8.1,5.5,49,75,No,Social Media/Trends,9.1,5,No,89.4,5,2.81,Yes,No,Yes,Low
STU-04464,41,Female,Electrical Engineering,8.9,6.6,260.0,2,78,10,2,12.5,6.7,29,38,Yes,Entertainment,0.0,10,Yes,76.6,3,1.62,No,No,Yes,Medium
STU-04465,21,Male,Law,7.4,0.4,274.0,9,91,8,6,9.8,8.0,69,38,Yes,Entertainment,4.5,2,No,92.6,4,2.56,No,Yes,Yes,Medium
STU-04466,35,Female,Education,6.4,0.4,,10,73,10,5,16.0,,75,38,Yes,Entertainment,2.3,4,No,88.6,6,2.36,No,No,Yes,Low
STU-04467,29,Female,Electrical Engineering,7.0,1.2,472.0,5,118,3,3,8.9,0.8,0,75,No,Gaming,0.0,6,Yes,85.2,4,2.29,Yes,Yes,No,Medium
STU-04468,43,Female,Sports Science,6.8,1.2,280.0,4,119,10,4,10.7,2.9,60,75,Yes,News,11.4,8,Yes,82.2,5,2.18,Yes,No,No,Low
STU-04469,24,Other,Computer Science,8.1,6.2,171.0,3,100,8,3,9.8,1.7,41,75,Yes,News,6.8,6,Yes,89.0,3,2.22,Yes,No,Yes,High
STU-04470,40,Other,Sports Science,6.3,5.8,101.0,3,112,3,2,8.1,5.9,42,150,Yes,News,0.0,7,Yes,87.4,9,2.47,No,Yes,Yes,Low
STU-04471,40,Female,Computer Science,4.9,0.4,520.0,10,103,2,10,13.4,4.2,51,112,Yes,Education,15.9,4,No,87.4,5,2.73,Yes,No,No,Low
STU-04472,60,Female,Fine Arts,5.3,2.1,114.0,6,96,7,4,11.6,0.0,41,150,Yes,Entertainment,4.5,8,No,68.9,3,2.57,No,No,No,Medium
STU-04473,28,Female,Law,4.3,2.7,358.0,9,92,4,10,8.9,8.0,10,112,Yes,News,15.9,9,Yes,94.6,7,2.12,Yes,Yes,No,Low
STU-04477,60,Other,Information Systems,5.4,1.3,167.0,2,111,8,5,2.8,0.4,15,112,No,Social Media/Trends,6.8,6,No,87.6,4,2.52,Yes,No,Yes,Low
STU-04478,18,Male,Fine Arts,7.8,3.9,240.0,8,89,9,4,15.1,4.6,67,38,Yes,Entertainment,2.3,7,Yes,86.3,4,2.21,No,No,Yes,Low
STU-04479,58,Female,Other Program,7.9,1.0,77.0,6,111,8,5,13.4,0.8,10,150,No,Gaming,15.9,5,Yes,82.8,7,2.44,Yes,Yes,Yes,High
STU-04480,34,Female,Medicine,7.1,3.2,459.0,10,99,4,5,9.8,4.6,27,0,Yes,Entertainment,6.8,6,Yes,88.4,5,2.19,No,Yes,Yes,Low
STU-04482,22,Female,Other Program,7.3,1.6,273.0,2,73,2,2,10.7,4.6,118,0,Yes,Entertainment,4.5,3,No,,6,2.3,No,Yes,Yes,High
STU-04483,48,Female,Culinary Arts,7.4,2.4,323.0,8,109,10,4,42.599999999999994,6.3,17,112,No,Entertainment,,6,Yes,75.4,4,2.41,No,No,No,Low
STU-04484,56,Male,Biology/Science,6.6,4.4,520.0,10,66,7,5,3.6,2.1,39,0,No,Gaming,6.8,2,No,70.0,2,2.99,No,No,No,Medium
STU-04485,20,Female,Visual Communication Design,6.5,1.3,284.0,7,101,9,3,1.0,0.8,31,0,Yes,Education,6.8,7,Yes,63.2,1,2.37,Yes,Yes,No,Low
STU-04486,34,Male,Other Program,4.8,3.0,293.0,2,107,8,2,29.400000000000002,1.7,39,0,Yes,Gaming,4.5,4,No,71.4,6,2.53,No,Yes,No,Medium
STU-04487,58,Male,Electrical Engineering,5.4,4.2,447.0,6,96,7,5,8.9,1.7,10,0,Yes,News,2.3,6,Yes,83.5,4,2.13,Yes,No,No,Medium
STU-04489,32,Other,Culinary Arts,3.7,0.6,,10,105,1,8,12.5,2.5,2,75,No,News,,7,Yes,94.4,6,2.06,Yes,Yes,No,Low
STU-04490,60,Male,Computer Science,6.2,0.8,230.0,7,79,4,3,8.9,2.1,28,150,Yes,Gaming,6.8,1,No,76.1,0,2.72,Yes,No,Yes,High
STU-04491,42,Female,Culinary Arts,7.6,2.6,192.0,6,110,5,3,12.5,0.8,3,38,Yes,Education,9.1,8,No,92.3,5,2.73,Yes,No,Yes,High
STU-04492,23,Female,Law,6.3,1.4,372.0,1,102,6,3,4.5,4.2,64,38,Yes,News,11.4,9,Yes,87.2,2,2.61,Yes,No,No,Medium
STU-04493,32,Male,Education,7.5,2.4,132.0,1,92,5,2,1.0,7.6,52,0,Yes,Gaming,0.0,8,Yes,,2,2.39,No,No,Yes,Low
STU-04494,38,Other,Culinary Arts,4.1,0.1,,8,100,4,9,12.5,8.0,28,150,,Social Media/Trends,13.6,10,Yes,75.1,4,2.62,Yes,No,Yes,Low
STU-04496,40,Male,Medicine,8.0,5.5,470.0,5,89,6,4,3.6,5.5,40,150,Yes,Education,4.5,3,No,89.6,3,3.1,Yes,Yes,Yes,High
STU-04497,58,Female,Electrical Engineering,5.9,0.4,557.0,6,101,8,5,1.9,1.3,2,75,Yes,Education,0.0,4,No,88.6,6,2.25,Yes,No,No,Medium
STU-04498,31,Female,Nursing,8.5,4.5,307.0,3,95,1,1,10.7,3.8,23,112,No,Education,4.5,7,No,73.4,2,2.24,No,No,No,Medium
STU-04499,22,Male,Sports Science,4.9,1.3,246.0,2,80,9,3,8.9,4.2,5,38,No,,4.5,1,No,64.7,6,2.56,Yes,Yes,Yes,Medium
STU-04501,58,Male,Visual Communication Design,7.8,0.4,200.0,8,81,7,5,4.5,7.2,21,38,,Gaming,11.4,9,Yes,81.6,7,2.73,Yes,No,No,Low
STU-04502,62,male,Medicine,7.0,1.7,363.0,5,119,3,2,12.5,2.9,20,112,No,Gaming,0.0,6,Yes,69.5,5,2.41,No,No,Yes,Medium
STU-04503,25,Female,Culinary Arts,5.8,2.6,301.0,7,115,10,6,7.2,5.1,8,112,Yes,Gaming,2.3,5,No,84.4,2,2.34,No,No,Yes,Medium
STU-04504,35,Female,Information Systems,4.6,0.3,,9,99,3,9,13.4,4.2,28,75,No,News,15.9,7,Yes,65.4,5,2.31,Yes,Yes,Yes,Low
STU-04505,63,Male,Computer Science,6.1,1.1,263.0,5,64,7,4,10.7,2.1,68,0,No,Entertainment,2.3,5,Yes,,3,2.18,No,No,No,Low
STU-04506,41,Male,Education,4.1,1.2,355.0,10,119,3,9,14.2,3.4,62,112,No,Education,20.5,9,Yes,79.7,8,2.37,Yes,Yes,Yes,Low
STU-04507,27,Other,Sports Science,4.6,0.1,544.0,9,119,3,8,14.2,2.1,65,112,Yes,Social Media/Trends,,5,Yes,86.7,4,2.7,Yes,No,Yes,Low
STU-04508,19,Female,Culinary Arts,8.9,5.2,305.0,3,71,7,2,4.5,5.1,39,0,No,News,4.5,1,No,80.1,1,3.35,Yes,Yes,Yes,High
STU-04509,47,Female,Sports Science,4.3,0.6,399.0,9,95,4,9,14.2,6.7,21,75,No,Social Media/Trends,13.6,2,No,78.1,2,2.59,No,Yes,Yes,Low
STU-04511,32,Female,Sports Science,6.7,7.6,262.0,4,73,6,4,6.3,1.3,52,75,Yes,News,4.5,7,No,86.0,2,2.6,Yes,Yes,Yes,High
STU-04512,43,Male,Biology/Science,7.6,3.2,385.0,2,76,8,2,2.8,6.7,41,112,Yes,Entertainment,6.8,7,No,78.7,4,2.34,Yes,No,Yes,High
STU-04514,42,Male,Biology/Science,5.1,1.0,360.0,10,90,3,9,8.1,,16,75,Yes,News,9.1,6,Yes,73.1,4,2.6,Yes,Yes,No,Low
STU-04515,30,Other,Medicine,7.8,4.7,549.0,3,87,3,3,7.2,2.9,44,150,No,Education,0.0,5,Yes,76.0,1,2.55,No,Yes,Yes,Medium
STU-04516,62,Male,Electrical Engineering,5.6,3.4,527.0,3,83,2,5,5.4,3.4,7,0,Yes,Education,13.6,5,No,68.6,3,2.55,Yes,Yes,Yes,High
STU-04517,43,Male,Other Program,5.9,3.8,193.0,3,62,6,3,12.5,6.3,71,0,Yes,Education,2.3,3,Yes,94.7,1,2.77,No,Yes,Yes,Medium
STU-04518,39,Male,Law,6.7,4.6,392.0,9,74,7,5,1.9,7.2,57,112,Yes,Social Media/Trends,0.0,7,Yes,82.1,7,2.44,No,No,No,Low
STU-04519,57,Female,Nursing,9.0,3.6,218.0,4,100,2,2,5.4,0.0,25,0,Yes,Social Media/Trends,4.5,5,Yes,86.3,1,2.63,No,No,Yes,Medium
STU-04520,36,Other,Nursing,8.0,6.4,124.0,9,98,2,4,1.9,5.1,19,150,No,Education,4.5,6,No,95.4,2,2.85,Yes,Yes,Yes,Low
STU-04522,56,Male,Other Program,7.0,2.2,225.0,4,108,9,3,4.5,7.2,0,75,Yes,Education,4.5,7,No,85.1,6,2.54,Yes,No,No,Medium
STU-04523,53,Male,Law,7.1,4.9,581.0,9,100,1,5,8.9,6.3,48,75,Yes,Education,2.3,5,No,90.5,2,2.48,Yes,No,No,Low
STU-04524,46,Other,Fine Arts,5.6,5.1,220.0,1,94,3,1,2.8,3.4,16,0,Yes,News,0.0,6,No,69.8,1,2.22,No,Yes,Yes,Medium
STU-04525,43,Male,Law,7.1,2.6,,2,92,4,2,16.0,3.8,22,112,Yes,News,4.5,10,Yes,85.3,7,1.82,Yes,No,No,Low
STU-04526,18,Other,Electrical Engineering,6.8,0.3,483.0,8,63,10,4,13.4,1.7,30,0,Yes,News,0.0,10,Yes,81.4,6,2.0,No,No,No,Low
STU-04528,21,Other,Sports Science,7.6,0.9,185.0,9,89,10,4,2.8,8.0,20,75,Yes,News,25.0,9,Yes,51.1,6,2.88,Yes,No,No,Low
STU-04529,39,Male,Visual Communication Design,5.2,1.6,457.0,9,106,2,9,14.2,2.9,20,75,No,Gaming,20.5,7,Yes,89.9,4,2.48,Yes,No,Yes,Low
STU-04531,32,Other,Education,7.3,6.0,194.0,6,111,1,3,10.7,1.7,24,38,No,Entertainment,0.0,5,No,82.0,3,2.23,No,Yes,No,Low
STU-04532,18,Other,Law,5.6,4.4,339.0,1,93,5,1,15.1,0.0,6,150,Yes,Entertainment,4.5,4,No,87.1,5,2.46,No,No,Yes,High
STU-04534,18,Male,Education,8.1,3.0,127.0,4,79,9,3,4.5,1.3,51,0,Yes,News,0.0,8,Yes,68.8,5,2.06,No,Yes,Yes,Low
STU-04535,37,Other,Sports Science,7.0,2.8,261.0,6,70,8,3,4.5,5.5,34,38,Yes,Social Media/Trends,9.1,6,Yes,82.1,2,2.73,Yes,No,No,Medium
STU-04536,43,Other,Education,4.0,0.2,372.0,9,114,4,8,12.5,2.5,7,75,No,Gaming,15.9,10,Yes,89.6,7,2.44,Yes,Yes,No,Low
STU-04537,36,Male,Culinary Arts,7.2,0.2,340.0,8,89,3,6,2.8,0.0,63,0,No,Education,11.4,5,No,85.0,8,2.39,Yes,Yes,No,Low
STU-04539,20,Female,Information Systems,7.6,0.1,254.0,6,61,8,3,1.9,5.5,0,38,Yes,Entertainment,2.3,6,Yes,89.5,4,2.38,Yes,Yes,No,Medium
STU-04540,34,MALE,Nursing,7.0,5.6,295.0,7,64,1,1,16.0,7.6,28,38,Yes,Education,11.4,7,No,84.1,3,2.28,Yes,Yes,No,Low
STU-04541,28,Male,Education,7.9,2.1,43.0,2,116,3,1,8.1,3.8,73,150,Yes,News,2.3,6,Yes,96.2,7,2.61,No,No,Yes,High
STU-04543,19,MALE,Fine Arts,6.2,2.0,138.0,2,113,9,2,10.7,1.7,48,0,Yes,Entertainment,0.0,4,No,,3,2.15,No,No,Yes,High
STU-04544,41,Male,Visual Communication Design,7.7,3.2,96.0,5,64,2,5,5.4,3.4,14,75,No,,18.2,8,Yes,74.6,5,3.19,Yes,Yes,No,Low
STU-04545,43,Female,Computer Science,8.3,4.1,207.0,9,117,8,5,8.9,2.5,49,112,No,Education,0.0,8,Yes,84.2,4,2.6,No,No,Yes,Low
STU-04546,57,Male,Medicine,6.7,3.2,581.0,1,85,1,2,3.6,1.3,62,38,Yes,Education,4.5,3,No,100.0,5,2.76,No,No,Yes,Medium
STU-04548,19,Male,Information Systems,6.7,2.1,332.0,1,108,8,3,1.9,4.2,51,75,Yes,Gaming,4.5,5,No,77.3,4,2.88,Yes,No,Yes,High
STU-04550,27,Female,Biology/Science,6.3,4.9,444.0,1,108,1,2,1.0,4.6,79,75,Yes,Education,6.8,8,No,88.0,4,2.71,Yes,No,Yes,Medium
STU-04551,39,Male,Information Systems,4.0,1.2,454.0,10,112,2,9,13.4,2.1,29,112,No,Education,15.9,7,Yes,,5,2.56,No,No,No,Low
STU-04552,26,Other,Other Program,8.4,1.1,45.0,5,88,5,1,4.5,0.8,2,150,No,Education,9.1,7,Yes,75.1,2,2.68,No,No,Yes,High
STU-04554,52,female,Information Systems,5.6,4.8,106.0,2,63,5,2,6.3,0.4,10,38,No,Education,0.0,1,No,91.5,2,2.67,No,Yes,No,High
STU-04556,62,Male,Education,6.5,1.1,297.0,5,88,9,2,8.1,3.8,0,112,Yes,Entertainment,11.4,5,Yes,72.8,3,2.74,Yes,No,Yes,Low
STU-04557,45,Male,Medicine,7.5,5.4,535.0,10,105,8,4,8.9,1.7,12,75,Yes,Social Media/Trends,4.5,10,Yes,58.3,6,1.81,Yes,No,Yes,Medium
STU-04558,45,female,Sports Science,7.1,0.6,256.0,2,98,10,1,14.2,5.1,0,150,Yes,Education,2.3,10,Yes,71.6,6,2.04,Yes,Yes,Yes,Low
STU-04559,47,Female,Information Systems,7.1,3.9,158.0,10,114,5,5,11.6,3.8,21,38,No,Gaming,4.5,4,No,78.7,4,2.57,Yes,No,No,High
STU-04560,46,Other,Biology/Science,5.9,4.0,557.0,9,113,3,9,13.4,5.1,11,150,No,News,18.2,8,Yes,92.5,2,2.41,Yes,Yes,No,Low
STU-04561,33,male,Visual Communication Design,8.7,2.0,105.0,4,77,8,3,14.2,0.8,44,112,No,Social Media/Trends,,7,Yes,85.6,3,2.25,Yes,No,Yes,Medium
STU-04563,29,Female,Law,4.8,1.9,591.0,9,117,2,8,12.5,5.1,0,75,No,News,13.6,7,Yes,90.3,5,2.34,Yes,Yes,Yes,Low
STU-04565,39,Female,Medicine,6.5,5.3,271.0,10,71,8,5,11.6,5.1,45,0,No,Entertainment,2.3,3,No,89.3,4,2.87,Yes,Yes,No,Low
STU-04568,45,Other,Biology/Science,6.9,1.6,529.0,8,107,10,7,1.0,5.9,54,0,No,Education,6.8,10,Yes,54.5,5,2.52,Yes,No,No,Low
STU-04570,40,Other,Biology/Science,6.3,2.3,418.0,3,74,5,2,3.6,2.1,50,150,No,News,0.0,6,Yes,93.4,5,2.55,Yes,No,Yes,Medium
STU-04571,41,Other,Computer Science,7.6,3.3,243.0,10,69,5,4,3.6,0.8,32,150,No,Social Media/Trends,2.3,4,No,79.9,2,2.24,No,No,No,Low
STU-04572,27,FEMALE,Sports Science,7.9,6.0,113.0,9,78,7,5,6.3,1.3,0,75,No,Education,0.0,5,Yes,84.3,5,1.96,No,No,No,Low
STU-04573,42,Male,Other Program,8.3,5.8,263.0,2,100,4,2,8.9,6.7,57,0,Yes,Gaming,0.0,4,No,66.8,0,2.17,No,Yes,Yes,High
STU-04574,39,Other,Computer Science,7.7,3.0,183.0,9,83,3,5,15.1,,0,0,Yes,Education,4.5,3,No,100.0,1,2.13,No,No,Yes,Medium
STU-04575,55,Other,Culinary Arts,3.9,5.6,122.0,8,76,5,4,4.5,5.9,44,75,Yes,News,0.0,4,No,72.7,4,2.17,No,Yes,No,Low
STU-04577,47,Female,Biology/Science,5.0,3.5,515.0,6,72,1,4,15.1,8.0,0,112,No,Education,0.0,6,No,68.0,2,2.13,No,Yes,No,Low
STU-04578,62,Female,Visual Communication Design,7.5,5.4,162.0,2,62,4,2,4.5,3.8,34,0,No,Gaming,0.0,4,No,84.3,4,2.22,No,Yes,Yes,Medium
STU-04579,37,Female,Biology/Science,6.6,4.6,460.0,8,82,9,5,12.5,,0,0,Yes,News,4.5,2,No,100.0,3,2.52,Yes,No,Yes,High
STU-04580,50 yrs,Female,Biology/Science,5.6,2.2,412.0,5,74,1,4,6.3,2.5,72,0,No,Entertainment,4.5,1,No,78.3,4,2.21,Yes,Yes,No,Low
STU-04582,49,Male,Sports Science,6.5,0.0,290.0,6,101,10,5,1.9,7.6,30,75,No,Gaming,9.1,4,Yes,80.2,1,2.54,No,Yes,No,Low
STU-04583,58,Male,Nursing,5.6,6.5,113.0,2,76,4,2,1.9,3.4,55,112,Yes,Education,2.3,5,No,62.7,2,2.67,No,No,Yes,Low
STU-04584,62,Female,Other Program,7.0,1.4,183.0,3,78,3,1,1.9,0.4,16,0,Yes,News,4.5,4,Yes,61.1,4,2.83,Yes,No,Yes,High
STU-04585,42,Male,Fine Arts,6.9,3.7,149.0,9,64,10,3,1.9,5.1,37,38,No,Education,4.5,10,Yes,83.4,3,2.46,Yes,Yes,Yes,Low
STU-04586,41,Other,Visual Communication Design,6.0,2.2,271.0,7,109,10,4,5.4,1.7,19,38,Yes,Education,6.8,8,Yes,60.3,4,2.56,Yes,Yes,No,Medium
STU-04587,33,MALE,Fine Arts,5.6,0.8,111.0,3,94,7,1,7.2,4.6,7,75,Yes,Gaming,2.3,8,Yes,87.7,5,1.95,No,Yes,No,Low
STU-04588,34,Other,Fine Arts,5.6,4.6,95.0,3,62,1,2,14.2,2.1,29,112,Yes,Social Media/Trends,2.3,6,Yes,,1,2.07,No,Yes,No,Medium
STU-04589,52,Other,Education,7.0,3.0,181.0,6,69,8,5,8.9,2.5,1,150,No,Entertainment,4.5,7,Yes,82.6,5,2.54,No,No,Yes,Low
STU-04590,45,male,Visual Communication Design,8.2,0.9,126.0,7,109,1,4,8.1,5.9,53,150,Yes,News,0.0,1,No,77.4,0,2.78,Yes,No,Yes,High
STU-04591,31,Other,Fine Arts,7.6,3.9,131.0,2,80,1,2,5.4,6.3,52,38,No,Social Media/Trends,2.3,9,Yes,72.7,2,1.93,Yes,Yes,No,Low
STU-04592,38,Female,Sports Science,8.7,1.7,128.0,2,79,6,3,4.5,2.9,27,75,Yes,Entertainment,6.8,4,No,89.0,4,2.94,Yes,No,Yes,High
STU-04593,64,Other,Law,6.3,2.9,371.0,1,96,8,3,15.1,3.4,64,112,No,News,2.3,4,No,75.0,1,2.02,No,No,No,Low
STU-04595,55,Male,Law,8.0,5.8,430.0,1,73,6,4,5.4,1.7,49,0,No,Education,0.0,4,No,68.1,6,2.29,Yes,Yes,Yes,Medium
STU-04596,47,Other,Education,5.0,2.2,140.0,5,88,8,4,11.6,5.5,76,112,No,Gaming,0.0,7,No,,3,1.69,No,No,No,Low
STU-04597,33,Female,Computer Science,7.2,0.9,144.0,10,96,4,6,5.4,5.9,39,75,Yes,Entertainment,11.4,6,No,85.9,0,2.53,Yes,Yes,Yes,Low
STU-04598,33,Other,Culinary Arts,6.7,4.4,278.0,9,75,3,6,5.4,5.5,13,38,Yes,Education,9.1,4,Yes,100.0,2,2.89,Yes,No,No,High
STU-04599,57,Male,Computer Science,7.6,3.5,209.0,5,62,4,2,37.5,4.6,13,150,No,Entertainment,2.3,6,No,82.9,2,2.23,No,No,Yes,High
STU-04600,62,Male,Medicine,4.9,0.6,484.0,2,63,2,5,14.2,3.8,20,75,Yes,Education,6.8,5,No,90.3,4,2.21,Yes,No,No,Low
STU-04601,42,Other,Fine Arts,5.4,2.2,77.0,6,103,6,5,6.3,7.6,38,112,Yes,Social Media/Trends,2.3,8,Yes,98.7,4,2.09,Yes,No,No,Low
STU-04602,54,Other,Information Systems,5.5,2.7,396.0,8,75,8,5,12.5,5.9,47,112,No,Gaming,0.0,7,No,70.8,6,1.91,No,No,Yes,Low
STU-04603,18,Female,Information Systems,7.4,3.2,347.0,6,63,10,4,10.7,2.5,30,38,,Gaming,2.3,6,No,100.0,5,2.34,No,No,No,High
STU-04604,60,Male,Nursing,4.2,2.1,393.0,4,62,5,3,8.9,0.0,13,75,Yes,Education,6.8,6,No,73.6,5,2.2,Yes,No,Yes,Medium
STU-04605,50,Male,Computer Science,7.0,2.6,211.0,5,86,2,2,8.9,4.6,0,38,Yes,News,6.8,2,No,79.1,4,2.59,Yes,Yes,Yes,High
STU-04607,22,Male,Electrical Engineering,7.7,1.3,267.0,9,84,2,6,13.4,5.1,64,38,Yes,Entertainment,2.3,1,No,,1,2.51,No,No,No,Medium
STU-04608,34,Female,Visual Communication Design,7.2,0.3,144.0,3,105,10,2,12.5,1.3,35,75,No,News,9.1,10,Yes,66.2,4,2.3,Yes,No,No,Low
STU-04609,60,Other,Fine Arts,7.6,6.1,112.0,8,79,2,5,7.2,3.8,52,0,Yes,Education,6.8,7,No,76.6,5,2.37,Yes,Yes,Yes,Low
STU-04610,26,Male,Culinary Arts,4.8,3.3,117.0,4,69,3,1,7.2,8.0,57,112,,Entertainment,4.5,9,Yes,60.3,3,2.05,Yes,Yes,Yes,Low
STU-04611,20,Male,Visual Communication Design,5.6,0.6,505.0,10,107,4,10,13.4,6.7,42,75,No,News,11.4,10,Yes,63.0,5,2.18,No,Yes,No,Low
STU-04612,22 yrs,Male,Electrical Engineering,7.9,0.4,419.0,10,74,2,6,6.3,,12,75,Yes,Education,6.8,7,No,,4,2.7,Yes,Yes,Yes,Medium
STU-04613,21,Other,Biology/Science,7.9,3.3,299.0,9,76,5,3,2.8,4.6,12,0,Yes,Gaming,4.5,5,No,79.1,3,2.53,No,No,Yes,High
STU-04614,60,Other,Sports Science,6.6,4.4,157.0,7,115,8,4,14.2,1.7,49,38,No,Gaming,6.8,4,No,69.3,4,2.39,Yes,Yes,Yes,Low
STU-04616,18,Male,Fine Arts,7.1,1.4,146.0,10,87,9,5,2.8,7.2,51,0,No,Education,4.5,6,No,60.8,8,2.23,Yes,Yes,No,Low
STU-04617,46,Other,Information Systems,4.9,2.2,215.0,3,115,5,2,1.9,4.6,55,38,Yes,Education,2.3,7,Yes,83.3,8,2.43,No,No,No,Medium
STU-04619,20,Male,Visual Communication Design,8.8,2.8,191.0,9,106,8,6,4.5,3.8,16,150,Yes,Social Media/Trends,9.1,10,Yes,75.5,6,2.8,Yes,Yes,No,Medium
STU-04621,47,Female,Information Systems,6.6,3.5,237.0,9,90,1,6,13.4,8.0,26,38,Yes,Entertainment,0.0,4,Yes,77.3,4,2.28,No,Yes,No,Medium
STU-04622,38,Male,Education,6.7,2.1,217.0,5,89,5,2,1.0,2.1,30,150,No,News,0.0,2,No,75.6,5,2.36,No,No,No,Medium
STU-04624,48,Male,Biology/Science,5.2,1.2,432.0,9,108,1,10,8.9,6.7,27,75,No,Gaming,11.4,10,Yes,65.2,5,2.38,Yes,No,Yes,Low
STU-04625,39,Male,Law,7.4,5.4,270.0,8,80,5,5,3.6,0.0,21,0,Yes,Social Media/Trends,0.0,7,Yes,66.0,5,1.94,Yes,Yes,No,Low
STU-04626,52,Male,Sports Science,7.7,3.1,,6,93,7,1,4.5,0.0,26,38,Yes,Gaming,2.3,9,Yes,65.8,6,2.48,Yes,No,No,High
STU-04628,50,Female,Biology/Science,7.1,3.9,342.0,3,72,8,3,1.0,2.5,9,112,No,Entertainment,4.5,7,Yes,77.2,4,2.44,Yes,Yes,Yes,Low
STU-04629,33,Male,Education,6.7,2.3,260.0,7,64,2,4,12.5,0.4,32,150,Yes,Entertainment,6.8,3,No,80.6,3,2.24,Yes,No,No,Medium
STU-04632,20,Male,Law,4.5,0.2,325.0,10,107,1,9,8.9,,46,150,Yes,News,15.9,10,Yes,77.7,5,2.51,No,Yes,Yes,Low
STU-04633,61,Female,Electrical Engineering,6.7,6.0,490.0,2,103,6,2,9.8,5.1,0,112,No,Gaming,6.8,10,Yes,82.4,5,1.94,Yes,Yes,Yes,Medium
STU-04635,54,Other,Education,6.9,3.0,,3,95,1,5,8.9,3.4,25,75,No,Entertainment,6.8,3,No,80.3,2,3.12,No,Yes,No,Medium
STU-04637,32,Other,Electrical Engineering,4.7,1.3,311.0,4,104,6,4,12.5,0.0,12,112,No,Education,9.1,6,No,86.7,3,2.71,Yes,Yes,Yes,Medium
STU-04638,36,Male,Medicine,9.2,2.5,427.0,3,60,2,2,8.1,6.7,19,75,No,News,,7,Yes,95.0,5,2.13,No,No,Yes,Low
STU-04639,59,Other,Other Program,5.4,2.7,210.0,9,95,2,6,8.1,5.1,1,112,No,News,4.5,4,No,,1,2.69,No,No,No,Low
STU-04640,33,Other,Fine Arts,8.0,5.4,123.0,10,70,5,3,3.6,2.9,44,0,No,Entertainment,2.3,7,Yes,94.6,2,2.52,No,Yes,No,Medium
STU-04641,33,Other,Information Systems,5.2,0.7,340.0,8,119,1,8,32.099999999999994,2.9,85,150,No,Gaming,13.6,9,Yes,65.6,8,2.36,Yes,Yes,Yes,Low
STU-04642,55,Male,Fine Arts,8.9,5.3,281.0,8,62,2,3,12.5,5.5,17,0,No,Education,0.0,4,No,71.5,3,2.41,No,No,No,High
STU-04643,56,Male,Computer Science,6.7,1.6,305.0,7,113,3,4,5.4,7.2,38,75,Yes,Entertainment,11.4,9,Yes,79.9,5,2.54,Yes,No,Yes,Low
STU-04644,46,MALE,Information Systems,6.4,1.9,130.0,8,101,7,4,15.1,3.8,51,0,No,Entertainment,11.4,5,No,70.8,1,1.71,Yes,No,Yes,Low
STU-04645,28,Male,Electrical Engineering,5.6,4.2,585.0,10,73,8,5,1.0,1.3,28,112,Yes,Education,4.5,2,No,81.8,3,2.68,Yes,Yes,No,Medium
STU-04646,47,Other,Biology/Science,7.1,0.9,410.0,9,69,10,4,14.2,5.1,30,150,Yes,Education,0.0,2,No,86.2,0,2.49,No,No,No,Medium
STU-04647,48,Male,Information Systems,7.1,1.3,273.0,2,103,2,1,5.4,0.4,14,112,Yes,Social Media/Trends,9.1,2,No,,0,2.61,Yes,No,No,High
STU-04648,24,Female,Education,7.8,3.7,116.0,9,107,9,7,18.9,3.4,19,75,Yes,Entertainment,9.1,8,Yes,91.2,5,2.59,Yes,Yes,Yes,Low
STU-04649,59,Other,Law,5.9,6.1,458.0,9,92,3,5,1.9,5.9,40,112,Yes,Social Media/Trends,2.3,6,No,75.2,3,2.28,No,No,Yes,Low
STU-04650,40,Female,Medicine,9.4,1.1,314.0,3,101,9,1,11.6,8.0,41,75,Yes,Social Media/Trends,4.5,4,No,86.2,0,2.36,Yes,Yes,Yes,High
STU-04651,33,Male,Culinary Arts,7.4,1.9,176.0,3,105,9,1,14.2,5.9,19,38,Yes,Social Media/Trends,2.3,6,Yes,95.2,4,2.57,Yes,Yes,Yes,High
STU-04652,23,Male,Medicine,7.7,1.0,459.0,1,73,10,2,10.7,0.0,31,75,Yes,News,2.3,8,Yes,,4,2.13,No,No,Yes,High
STU-04653,53,male,Other Program,7.8,5.9,199.0,9,108,2,4,9.8,4.6,10,112,No,News,2.3,2,Yes,70.5,3,2.53,Yes,No,No,Medium
STU-04655,34,Female,Nursing,4.9,0.8,403.0,9,107,3,10,16.0,5.9,38,112,No,Entertainment,13.6,5,Yes,67.8,7,1.71,Yes,Yes,Yes,Low
STU-04657,18,Male,Computer Science,9.8,5.4,248.0,5,111,10,2,15.1,7.2,27,75,No,Gaming,0.0,5,No,75.2,4,2.1,No,No,No,Low
STU-04658,22,Other,Electrical Engineering,6.6,0.2,521.0,8,96,9,5,15.1,1.3,23,112,No,Social Media/Trends,2.3,8,Yes,84.6,4,2.34,Yes,No,No,Low
STU-04661,52,Other,Biology/Science,5.8,5.6,284.0,2,109,8,2,8.1,2.1,14,112,No,News,2.3,3,No,87.1,3,2.36,Yes,No,Yes,Medium
STU-04664,42,Male,Nursing,7.5,5.0,383.0,9,90,7,5,1.9,3.8,0,150,No,Social Media/Trends,0.0,4,No,80.6,5,2.42,No,Yes,Yes,Medium
STU-04666,62,Male,Other Program,4.5,0.2,268.0,9,114,9,5,9.8,0.8,45,38,No,News,4.5,5,Yes,82.3,1,2.29,No,No,Yes,Low
STU-04667,62,Female,Sports Science,6.2,4.1,121.0,5,92,2,3,2.8,4.2,37,75,No,Social Media/Trends,2.3,2,Yes,82.6,0,2.51,No,Yes,Yes,Low
STU-04668,37,Male,Education,6.1,6.5,62.0,6,112,9,2,4.5,1.3,0,0,Yes,Social Media/Trends,2.3,1,No,84.8,5,2.57,No,No,Yes,High
STU-04669,37,FEMALE,Information Systems,8.0,2.7,203.0,6,62,1,2,13.4,1.3,45,150,No,Education,11.4,4,Yes,83.0,3,3.14,Yes,Yes,No,High
STU-04670,32,Other,Sports Science,8.0,5.2,192.0,10,78,1,5,15.1,5.9,0,150,Yes,Education,9.1,4,No,77.9,4,2.12,Yes,No,Yes,Medium
STU-04671,46,MALE,Biology/Science,7.9,0.6,463.0,7,75,4,2,10.7,5.5,46,38,No,Entertainment,2.3,8,Yes,66.7,3,1.74,No,No,Yes,Low
STU-04672,37,Male,Information Systems,7.4,5.1,145.0,10,70,6,4,8.1,0.4,49,0,No,Entertainment,2.3,6,Yes,82.3,5,2.0,No,Yes,Yes,Low
STU-04673,53,Other,Electrical Engineering,6.6,1.2,423.0,7,77,6,4,1.9,1.7,26,0,Yes,Entertainment,4.5,6,No,89.2,3,2.21,Yes,No,Yes,High
STU-04674,18,Other,Visual Communication Design,6.7,1.6,243.0,4,99,4,3,8.9,1.3,6,112,No,Gaming,6.8,3,No,64.6,4,2.74,No,No,No,Medium
STU-04675,45,Other,Medicine,7.4,2.0,444.0,3,93,2,3,10.7,2.1,35,75,Yes,Gaming,6.8,10,Yes,70.2,2,2.22,Yes,No,No,High
STU-04676,30,Male,Electrical Engineering,7.9,1.8,350.0,10,111,10,4,12.5,5.9,57,38,No,Social Media/Trends,4.5,10,Yes,82.6,7,2.46,Yes,Yes,Yes,Low
STU-04677,19 yrs,Other,Law,9.1,2.4,462.0,5,71,2,4,8.1,0.0,8,38,No,Entertainment,11.4,9,Yes,85.0,3,2.68,Yes,Yes,Yes,Medium
STU-04678,47,Other,Other Program,8.0,4.4,30.0,7,119,5,3,2.8,6.7,11,0,No,Gaming,9.1,6,Yes,67.2,3,2.27,Yes,Yes,No,Low
STU-04682,53,FEMALE,Electrical Engineering,6.7,4.1,425.0,7,73,9,5,11.6,6.7,40,112,Yes,Entertainment,9.1,5,No,67.6,8,2.51,Yes,No,No,Low
STU-04683,50,Male,Biology/Science,5.1,3.7,587.0,9,107,1,6,1.9,3.4,41,112,,Entertainment,4.5,3,No,95.2,0,2.53,No,Yes,Yes,Medium
STU-04684,45,FEMALE,Information Systems,5.5,1.6,366.0,10,112,4,9,12.5,7.6,0,150,Yes,Education,18.2,6,Yes,72.5,6,2.61,Yes,Yes,No,Medium
STU-04685,27,Male,Sports Science,4.7,1.4,578.0,10,106,1,8,15.1,5.1,32,150,No,Gaming,18.2,7,Yes,62.5,5,2.47,Yes,Yes,Yes,Low
STU-04686,23,Other,Other Program,4.8,1.1,529.0,9,99,4,10,12.5,6.7,40,112,No,Entertainment,20.5,5,No,83.2,4,2.74,No,Yes,Yes,Low
STU-04688,18,Male,Law,7.1,0.3,563.0,7,87,10,3,11.6,2.5,1,0,Yes,Education,6.8,1,No,82.6,0,2.57,Yes,Yes,Yes,High
STU-04689,22,Male,Culinary Arts,7.3,0.5,147.0,4,103,9,1,12.5,5.1,54,38,No,News,2.3,8,Yes,,5,2.21,No,No,No,Low
STU-04690,46,Male,Fine Arts,7.0,5.8,150.0,10,112,8,3,7.2,3.4,22,112,Yes,Gaming,2.3,7,Yes,78.7,4,2.52,No,No,Yes,Low
STU-04691,62,Other,Visual Communication Design,8.6,6.0,129.0,7,91,4,2,3.6,3.4,56,0,Yes,Gaming,0.0,8,No,96.7,2,2.72,No,No,No,High
STU-04692,48,Male,Other Program,6.7,3.2,284.0,5,75,7,4,8.9,1.7,19,38,No,,4.5,5,Yes,100.0,2,2.35,Yes,No,Yes,Medium
STU-04696,45,Other,Education,6.0,0.1,270.0,2,85,6,2,2.8,4.2,12,150,No,Gaming,6.8,6,No,83.7,3,2.61,Yes,No,No,Medium
STU-04697,39,Male,Other Program,6.2,5.7,216.0,10,65,3,5,1.9,2.1,41,75,Yes,Education,2.3,9,Yes,77.4,7,2.25,No,No,No,Low
STU-04698,39,Other,Information Systems,6.6,5.9,294.0,6,103,4,4,16.0,4.6,4,38,No,Social Media/Trends,2.3,7,Yes,82.8,1,2.27,No,No,Yes,Low
STU-04699,26,Female,Information Systems,8.4,2.7,164.0,8,70,5,3,13.4,0.0,30,150,No,News,4.5,5,No,62.0,4,2.27,Yes,No,No,High
STU-04700,31,Female,Computer Science,6.4,6.4,150.0,8,74,3,4,8.399999999999999,4.6,0,75,No,Gaming,0.0,9,Yes,79.7,4,2.25,No,No,Yes,Low
STU-04701,49,Other,Biology/Science,4.9,1.1,473.0,8,114,1,10,13.4,6.3,59,112,No,News,13.6,6,Yes,70.2,4,2.73,Yes,Yes,Yes,Low
STU-04702,35,Female,Culinary Arts,8.7,4.5,388.0,7,102,5,3,16.0,5.1,35,0,No,News,6.8,2,No,82.1,5,2.15,Yes,No,No,Medium
STU-04703,51,MALE,Sports Science,6.7,1.2,113.0,9,75,7,5,7.2,2.5,20,38,No,Social Media/Trends,2.3,3,No,82.2,1,2.21,No,Yes,Yes,Medium
STU-04704,55,Female,Other Program,6.7,3.8,218.0,2,103,3,3,2.8,3.8,59,0,No,Social Media/Trends,9.1,3,No,76.8,3,2.78,Yes,No,No,Low
STU-04705,55,male,Nursing,4.9,2.1,382.0,9,95,6,6,2.8,0.4,24,0,No,News,4.5,9,Yes,93.1,4,2.61,Yes,No,No,Low
STU-04706,46,Male,Information Systems,5.6,2.8,114.0,9,70,6,4,11.6,2.1,55,75,No,News,6.8,7,No,93.1,1,2.45,Yes,No,No,Low
STU-04708,44,Female,Electrical Engineering,8.2,1.3,410.0,10,107,4,5,11.6,0.4,32,112,No,Education,2.3,5,No,71.2,1,2.59,Yes,Yes,Yes,Low
STU-04714,18,Female,Information Systems,7.5,2.9,118.0,2,117,2,2,4.5,0.8,6,0,Yes,Entertainment,6.8,3,No,85.4,6,2.77,Yes,Yes,No,Medium
STU-04715,48,Male,Nursing,5.3,4.6,134.0,6,117,2,3,13.4,6.3,42,112,Yes,Gaming,2.3,10,Yes,91.1,4,1.98,No,No,No,Medium
STU-04716,26,Other,Computer Science,4.5,0.2,529.0,10,103,2,10,9.8,2.5,40,75,No,Education,11.4,6,Yes,83.4,3,2.2,Yes,Yes,Yes,Low
STU-04717,22,Male,Electrical Engineering,3.7,2.1,420.0,10,114,1,8,13.4,4.6,52,112,Yes,Education,18.2,8,Yes,60.3,7,2.16,Yes,Yes,No,Low
STU-04718,24,Male,Information Systems,7.7,2.6,357.0,3,94,1,3,1.9,5.1,66,38,No,Social Media/Trends,4.5,5,Yes,,5,2.54,Yes,No,Yes,Low
STU-04719,40,Female,Medicine,6.6,1.7,570.0,8,75,1,6,4.5,0.0,0,75,Yes,Social Media/Trends,2.3,1,No,91.0,1,2.37,No,No,Yes,Medium
STU-04720,30,Male,Other Program,5.2,2.9,22.0,1,100,1,2,6.3,2.1,39,150,Yes,Gaming,11.4,2,No,72.9,0,2.66,No,Yes,No,High
STU-04721,61,Female,Other Program,9.6,2.0,147.0,5,78,9,3,1.0,3.4,35,75,No,Gaming,9.1,4,Yes,83.1,2,2.98,No,No,Yes,High
STU-04723,52,female,Culinary Arts,5.4,2.6,294.0,10,92,7,7,1.0,,52,150,Yes,Gaming,4.5,8,Yes,87.5,5,2.35,Yes,No,No,Low
STU-04724,53,Female,Computer Science,7.8,5.0,260.0,8,95,2,6,2.8,7.6,18,75,Yes,Entertainment,2.3,9,Yes,,2,2.46,No,No,No,Medium
STU-04725,43,Male,Biology/Science,8.1,2.0,315.0,9,76,3,3,16.0,7.6,43,0,No,Education,4.5,5,No,83.1,4,2.17,No,No,Yes,Low
STU-04726,32,Other,Medicine,6.5,1.1,391.0,8,66,2,4,16.0,7.6,24,0,No,Social Media/Trends,0.0,7,Yes,70.5,0,1.88,No,Yes,Yes,Low
STU-04727,49,Female,Culinary Arts,6.2,5.6,203.0,5,91,4,3,1.0,,64,112,Yes,Gaming,0.0,4,No,82.3,2,2.59,No,No,Yes,Medium
STU-04728,46,Other,Nursing,4.8,2.4,154.0,9,60,7,4,8.9,3.4,30,112,Yes,Social Media/Trends,6.8,7,No,98.1,7,2.38,No,Yes,Yes,Medium
STU-04729,62,Other,Visual Communication Design,7.4,2.1,174.0,8,86,6,3,15.1,,77,38,No,Social Media/Trends,4.5,8,Yes,67.2,5,2.01,Yes,Yes,No,Low
STU-04730,57,Other,Other Program,6.3,4.6,105.0,8,82,4,2,16.0,1.7,33,38,Yes,Social Media/Trends,0.0,7,No,83.0,3,2.12,No,Yes,No,Low
STU-04731,38,Female,Law,4.6,0.8,375.0,8,119,4,9,16.0,2.9,41,150,No,Social Media/Trends,18.2,3,No,87.2,2,2.87,No,No,No,Low
STU-04732,60,Male,Electrical Engineering,5.6,1.4,366.0,10,114,5,6,3.6,7.2,48,38,No,Education,11.4,2,No,62.1,5,2.58,Yes,Yes,Yes,Low
STU-04733,61,Male,Medicine,7.3,3.3,352.0,4,105,2,3,1.0,7.6,67,0,Yes,Education,0.0,4,No,82.4,1,2.25,Yes,Yes,No,Medium
STU-04735,48,Female,Visual Communication Design,5.8,0.1,141.0,4,86,1,4,10.7,,0,112,Yes,Education,2.3,3,Yes,84.7,2,2.39,Yes,Yes,Yes,High
STU-04737,38,Female,Education,7.2,3.4,18.0,1,95,1,3,8.9,1.7,40,0,No,Entertainment,6.8,2,No,91.3,4,2.76,Yes,No,No,High
STU-04738,58,Male,Education,6.7,2.4,33.0,5,75,9,3,12.5,2.9,86,150,No,Entertainment,15.9,6,No,72.6,4,2.59,Yes,No,No,Low
STU-04739,28,Female,Biology/Science,5.0,0.9,307.0,8,101,1,9,15.1,6.7,52,75,No,Entertainment,15.9,6,Yes,98.6,7,2.33,No,Yes,Yes,Low
STU-04741,59,MALE,Visual Communication Design,6.1,1.2,67.0,8,101,6,6,11.6,4.6,63,75,Yes,Education,0.0,10,Yes,85.0,6,1.67,No,No,Yes,Low
STU-04742,27,Female,Visual Communication Design,6.1,4.0,92.0,3,83,2,3,16.0,4.6,57,75,Yes,Education,11.4,6,Yes,64.2,1,1.5,Yes,Yes,No,Low
STU-04743,28,Other,Education,7.7,0.0,141.0,3,67,2,2,5.4,7.2,21,112,Yes,Entertainment,0.0,8,Yes,,7,2.51,No,No,Yes,Medium
STU-04744,20,MALE,Fine Arts,7.3,3.2,110.0,2,65,10,5,3.6,0.4,77,75,Yes,Gaming,11.4,8,No,64.1,5,2.16,Yes,No,Yes,Medium
STU-04745,59,Male,Computer Science,7.6,2.7,368.0,4,99,4,2,1.0,6.7,8,0,No,News,18.2,6,Yes,91.4,4,2.34,Yes,Yes,No,Medium
STU-04746,47,Other,Computer Science,3.8,1.1,529.0,10,96,1,8,12.5,4.2,47,75,No,Social Media/Trends,18.2,5,Yes,89.7,2,2.5,Yes,Yes,No,Low
STU-04747,36,Male,Electrical Engineering,7.1,6.4,568.0,5,111,4,2,13.4,5.9,45,150,Yes,News,4.5,9,Yes,73.7,8,2.35,Yes,Yes,No,Medium
STU-04748,26,Female,Nursing,9.2,3.4,224.0,8,116,2,4,9.8,1.7,33,75,Yes,Education,0.0,6,No,84.8,4,2.1,No,Yes,Yes,High
STU-04750,57,Male,Other Program,5.5,0.5,64.0,10,103,10,4,2.8,3.4,115,150,No,Education,4.5,9,No,63.5,5,2.47,Yes,No,No,Low
STU-04752,48,Male,Computer Science,5.3,0.5,242.0,4,71,10,1,6.3,8.0,38,75,Yes,Social Media/Trends,6.8,6,Yes,84.0,3,2.25,No,No,No,Low
STU-04754,23,Other,Biology/Science,8.1,5.1,438.0,3,75,3,3,8.9,5.9,45,150,Yes,Social Media/Trends,4.5,5,Yes,89.7,4,2.59,Yes,No,No,Medium
STU-04755,43,Female,Medicine,6.1,0.3,429.0,6,113,1,5,9.8,8.0,54,38,Yes,Social Media/Trends,4.5,4,Yes,95.3,2,2.45,Yes,No,Yes,Medium
STU-04757,29,Other,Computer Science,7.1,2.5,,2,62,4,1,1.9,6.3,39,150,No,Education,2.3,6,Yes,92.4,4,2.68,No,Yes,No,Low
STU-04758,32,Other,Computer Science,7.4,9.2,131.0,8,96,7,3,13.4,5.9,45,0,No,Social Media/Trends,2.3,5,No,83.0,6,2.33,No,Yes,No,Medium
STU-04759,35,Female,Culinary Arts,8.4,3.1,332.0,5,65,8,3,11.6,4.2,61,150,Yes,Social Media/Trends,2.3,9,Yes,81.8,3,2.11,No,No,Yes,Low
STU-04761,37,Female,Other Program,8.2,2.0,238.0,5,103,3,2,8.9,4.2,55,75,Yes,Entertainment,2.3,7,No,,5,2.46,No,No,No,Medium
STU-04762,32,Other,Computer Science,7.2,2.1,215.0,5,78,7,3,13.4,,0,150,No,Entertainment,13.6,4,No,81.8,0,3.14,Yes,No,Yes,High
STU-04763,51,Other,Electrical Engineering,6.0,3.6,390.0,9,111,2,6,2.8,0.4,71,150,No,Entertainment,4.5,5,No,90.7,6,2.12,Yes,No,No,Medium
STU-04765,63,Female,Nursing,6.5,5.3,262.0,3,78,4,1,15.1,6.3,3,38,Yes,Gaming,0.0,2,Yes,82.3,4,2.23,No,No,Yes,High
STU-04768,30,Male,Electrical Engineering,6.4,1.8,277.0,8,111,4,4,9.8,3.4,53,75,Yes,News,4.5,8,Yes,86.2,0,1.71,Yes,Yes,No,Low
STU-04769,50,Other,Education,6.8,1.8,69.0,9,62,2,5,5.4,0.0,60,38,Yes,Social Media/Trends,4.5,8,Yes,82.6,7,2.32,Yes,No,Yes,Medium
STU-04771,20,Male,Computer Science,6.8,0.8,266.0,4,86,8,2,10.7,4.2,79,0,Yes,Entertainment,15.9,6,Yes,98.2,2,2.6,Yes,Yes,No,Medium
STU-04772,32,Other,Medicine,9.9,1.3,441.0,10,84,1,4,8.9,3.4,37,38,No,Gaming,0.0,7,Yes,92.3,3,2.3,No,No,Yes,Medium
STU-04774,41,Female,Education,5.7,3.7,236.0,2,89,8,2,4.5,5.1,24,75,No,Education,2.3,8,Yes,62.9,4,1.87,No,Yes,No,Low
STU-04775,58,Female,Nursing,5.1,2.1,195.0,2,71,3,3,11.6,5.5,31,75,Yes,Education,13.6,9,No,94.7,6,2.44,Yes,Yes,Yes,Low
STU-04776,45,Male,Sports Science,7.0,2.2,127.0,2,70,10,2,1.0,1.7,57,38,Yes,Education,4.5,7,Yes,67.7,5,2.54,Yes,No,Yes,Low
STU-04777,21,Male,Computer Science,7.1,3.2,285.0,9,77,7,4,4.5,1.3,67,75,Yes,News,4.5,7,Yes,65.1,4,2.21,No,Yes,No,Low
STU-04778,31,Male,Nursing,6.2,5.8,245.0,9,102,3,5,8.9,2.1,0,0,Yes,Social Media/Trends,6.8,4,No,72.4,1,1.96,Yes,Yes,No,High
STU-04779,63,Male,Sports Science,7.1,2.5,220.0,7,97,1,3,8.1,6.3,78,112,No,Social Media/Trends,6.8,4,No,76.0,4,2.13,Yes,Yes,Yes,Low
STU-04780,21,Female,Culinary Arts,6.7,3.6,388.0,3,79,9,4,14.2,,76,0,Yes,Education,9.1,8,Yes,,4,2.73,Yes,Yes,Yes,Low
STU-04781,31,Male,Nursing,8.5,3.2,139.0,10,90,3,4,3.6,,0,150,No,Social Media/Trends,2.3,10,Yes,78.0,10,2.3,No,No,Yes,Low
STU-04782,63,Male,Fine Arts,6.2,0.7,104.0,8,68,3,5,13.4,6.3,56,150,No,Gaming,2.3,3,Yes,92.9,4,2.2,Yes,No,No,Low
STU-04783,44,Female,Fine Arts,6.4,4.5,60.0,10,81,4,3,15.1,3.4,17,150,No,Gaming,0.0,8,Yes,80.7,5,2.11,No,No,Yes,Low
STU-04785,44,Other,Sports Science,6.4,1.0,107.0,2,70,9,1,16.0,2.9,64,112,No,Education,2.3,9,Yes,76.6,5,2.24,No,Yes,No,Low
STU-04787,57,Other,Information Systems,6.6,3.5,234.0,5,117,7,3,13.4,2.9,0,75,Yes,News,6.8,5,No,76.5,1,2.37,Yes,Yes,Yes,High
STU-04788,47,Male,Information Systems,5.4,0.6,109.0,6,60,2,4,13.4,2.5,18,150,No,Education,0.0,1,No,79.1,4,2.06,No,Yes,No,Medium
STU-04789,32,FEMALE,Culinary Arts,6.3,1.7,346.0,3,99,2,3,12.5,1.3,9,112,Yes,News,4.5,6,No,83.4,6,2.31,No,Yes,No,High
STU-04790,38,Other,Other Program,7.8,5.1,12.0,7,82,3,4,11.6,0.4,42,75,No,Education,4.5,4,No,76.8,5,2.15,Yes,Yes,Yes,High
STU-04791,20,Male,Computer Science,8.3,0.0,224.0,2,111,3,1,5.4,0.4,0,0,No,Education,0.0,5,No,85.5,3,2.81,No,Yes,Yes,High
STU-04792,34,Other,Law,4.3,1.2,339.0,8,115,4,9,12.5,6.3,42,112,No,Gaming,15.9,6,No,73.3,0,2.55,Yes,No,No,Low
STU-04793,64,Other,Other Program,5.3,0.2,229.0,4,71,3,3,4.5,3.4,71,150,No,News,2.3,5,No,67.9,3,2.54,No,Yes,Yes,Low
STU-04794,29,Other,Fine Arts,4.3,4.2,149.0,5,84,2,3,7.2,3.8,42,38,No,Entertainment,2.3,6,Yes,85.9,1,2.65,No,No,Yes,Low
STU-04795,30,FEMALE,Fine Arts,4.6,1.8,433.0,10,105,4,10,9.8,8.0,18,150,No,Gaming,15.9,8,No,77.6,5,2.69,Yes,Yes,No,Low
STU-04796,26,Male,Computer Science,8.6,2.3,127.0,7,61,1,5,1.0,3.8,57,150,No,Entertainment,13.6,8,No,77.3,2,2.58,Yes,No,Yes,Medium
STU-04798,23,Male,Medicine,7.2,0.9,502.0,2,96,2,4,5.4,4.2,8,75,Yes,Education,0.0,7,No,79.0,5,2.08,No,Yes,No,Medium
STU-04799,31,Female,Culinary Arts,7.4,2.0,354.0,2,81,10,3,14.2,7.2,50,150,No,News,6.8,1,No,64.4,3,2.4,Yes,No,No,Low
STU-04800,42,Other,Electrical Engineering,4.9,4.1,582.0,3,79,5,3,15.1,2.5,1,75,Yes,News,,8,Yes,84.2,7,1.89,Yes,No,Yes,Low
STU-04801,31,Female,Visual Communication Design,3.9,0.8,,8,106,3,8,8.1,3.4,63,150,No,News,15.9,7,Yes,76.1,3,2.83,Yes,No,Yes,Low
STU-04802,26,Male,Visual Communication Design,6.7,2.9,79.0,4,67,6,1,5.4,7.6,56,38,No,Education,2.3,6,Yes,86.0,4,2.83,Yes,No,No,Low
STU-04804,36,Female,Fine Arts,6.8,2.6,241.0,5,114,1,4,11.6,5.5,4,150,No,Social Media/Trends,9.1,4,Yes,84.6,1,2.7,Yes,Yes,Yes,Medium
STU-04805,22,Male,Fine Arts,7.6,4.0,257.0,7,113,1,4,15.1,2.9,0,75,Yes,Gaming,9.1,10,Yes,77.2,6,2.06,Yes,Yes,Yes,Low
STU-04806,53,Other,Law,7.6,1.8,,1,67,6,2,2.8,7.2,39,0,Yes,Social Media/Trends,2.3,8,Yes,89.1,3,2.47,No,No,No,Medium
STU-04809,38,Other,Visual Communication Design,7.4,0.7,261.0,1,81,9,1,10.7,1.7,34,38,Yes,News,9.1,6,No,69.6,3,2.04,Yes,No,No,High
STU-04810,26,Male,Other Program,4.9,0.7,315.0,8,105,4,9,8.9,7.2,21,75,No,Social Media/Trends,18.2,3,No,81.2,2,2.63,Yes,Yes,Yes,Low
STU-04811,18,Other,Law,8.7,4.3,446.0,5,66,3,3,12.5,0.4,61,150,Yes,News,11.4,3,No,99.3,4,2.67,Yes,Yes,No,High
STU-04812,56,Female,Fine Arts,5.4,8.2,119.0,2,114,6,4,6.3,7.6,6,0,Yes,Gaming,2.3,6,No,80.6,4,2.09,Yes,No,Yes,Low
STU-04813,32,Other,Medicine,7.4,1.9,543.0,9,72,7,5,4.5,5.1,41,0,No,News,6.8,3,No,86.0,2,2.93,Yes,No,Yes,Medium
STU-04814,20,Other,Fine Arts,7.7,0.6,249.0,10,116,8,4,1.9,4.2,81,38,No,News,2.3,8,Yes,86.8,5,2.3,No,Yes,No,Low
STU-04815,57,MALE,Visual Communication Design,6.1,2.0,161.0,1,60,1,1,3.6,1.3,38,112,No,Gaming,0.0,3,Yes,80.8,4,2.76,No,No,Yes,High
STU-04816,52,Female,Computer Science,5.5,2.3,198.0,8,91,6,4,8.1,4.2,13,0,No,Education,2.3,5,No,91.4,5,2.62,No,Yes,Yes,Low
STU-04817,26,Male,Sports Science,6.8,1.3,196.0,7,90,1,5,10.7,2.5,42,75,No,Gaming,4.5,4,No,76.7,4,2.12,Yes,Yes,No,Medium
STU-04818,41,Other,Education,8.3,2.5,205.0,7,101,4,5,13.5,1.7,60,38,Yes,Social Media/Trends,13.6,6,Yes,82.2,4,2.73,Yes,No,No,High
STU-04819,19,male,Computer Science,8.4,5.1,264.0,5,97,2,3,9.8,0.0,60,0,No,Education,0.0,9,Yes,100.0,4,2.23,No,Yes,Yes,Medium
STU-04820,37,Other,Information Systems,7.2,1.0,299.0,10,105,5,5,8.1,1.7,0,38,Yes,News,11.4,2,No,100.0,3,3.23,Yes,Yes,Yes,High
STU-04821,21,Other,Sports Science,7.7,5.9,274.0,6,86,2,4,3.6,6.3,49,75,Yes,Social Media/Trends,9.1,6,Yes,74.6,7,2.65,Yes,Yes,Yes,Low
STU-04822,53,Male,Sports Science,6.7,3.8,142.0,10,113,3,4,13.4,8.0,86,150,No,Social Media/Trends,9.1,6,Yes,64.6,2,2.28,Yes,Yes,Yes,Low
STU-04823,50,Female,Visual Communication Design,7.1,4.4,73.0,6,83,6,4,1.0,8.0,38,150,No,Social Media/Trends,0.0,8,Yes,96.8,5,2.27,No,No,Yes,Low
STU-04824,52,Male,Electrical Engineering,7.2,3.7,370.0,8,114,4,4,1.9,5.9,2,-5,No,News,2.3,7,No,86.6,6,2.43,No,No,No,Low
STU-04825,56,Male,Nursing,6.5,3.9,221.0,9,104,1,5,16.0,7.6,56,38,No,News,13.6,7,No,88.7,7,2.58,Yes,Yes,Yes,Low
STU-04826,43,Other,Computer Science,3.8,0.1,301.0,8,91,4,8,13.4,3.4,0,150,No,Entertainment,13.6,8,Yes,71.8,5,3.05,Yes,Yes,No,Low
STU-04828,35,Male,Information Systems,4.5,1.3,324.0,8,106,2,9,14.2,5.1,46,150,No,News,11.4,10,Yes,72.8,4,2.0,Yes,Yes,Yes,Low
STU-04829,37,Female,Medicine,7.0,5.8,425.0,9,85,2,3,2.8,7.6,39,112,Yes,Education,4.5,8,Yes,70.5,7,2.51,Yes,Yes,No,Low
STU-04830,42,Other,Visual Communication Design,6.0,2.1,126.0,8,108,1,5,11.6,5.9,21,75,No,News,11.4,8,No,80.7,5,2.36,Yes,No,Yes,Low
STU-04831,31,Female,Visual Communication Design,6.9,1.1,294.0,10,88,8,4,5.4,7.6,41,0,Yes,News,6.8,1,No,62.6,0,2.57,Yes,Yes,Yes,Low
STU-04832,29,Male,Culinary Arts,6.7,2.4,376.0,4,62,4,5,2.8,0.8,51,38,No,Entertainment,2.3,7,Yes,72.0,0,2.66,No,Yes,No,Low
STU-04834,18,female,Medicine,7.2,1.8,332.0,7,69,4,4,1.9,5.5,41,75,Yes,Gaming,6.8,2,No,80.8,2,2.76,Yes,No,No,High
STU-04835,35,Female,Culinary Arts,4.8,2.1,264.0,5,117,1,3,8.9,8.0,1,0,Yes,Education,11.4,6,No,82.3,3,2.52,Yes,Yes,No,Medium
STU-04837,18,Male,Computer Science,5.8,2.3,,9,75,1,5,14.2,3.8,35,75,No,Education,9.1,6,Yes,87.6,4,2.7,No,No,No,Low
STU-04838,19,Male,Biology/Science,6.9,0.2,360.0,6,62,6,4,3.6,0.0,15,0,Yes,Education,0.0,5,Yes,96.7,1,2.57,Yes,No,Yes,High
STU-04840,38,Male,Sports Science,8.2,4.9,280.0,5,88,3,2,16.0,0.0,62,0,No,Education,2.3,8,Yes,79.2,4,2.59,Yes,Yes,No,Medium
STU-04841,43,FEMALE,Fine Arts,7.3,4.3,163.0,6,107,10,4,7.2,4.6,0,38,Yes,Social Media/Trends,0.0,6,Yes,71.0,4,2.37,No,Yes,Yes,Medium
STU-04842,38,Male,Electrical Engineering,6.7,5.8,377.0,7,63,4,4,16.0,2.5,41,150,Yes,Gaming,2.3,6,No,,6,2.18,No,No,Yes,Medium
STU-04844,20,Other,Nursing,8.4,5.2,342.0,4,118,3,1,1.0,4.2,49,112,No,Gaming,2.3,4,No,100.0,1,2.37,No,Yes,Yes,Low
STU-04845,39,Other,Biology/Science,8.6,4.7,563.0,10,96,3,6,8.1,3.8,21,150,Yes,Education,2.3,4,No,86.4,4,2.58,Yes,Yes,No,High
STU-04846,55,Female,Biology/Science,7.2,3.8,448.0,7,113,3,6,14.2,7.2,78,112,No,News,2.3,6,No,72.7,3,2.06,No,No,Yes,Low
STU-04847,22,Other,Other Program,7.3,5.5,265.0,6,61,9,4,1.0,1.7,57,112,Yes,News,2.3,6,No,77.2,4,2.28,Yes,Yes,No,Medium
STU-04849,38,Other,Fine Arts,7.3,6.5,284.0,6,75,8,4,12.5,0.4,29,38,No,,0.0,8,Yes,73.4,7,2.08,No,Yes,No,Low
STU-04850,19,Other,Education,8.4,4.4,158.0,10,114,2,5,9.8,6.3,60,150,No,News,4.5,3,No,92.9,3,2.76,No,No,Yes,Medium
STU-04851,27,Female,Other Program,9.8,3.2,26.0,9,98,8,4,10.7,,0,75,Yes,Gaming,11.4,10,Yes,64.1,7,1.73,Yes,Yes,No,Low
STU-04852,48,Other,Nursing,7.4,4.8,210.0,3,73,9,4,8.9,1.7,0,150,No,Entertainment,6.8,7,Yes,90.1,5,2.39,Yes,Yes,Yes,Medium
STU-04853,40,Other,Other Program,6.4,3.5,49.0,1,104,3,1,14.2,1.7,30,150,No,Entertainment,2.3,5,No,97.9,6,2.4,No,Yes,Yes,Low
STU-04854,59,Other,Information Systems,6.5,4.0,145.0,7,75,10,5,10.7,2.5,27,112,Yes,Entertainment,6.8,5,Yes,83.2,2,2.57,Yes,No,Yes,Medium
STU-04855,26,Female,Sports Science,8.2,3.0,285.0,2,102,8,2,5.4,3.4,32,75,Yes,Education,4.5,4,No,,4,2.86,No,Yes,Yes,High
STU-04856,30,Female,Education,6.6,5.4,205.0,5,108,10,2,5.4,0.4,55,75,Yes,Entertainment,4.5,7,Yes,79.4,2,2.16,No,No,Yes,High
STU-04857,51,Female,Nursing,7.1,3.0,102.0,3,69,5,1,11.6,0.4,26,0,No,Gaming,6.8,3,No,95.3,5,2.51,Yes,No,No,High
STU-04858,30,male,Information Systems,8.7,4.6,273.0,7,115,1,1,9.8,1.3,65,38,No,News,9.1,8,No,78.2,7,2.43,Yes,No,No,Low
STU-04859,32,male,Other Program,7.0,3.9,106.0,6,71,5,5,7.2,8.0,72,0,No,Gaming,6.8,10,Yes,82.6,4,2.22,Yes,No,Yes,Low
STU-04860,43,Male,Education,7.1,3.7,210.0,9,90,6,6,5.4,0.0,56,0,No,Education,0.0,4,No,80.8,2,2.15,No,Yes,Yes,Low
STU-04861,35,Male,Education,7.3,4.0,24.0,6,108,4,5,11.6,3.8,1,150,,News,9.1,3,Yes,77.9,4,2.76,Yes,Yes,Yes,High
STU-04862,59,Female,Nursing,6.7,2.9,393.0,2,117,6,2,12.5,2.9,48,112,Yes,News,9.1,4,No,89.5,6,2.47,No,No,Yes,High
STU-04863,43,Male,Medicine,6.2,1.3,518.0,10,69,2,6,5.4,4.6,0,75,Yes,News,13.6,10,Yes,64.8,3,2.41,Yes,No,No,High
STU-04864,42,Female,Visual Communication Design,6.6,3.2,225.0,5,115,3,3,15.1,7.6,38,112,No,Education,6.8,2,No,90.4,4,2.53,Yes,No,Yes,Low
STU-04865,39,Male,Fine Arts,7.6,3.7,116.0,7,67,6,5,13.4,3.4,64,150,No,News,9.1,4,No,91.1,4,2.67,Yes,No,No,Low
STU-04866,40,Male,Information Systems,7.2,4.5,248.0,1,115,6,1,8.1,3.4,0,0,No,Education,2.3,1,No,77.5,2,2.9,No,No,No,Medium
STU-04867,38,MALE,Fine Arts,7.3,2.1,234.0,10,63,6,2,7.2,5.9,42,75,No,Social Media/Trends,0.0,7,Yes,81.3,5,2.72,No,No,No,Low
STU-04870,41,Male,Culinary Arts,6.7,2.1,270.0,5,107,2,3,10.7,5.5,7,112,Yes,Education,0.0,6,Yes,94.5,3,2.12,No,Yes,No,Low
STU-04871,40,Female,Sports Science,6.8,2.6,58.0,5,118,6,2,16.0,2.5,31,75,No,News,0.0,2,No,85.8,4,2.02,No,Yes,No,Medium
STU-04872,48,Male,Culinary Arts,6.1,1.1,392.0,8,102,8,5,3.6,7.2,66,0,Yes,News,4.5,5,Yes,,7,2.76,Yes,Yes,No,Medium
STU-04873,52,Male,Medicine,7.2,3.2,535.0,2,92,9,3,15.1,8.0,14,75,Yes,Education,2.3,4,No,72.0,3,2.27,No,No,No,High
STU-04874,27,Female,Visual Communication Design,5.8,1.5,235.0,1,93,8,1,10.7,5.9,44,38,No,Social Media/Trends,4.5,5,No,76.8,5,2.35,No,No,No,Medium
STU-04876,19,Male,Computer Science,7.0,2.5,342.0,7,71,6,5,8.1,5.1,42,112,Yes,News,2.3,8,No,74.6,6,2.05,Yes,Yes,No,Medium
STU-04877,58,Other,Information Systems,6.4,3.1,283.0,2,98,2,1,1.9,1.7,0,38,Yes,News,0.0,8,Yes,71.7,2,2.34,No,Yes,Yes,High
STU-04878,50,Male,Medicine,6.0,2.9,518.0,2,73,5,3,9.8,3.4,0,150,Yes,News,15.9,5,No,78.4,3,2.53,Yes,Yes,No,High
STU-04880,46,Other,Electrical Engineering,6.8,2.5,487.0,10,99,7,5,9.8,4.6,3,75,No,Entertainment,0.0,6,Yes,91.3,4,2.49,No,No,No,Medium
STU-04881,38,Male,Medicine,4.3,0.8,,9,107,1,9,8.9,5.5,9,75,No,News,18.2,6,Yes,78.7,1,2.52,Yes,Yes,No,Low
STU-04882,31,Female,Culinary Arts,7.6,3.5,389.0,2,98,3,1,9.8,3.4,46,150,No,Social Media/Trends,4.5,10,Yes,75.6,4,2.08,Yes,No,No,Low
STU-04884,19,Female,Electrical Engineering,8.3,2.7,416.0,4,115,3,3,14.2,3.4,35,38,No,Social Media/Trends,6.8,5,No,75.2,7,2.32,Yes,Yes,No,Low
STU-04885,27,Male,Education,7.1,3.3,254.0,4,116,1,4,15.1,6.3,41,112,No,Gaming,4.5,6,No,89.9,2,2.37,No,Yes,No,Low
STU-04886,32,Male,Culinary Arts,5.3,1.2,187.0,10,62,8,3,15.1,0.0,4,38,No,Social Media/Trends,2.3,8,Yes,92.1,7,3.08,No,No,Yes,Medium
STU-04887,63,Female,Other Program,6.6,1.9,49.0,6,119,8,3,5.4,,57,150,No,Social Media/Trends,11.4,1,No,86.7,1,2.84,Yes,No,No,Low
STU-04889,39,Other,Other Program,4.7,0.0,357.0,9,101,2,8,11.6,5.1,89,75,No,Education,18.2,6,Yes,77.3,3,2.54,Yes,Yes,Yes,Low
STU-04890,29,Male,Education,5.8,3.8,7.0,10,106,6,4,8.1,0.4,20,38,No,Social Media/Trends,11.4,6,Yes,67.1,2,2.24,Yes,No,Yes,Low
STU-04891,29,Female,Information Systems,5.6,6.9,234.0,3,84,8,3,10.7,6.7,5,112,No,Social Media/Trends,6.8,8,Yes,87.6,4,2.16,No,No,No,Low
STU-04892,33,Male,Biology/Science,7.3,2.1,575.0,6,64,10,5,12.5,2.9,14,0,Yes,Social Media/Trends,2.3,4,No,94.1,5,2.56,No,Yes,No,High
STU-04893,54,Female,Culinary Arts,5.6,1.7,139.0,8,94,8,5,4.5,7.6,3,75,Yes,Education,4.5,4,No,75.6,2,2.45,No,Yes,Yes,Medium
STU-04895,22,Other,Education,6.5,1.4,102.0,2,104,4,2,4.5,5.9,42,0,No,Education,4.5,8,Yes,84.9,5,2.34,Yes,Yes,No,Low
STU-04897,39,Male,Electrical Engineering,6.5,2.3,,5,116,7,3,7.2,5.5,50,38,Yes,Social Media/Trends,2.3,8,Yes,71.4,5,2.22,No,No,No,Low
STU-04898,26,Other,Nursing,7.3,4.5,379.0,6,113,5,3,3.6,1.7,56,112,No,Education,4.5,5,Yes,95.6,3,2.56,No,Yes,No,Low
STU-04900,56,Female,Computer Science,6.8,0.7,289.0,3,102,3,5,16.0,6.3,66,0,No,Education,2.3,10,Yes,69.8,3,1.78,No,No,Yes,Low
STU-04901,18,Female,Nursing,5.9,3.8,267.0,1,102,9,2,8.1,1.3,27,0,Yes,Entertainment,2.3,9,No,74.3,5,2.3,No,No,No,Medium
STU-04903,30,Male,Law,5.8,0.7,,9,119,2,10,9.8,3.8,40,112,No,Social Media/Trends,20.5,2,No,81.1,4,2.74,Yes,Yes,Yes,Low
STU-04904,60,Female,Visual Communication Design,6.9,1.3,255.0,4,63,1,2,1.0,8.0,30,38,Yes,Entertainment,9.1,6,No,88.9,2,2.56,Yes,No,Yes,Medium
STU-04905,34,Female,Sports Science,7.5,0.7,277.0,10,64,8,5,8.9,3.8,9,112,No,Entertainment,4.5,8,No,70.3,4,1.97,Yes,No,No,Low
STU-04907,34,Male,Computer Science,8.7,3.3,306.0,4,66,5,3,14.2,3.4,39,38,No,,0.0,10,Yes,78.8,2,2.28,No,Yes,Yes,Low
STU-04909,53,Female,Medicine,4.4,7.0,331.0,9,111,5,6,1.0,0.8,30,75,Yes,Entertainment,9.1,1,No,75.6,4,3.07,Yes,No,No,Medium
STU-04911,44,Male,Sports Science,5.9,9.0,237.0,4,88,2,3,5.4,1.3,8,0,No,Entertainment,0.0,5,Yes,66.6,4,2.21,No,Yes,Yes,Low
STU-04914,49,MALE,Culinary Arts,7.3,0.8,163.0,7,104,7,4,11.6,3.4,48,38,Yes,Entertainment,6.8,4,No,94.9,1,2.07,Yes,Yes,Yes,Medium
STU-04915,40,Other,Information Systems,6.6,4.3,,1,119,6,3,13.4,0.0,70,38,No,Social Media/Trends,13.6,1,No,100.0,2,2.8,Yes,No,No,High
STU-04916,42,Other,Sports Science,6.3,4.1,299.0,10,113,7,6,7.2,2.5,49,150,Yes,News,0.0,6,No,72.4,2,2.17,Yes,Yes,Yes,Low
STU-04917,38,Male,Electrical Engineering,6.5,0.9,,5,102,3,4,11.6,4.2,33,75,Yes,Social Media/Trends,0.0,9,Yes,75.5,6,2.72,No,No,Yes,Low
STU-04918,43,Male,Visual Communication Design,6.7,2.5,287.0,1,117,4,2,5.4,0.4,40,0,No,Education,4.5,6,No,85.2,4,2.15,Yes,No,No,Low
STU-04919,49,Male,Fine Arts,5.1,0.8,274.0,6,68,7,4,14.2,0.8,32,38,No,News,6.8,2,No,79.5,3,2.91,Yes,Yes,Yes,Low
STU-04920,45,Other,Fine Arts,4.9,3.5,58.0,1,91,3,2,3.6,5.1,30,150,No,Entertainment,2.3,8,Yes,58.5,5,2.2,No,Yes,No,Low
STU-04922,47,Female,Sports Science,5.9,6.5,289.0,10,112,2,5,8.1,0.4,0,150,Yes,News,2.3,6,Yes,90.1,3,2.41,No,No,Yes,High
STU-04923,28,Male,Law,7.3,5.8,524.0,4,68,7,5,16.0,5.1,24,38,Yes,Gaming,,1,Yes,88.2,3,2.49,Yes,No,Yes,High
STU-04924,21,Other,Nursing,7.3,0.9,261.0,6,90,10,2,11.6,6.3,31,150,Yes,News,15.9,9,Yes,63.8,4,2.15,Yes,No,Yes,Medium
STU-04925,40,Other,Nursing,7.2,2.5,254.0,3,60,2,2,10.7,0.4,47,0,No,Social Media/Trends,0.0,2,No,100.0,5,2.26,No,Yes,Yes,Medium
STU-04926,30,Other,Computer Science,8.0,3.9,269.0,1,87,10,2,1.9,2.9,58,38,No,Education,0.0,4,Yes,79.9,1,2.28,No,Yes,Yes,Medium
STU-04927,33,Female,Law,7.8,1.0,,10,75,9,7,1.0,2.9,64,0,Yes,Education,2.3,3,No,54.7,3,2.27,No,No,Yes,Low
STU-04929,42,Other,Visual Communication Design,7.2,4.1,185.0,3,103,7,3,11.6,0.4,25,0,No,Gaming,2.3,4,No,75.1,5,2.44,No,No,No,Low
STU-04931,64,Other,Fine Arts,5.5,2.0,271.0,9,65,9,6,16.0,4.2,7,150,No,Entertainment,11.4,5,No,63.6,4,2.37,Yes,No,No,Low
STU-04932,62,MALE,Medicine,6.8,1.7,332.0,8,95,3,4,5.4,6.3,68,0,Yes,Gaming,2.3,3,No,85.8,2,2.58,No,No,No,Low
STU-04933,53,Female,Sports Science,6.4,1.3,55.0,3,73,2,3,8.1,6.7,35,150,No,Entertainment,2.3,10,Yes,85.1,6,1.71,No,No,Yes,Low
STU-04935,25,Female,Nursing,3.9,0.1,541.0,10,109,1,10,16.0,,17,150,No,News,18.2,1,No,97.0,3,2.58,Yes,Yes,No,Low
STU-04936,40,Other,Nursing,8.4,1.9,188.0,6,115,3,3,1.9,5.1,31,150,No,Entertainment,0.0,1,No,82.2,2,2.61,Yes,Yes,No,High
STU-04938,43,Other,Electrical Engineering,7.0,0.8,526.0,10,98,6,7,9.8,7.2,52,75,No,Education,13.6,8,Yes,77.1,0,2.15,Yes,Yes,Yes,Low
STU-04939,62,Male,Culinary Arts,7.3,5.9,282.0,2,84,6,3,9.8,5.1,51,-5,No,News,6.8,7,Yes,66.0,3,2.54,Yes,No,No,Low
STU-04940,62,Male,Culinary Arts,4.4,3.9,187.0,2,64,3,5,3.6,6.3,10,38,Yes,Education,4.5,6,No,97.8,5,2.05,Yes,No,Yes,Low
STU-04941,23,Other,Law,7.7,2.1,360.0,6,90,4,4,1.9,5.1,57,38,Yes,Entertainment,15.9,7,Yes,62.9,4,2.98,Yes,Yes,No,Medium
STU-04942,36,MALE,Nursing,6.0,4.8,245.0,10,78,3,6,4.5,0.0,37,112,Yes,Gaming,2.3,8,Yes,99.0,4,2.62,Yes,No,Yes,Low
STU-04943,36,Female,Fine Arts,7.5,2.1,184.0,3,114,5,3,16.0,5.1,20,150,Yes,Education,2.3,6,No,99.1,5,1.95,No,No,Yes,Medium
STU-04944,36,Other,Information Systems,5.2,7.9,312.0,8,93,5,6,13.4,2.5,38,150,No,Gaming,6.8,4,No,85.9,8,2.68,Yes,Yes,Yes,Low
STU-04945,55,Female,Visual Communication Design,6.0,4.3,120.0,2,99,2,3,7.2,0.4,29,0,No,Education,0.0,4,No,92.0,3,2.86,Yes,No,No,Low
STU-04946,19,Male,Law,7.7,1.6,284.0,8,84,10,3,8.1,6.7,1,38,Yes,Education,2.3,6,No,94.9,5,2.37,No,Yes,Yes,Medium
STU-04947,49,Female,Information Systems,7.2,1.7,399.0,6,94,5,4,8.1,1.7,21,75,Yes,Social Media/Trends,2.3,4,No,79.3,3,2.53,No,No,No,High
STU-04948,32,Other,Fine Arts,6.9,3.1,120.0,10,115,8,4,1.9,7.2,55,38,Yes,Education,4.5,7,Yes,70.5,5,2.21,No,Yes,No,Low
STU-04949,41,Male,Law,5.9,1.5,303.0,9,87,10,5,14.2,0.8,17,75,No,Social Media/Trends,2.3,7,Yes,92.0,5,1.81,Yes,No,No,Low
STU-04950,21,Other,Electrical Engineering,7.8,4.0,360.0,10,83,10,5,3.6,5.5,42,0,No,Entertainment,6.8,3,No,86.2,0,2.56,Yes,No,Yes,Low
STU-04952,49,Male,Nursing,5.4,1.0,295.0,4,112,6,5,11.6,2.9,68,150,No,Education,0.0,9,Yes,70.3,4,1.94,No,Yes,No,Low
STU-04953,35,Male,Culinary Arts,7.4,5.4,176.0,10,91,10,5,6.3,5.9,38,150,Yes,Social Media/Trends,4.5,4,No,,5,2.59,No,No,Yes,Medium
STU-04954,46,Other,Medicine,6.2,0.8,,2,103,4,4,7.2,2.5,68,0,No,News,0.0,5,No,80.7,3,2.71,No,No,No,Low
STU-04955,54,Other,Fine Arts,7.4,1.3,254.0,3,80,7,3,6.3,4.2,70,112,Yes,Education,2.3,1,No,83.9,5,2.81,No,No,Yes,High
STU-04956,21,Other,Information Systems,6.4,3.8,125.0,10,95,3,4,12.5,8.0,26,38,Yes,News,20.5,1,Yes,85.9,5,3.05,Yes,No,No,Medium
STU-04957,42,Other,Electrical Engineering,7.5,1.2,588.0,2,113,2,3,8.9,2.5,68,75,Yes,Social Media/Trends,2.3,7,No,79.8,6,1.72,No,No,Yes,Medium
STU-04958,20,Male,Medicine,5.8,0.4,361.0,9,98,1,8,12.5,6.3,79,150,Yes,Social Media/Trends,13.6,4,No,79.0,3,2.76,Yes,No,Yes,Low
STU-04959,47,Other,Law,6.9,4.1,323.0,1,101,2,3,8.1,4.2,13,38,No,Entertainment,13.6,5,No,80.8,3,2.57,Yes,No,Yes,Medium
STU-04961,27,Female,Law,5.9,5.7,338.0,7,78,6,5,13.4,5.5,95,150,,News,0.0,7,Yes,81.0,4,2.27,No,Yes,No,Low
STU-04962,63,Male,Medicine,5.8,1.2,250.0,2,69,2,2,8.1,0.8,22,150,No,News,4.5,3,No,,6,2.8,No,No,No,Medium
STU-04963,49,Male,Education,5.9,6.3,159.0,6,96,7,4,5.4,2.9,40,75,No,Gaming,2.3,10,Yes,85.6,3,2.52,No,No,No,Low
STU-04965,36,Male,Sports Science,9.2,4.2,73.0,7,102,5,4,3.6,5.9,38,75,Yes,Entertainment,2.3,1,No,83.2,0,3.03,Yes,No,Yes,High
STU-04966,45,Other,Biology/Science,5.4,2.0,498.0,5,69,7,6,8.1,2.1,12,112,Yes,Education,2.3,5,No,71.0,3,2.09,Yes,Yes,Yes,Medium
STU-04967,27,Male,Computer Science,7.6,2.0,327.0,1,102,10,1,3.6,2.9,70,0,No,Social Media/Trends,9.1,8,No,81.9,3,2.28,No,Yes,Yes,Medium
STU-04968,44,Male,Electrical Engineering,6.8,3.2,404.0,9,72,10,5,5.4,2.5,7,75,No,Entertainment,9.1,5,No,,6,2.38,Yes,No,Yes,Low
STU-04969,60,Male,Nursing,5.4,4.3,301.0,10,91,2,6,6.3,2.5,0,38,Yes,Education,18.2,3,No,75.3,3,3.26,Yes,No,Yes,Medium
STU-04970,23,Other,Medicine,8.1,1.6,287.0,10,68,7,6,12.5,0.4,0,0,No,Education,2.3,3,No,,2,2.49,No,No,No,High
STU-04971,25,Female,Information Systems,4.7,1.3,391.0,10,97,2,10,11.6,5.9,37,112,No,Social Media/Trends,13.6,1,No,56.8,0,2.45,Yes,Yes,Yes,Low
STU-04972,64,Male,Biology/Science,5.7,2.3,374.0,2,105,8,1,10.7,7.6,15,112,No,Education,4.5,4,No,72.0,1,2.44,No,No,Yes,Low
STU-04973,44,Female,Computer Science,6.7,4.4,221.0,9,99,1,4,1.9,0.8,0,0,No,News,4.5,5,No,82.7,6,2.61,No,Yes,Yes,Medium
STU-04974,19,Female,Other Program,7.4,4.0,77.0,7,90,3,6,13.4,7.2,76,0,No,Social Media/Trends,0.0,8,Yes,80.8,5,1.78,No,No,Yes,Low
STU-04975,47,Female,Biology/Science,6.7,3.1,490.0,8,92,1,4,3.6,2.9,52,38,Yes,News,2.3,6,Yes,76.7,0,2.32,Yes,No,Yes,Low
STU-04978,52,Female,Information Systems,7.7,0.2,320.0,5,99,4,3,11.6,1.7,45,75,No,Entertainment,9.1,6,Yes,68.9,5,2.72,Yes,Yes,No,Low
STU-04979,63,Other,Biology/Science,4.6,0.4,323.0,7,80,1,5,13.4,1.7,43,38,No,Entertainment,0.0,6,No,77.1,7,2.29,No,Yes,No,Low
STU-04980,56,Male,Nursing,6.1,2.3,200.0,7,88,10,3,10.7,8.0,14,75,Yes,News,4.5,7,Yes,72.3,5,2.34,No,Yes,Yes,Low
STU-04981,26,Male,Sports Science,7.6,3.7,272.0,9,65,2,5,11.6,2.1,0,0,Yes,Education,2.3,3,Yes,64.7,7,2.49,Yes,No,No,High
STU-04982,29,Male,Nursing,6.4,4.6,352.0,5,92,2,3,8.9,3.8,40,0,Yes,Social Media/Trends,6.8,4,No,68.0,6,2.32,No,Yes,No,Medium
STU-04983,44,Female,Other Program,8.2,0.9,177.0,10,87,6,5,10.7,1.3,32,112,No,Entertainment,2.3,1,No,99.1,5,2.55,No,Yes,Yes,Medium
STU-04984,46,Female,Education,6.8,1.6,147.0,9,94,8,4,8.9,2.9,12,0,No,Gaming,0.0,5,Yes,71.9,5,2.36,No,No,Yes,Medium
STU-04985,30,Female,Visual Communication Design,7.5,1.6,218.0,6,113,10,4,13.4,,0,75,Yes,Social Media/Trends,2.3,4,No,85.7,1,1.82,No,No,Yes,High
STU-04986,36,Female,Electrical Engineering,7.0,4.9,314.0,1,113,2,2,1.9,1.3,45,0,No,Social Media/Trends,4.5,9,Yes,68.5,8,2.27,Yes,No,Yes,Low
STU-04987,20,Male,Fine Arts,7.9,2.5,78.0,8,118,2,4,8.9,5.9,50,-5,No,Gaming,2.3,8,Yes,71.7,5,2.32,No,No,Yes,Low
STU-04988,55,Other,Information Systems,7.0,3.6,340.0,9,118,1,3,16.0,4.2,36,112,Yes,News,2.3,5,No,83.8,3,2.12,No,No,No,Medium
STU-04989,60,Female,Visual Communication Design,6.4,0.0,147.0,2,94,1,1,7.2,7.2,2,0,No,Gaming,13.6,9,Yes,79.7,5,2.69,Yes,No,No,Low
STU-04990,41,Female,Electrical Engineering,7.4,4.8,541.0,3,103,10,3,4.5,0.8,0,75,No,Entertainment,6.8,2,No,75.4,3,2.96,No,Yes,No,High
STU-04991,62,Female,Education,6.8,0.2,190.0,5,79,3,3,6.3,8.0,34,150,Yes,News,0.0,10,Yes,71.4,5,2.35,No,Yes,Yes,Low
STU-04992,21,Male,Culinary Arts,6.9,7.3,391.0,7,112,9,3,3.6,5.9,22,0,No,Social Media/Trends,11.4,4,Yes,70.6,2,2.54,Yes,No,Yes,Low
STU-04993,39,female,Law,7.9,0.9,404.0,6,69,4,4,7.2,,70,38,No,News,4.5,7,Yes,78.8,5,2.69,Yes,No,No,Low
STU-04994,29,Male,Nursing,4.4,3.1,262.0,6,63,7,4,13.4,2.1,50,38,No,Gaming,11.4,4,No,81.3,5,1.96,Yes,Yes,No,Low
STU-04995,34,Male,Information Systems,6.7,1.9,360.0,6,115,3,2,6.3,2.1,54,75,Yes,Social Media/Trends,0.0,7,Yes,77.1,4,1.88,No,No,Yes,Low
STU-04996,58,Female,Computer Science,3.7,3.9,158.0,8,78,4,4,14.2,5.5,71,75,No,Education,9.1,3,No,62.7,2,2.74,Yes,No,No,Low
STU-04997,51,Female,Other Program,7.4,6.5,178.0,9,73,1,4,12.5,2.1,58,75,No,Education,2.3,3,No,67.4,5,2.75,No,Yes,Yes,Medium
STU-04998,20,Male,Information Systems,7.9,4.6,178.0,10,87,2,3,1.0,2.5,108,75,No,News,11.4,7,No,83.2,0,2.6,Yes,Yes,Yes,Low
STU-05000,30,Female,Sports Science,4.3,2.8,,8,111,2,10,12.5,5.9,15,150,Yes,Education,,7,Yes,89.2,1,2.32,Yes,Yes,No,Low
STU-05001,63,Other,Fine Arts,6.6,1.2,275.0,1,80,7,2,4.5,7.6,47,75,No,Education,9.1,3,No,91.5,8,2.79,Yes,Yes,No,Low
STU-05003,30,Female,Sports Science,5.5,1.0,311.0,10,93,1,8,15.1,7.2,83,150,Yes,Gaming,13.6,4,Yes,70.8,1,2.52,No,Yes,Yes,Low
STU-05004,28,Female,Medicine,5.4,2.4,552.0,8,102,2,10,14.2,,57,75,Yes,Education,9.1,9,Yes,67.7,5,2.31,No,Yes,No,Low
STU-05005,27,Other,Law,7.0,3.9,406.0,8,107,9,4,16.0,1.7,66,75,Yes,Education,4.5,7,No,67.9,9,2.42,No,Yes,Yes,Medium
STU-05008,61,FEMALE,Education,7.4,2.8,72.0,1,111,6,2,10.7,7.2,11,0,Yes,Social Media/Trends,2.3,7,Yes,67.4,8,1.99,No,Yes,Yes,Low
STU-05010,20,Male,Law,4.0,2.3,387.0,9,92,2,9,8.9,3.8,79,75,,Education,15.9,2,No,83.8,3,3.11,Yes,No,Yes,Low
STU-05011,36 yrs,Female,Visual Communication Design,9.0,1.1,267.0,9,89,6,4,9.8,8.0,38,150,Yes,Entertainment,4.5,8,Yes,,3,2.24,No,Yes,Yes,Medium
STU-05012,21,Other,Sports Science,7.8,1.5,152.0,3,72,3,3,9.8,4.6,36,0,Yes,Entertainment,0.0,7,Yes,76.6,4,2.31,No,Yes,No,Medium
STU-05013,25,Male,Education,7.5,2.0,46.0,8,92,1,5,13.4,4.6,16,0,Yes,News,6.8,2,No,81.3,2,2.62,Yes,No,Yes,High
STU-05019,43,Other,Medicine,6.8,2.9,420.0,10,61,2,4,8.1,6.3,43,75,Yes,Gaming,6.8,7,Yes,82.8,7,2.86,Yes,Yes,No,Medium
STU-05020,58,Other,Sports Science,7.1,2.4,198.0,3,64,9,4,1.9,2.1,12,38,Yes,Education,6.8,6,No,81.7,2,2.64,Yes,No,No,High
STU-05021,51,Female,Fine Arts,8.0,2.5,129.0,8,76,6,4,3.6,0.8,57,112,No,Gaming,9.1,7,Yes,,6,2.29,Yes,Yes,No,Low
STU-05023,49,Female,Nursing,4.7,2.5,549.0,9,113,4,10,13.4,3.4,0,75,No,News,15.9,5,Yes,93.3,3,2.52,No,No,Yes,Medium
STU-05024,56,Male,Information Systems,5.7,3.3,209.0,4,70,1,5,7.2,4.6,40,75,No,Social Media/Trends,0.0,7,No,71.8,3,2.73,No,No,No,Medium
STU-05025,50,Male,Fine Arts,6.5,4.9,242.0,4,73,1,4,6.3,6.3,54,75,Yes,Education,9.1,6,No,87.3,2,3.02,Yes,No,Yes,Medium
STU-05026,25,Male,Nursing,6.8,5.6,147.0,3,87,8,4,5.4,8.0,27,150,Yes,Gaming,2.3,4,No,80.5,5,2.77,No,Yes,Yes,High
STU-05028,21,Other,Biology/Science,7.3,4.7,382.0,4,74,4,5,6.3,3.8,36,38,No,News,13.6,7,No,90.6,3,2.57,Yes,Yes,Yes,High
STU-05029,20 yrs,Female,Visual Communication Design,3.7,1.5,310.0,8,106,1,10,11.6,5.1,35,75,No,Social Media/Trends,20.5,7,Yes,78.6,2,2.71,Yes,No,Yes,Low
STU-05030,33,Male,Medicine,5.8,2.4,452.0,9,89,1,5,8.9,2.1,52,150,Yes,Social Media/Trends,4.5,5,No,81.2,3,2.72,No,Yes,No,Low
STU-05031,29,Other,Other Program,6.3,4.9,91.0,2,107,7,1,8.9,0.4,27,75,Yes,News,2.3,3,No,89.4,5,2.32,Yes,Yes,Yes,High
STU-05032,61,Male,Information Systems,7.7,4.1,303.0,5,90,10,4,16.0,5.1,28,75,Yes,Entertainment,4.5,9,Yes,81.3,5,2.17,No,Yes,No,Medium
STU-05034,42,Male,Nursing,7.7,3.1,276.0,10,96,3,4,8.9,4.2,21,75,Yes,Social Media/Trends,6.8,2,No,91.6,2,2.62,No,No,No,Medium
STU-05035,55,Other,Electrical Engineering,4.9,3.0,549.0,1,85,9,2,2.8,3.8,32,150,Yes,Gaming,2.3,5,No,83.6,4,2.47,No,No,Yes,Medium
STU-05037,61,Female,Sports Science,6.8,1.5,288.0,5,61,10,5,8.9,4.6,64,150,No,Entertainment,0.0,4,No,96.7,8,2.54,Yes,No,Yes,Low
STU-05038,56,Male,Other Program,6.5,5.5,,6,111,7,4,13.4,3.4,62,75,No,Gaming,11.4,8,Yes,90.8,5,2.59,Yes,No,Yes,Low
STU-05039,26,Female,Other Program,5.5,5.0,251.0,6,76,3,4,1.9,2.9,24,112,Yes,Education,2.3,4,No,66.9,5,2.67,No,No,No,High
STU-05040,45,Other,Law,7.1,3.6,420.0,3,71,7,2,1.9,1.7,6,112,No,News,2.3,9,No,55.2,8,1.59,Yes,No,No,Low
STU-05041,34,Female,Fine Arts,7.2,3.5,123.0,3,71,1,1,8.9,0.0,31,112,Yes,Entertainment,2.3,9,Yes,84.1,2,1.83,No,No,No,High
STU-05043,25,Other,Sports Science,6.9,2.3,175.0,3,76,3,2,12.5,5.1,10,0,Yes,,4.5,6,No,77.7,2,2.12,No,Yes,Yes,High
STU-05045,32,Female,Other Program,7.3,3.3,17.0,5,68,5,2,7.2,1.7,4,38,No,Gaming,15.9,6,No,73.7,2,2.96,Yes,No,No,High
STU-05046,36,Female,Other Program,6.5,5.2,75.0,3,64,9,2,13.4,0.0,25,75,Yes,Education,2.3,10,Yes,66.1,8,1.76,Yes,Yes,No,Low
STU-05047,38,Other,Education,7.8,2.6,56.0,9,79,4,4,6.3,2.1,47,75,No,Social Media/Trends,2.3,9,Yes,85.9,5,1.89,No,No,Yes,Low
STU-05048,25,Female,Culinary Arts,6.3,2.3,132.0,4,108,6,2,2.8,4.2,55,75,Yes,Gaming,0.0,9,Yes,80.4,9,2.06,No,No,Yes,Low
STU-05049,58,Other,Biology/Science,6.5,2.5,576.0,5,95,1,6,8.1,3.8,14,38,,Social Media/Trends,4.5,7,Yes,84.6,5,2.45,Yes,Yes,No,Low
STU-05050,32,Female,Information Systems,7.2,5.9,,10,72,5,6,5.4,5.9,53,75,No,Gaming,0.0,7,Yes,71.8,3,2.15,No,No,No,Low
STU-05051,20,MALE,Law,3.8,2.1,370.0,10,113,4,10,10.7,3.8,35,150,Yes,News,13.6,3,No,60.1,1,2.73,Yes,No,No,Low
STU-05052,19,Female,Culinary Arts,7.6,1.3,203.0,10,78,3,4,5.4,3.8,24,38,Yes,Social Media/Trends,2.3,4,Yes,81.7,6,2.22,No,Yes,Yes,Medium
STU-05053,28,Female,Sports Science,7.2,1.9,149.0,6,72,4,5,16.0,4.2,2,38,No,Social Media/Trends,11.4,5,No,88.7,5,2.28,Yes,Yes,No,Medium
STU-05054,29,Female,Law,5.2,2.0,379.0,4,96,2,4,9.8,0.8,35,112,No,Gaming,4.5,4,Yes,62.0,0,2.68,Yes,No,No,Low
STU-05055,33,Male,Visual Communication Design,8.5,1.6,76.0,10,99,6,4,3.6,2.5,45,75,Yes,Education,0.0,8,Yes,71.0,5,2.2,No,Yes,Yes,Medium
STU-05057,33,Male,Medicine,5.7,0.4,306.0,3,109,7,4,11.6,3.8,50,38,No,Gaming,2.3,9,Yes,59.6,7,1.96,No,Yes,Yes,Low
STU-05058,44,Male,Computer Science,6.7,4.3,114.0,10,117,1,4,1.9,5.5,28,75,Yes,News,0.0,2,No,82.4,5,2.82,No,No,Yes,Medium
STU-05060,40,FEMALE,Biology/Science,7.0,0.1,256.0,1,74,1,3,4.5,8.0,60,150,No,,2.3,7,Yes,63.3,0,2.14,No,No,Yes,Low
